Date,price,Open,High,Low,Close,Volume,account_balance,deposit,cash,portfolio_value,shares,rate,invested_amount,signal,rsi_ta,sma05_ta,sma20_ta,sma60_ta,sma120_ta,sma240_ta,Recent_high,ppo_histogram,stock_ticker,rate_vs,shares_vs,Close_vs
2015-01-02,133.75999450683594,128.0,140.9600067138672,128.0,133.75999450683594,4906,2000.0,0,2000.0,0.0,0.0,0.0,2000,Monthly invest,0.0,0.0,0.0,0.0,0.0,0.0,133.75999450683594,0.0,MARA,0.0,0.0,157.63282775878906
2015-01-05,126.72000122070312,134.55999755859375,134.55999755859375,125.5999984741211,126.72000122070312,9675,1990.4959999084474,0,89.69598159790053,1900.8000183105469,15.0,-0.475200004577625,2000,Buy all cash ,0.0,0.0,0.0,0.0,0.0,0.0,133.75999450683594,-0.3372,MARA,-0.4645901641845751,12.0,154.86338806152344
2015-01-06,124.95999908447266,129.1199951171875,129.1199951171875,124.0,124.95999908447266,3569,1964.0959678649904,0,89.69598159790053,1874.3999862670898,15.0,-1.795201606750485,2000,,0.0,0.0,0.0,0.0,0.0,0.0,133.75999450683594,-0.6176,MARA,-1.3782772979736402,12.0,153.340576171875
2015-01-07,134.8800048828125,128.0,135.1999969482422,118.08000183105469,134.8800048828125,9850,2112.8960548400883,0,89.69598159790053,2023.2000732421875,15.0,5.644802742004407,2000,,0.0,0.0,0.0,0.0,0.0,0.0,134.8800048828125,-0.2796,MARA,-0.2286587677001961,12.0,155.25660705566406
2015-01-08,129.44000244140625,134.39999389648438,134.39999389648438,121.91999816894531,129.44000244140625,4913,2031.2960182189943,0,89.69598159790053,1941.6000366210938,15.0,1.564800910949704,2000,,0.0,129.952,0.0,0.0,0.0,0.0,134.8800048828125,-0.3134,MARA,1.407928756713872,12.0,157.9842529296875
2015-01-09,125.76000213623047,128.16000366210938,128.16000366210938,120.0,125.76000213623047,4469,1976.0960136413576,0,89.69598159790053,1886.400032043457,15.0,-1.1951993179321274,2000,,0.0,128.352,0.0,0.0,0.0,0.0,134.8800048828125,-0.4942,MARA,0.6097170867919832,12.0,156.65390014648438
2015-01-12,125.76000213623047,129.75999450683594,130.0800018310547,124.63999938964844,125.76000213623047,4781,1976.0960136413576,0,89.69598159790053,1886.400032043457,15.0,-1.1951993179321274,2000,,0.0,128.16,0.0,0.0,0.0,0.0,134.8800048828125,-0.5788,MARA,-0.0880612335205088,12.0,155.49093627929688
2015-01-13,122.08000183105469,125.44000244140625,127.04000091552734,120.0,122.08000183105469,4600,1920.8960090637208,0,89.69598159790053,1831.2000274658203,15.0,-3.955199546813959,2000,,0.0,127.584,0.0,0.0,0.0,0.0,134.8800048828125,-0.7787,MARA,-0.3340634307861356,12.0,155.0809326171875
2015-01-14,117.12000274658203,120.80000305175781,123.83999633789062,116.4800033569336,117.12000274658203,4625,1846.496022796631,0,89.69598159790053,1756.8000411987305,15.0,-7.675198860168453,2000,,0.0,124.032,0.0,0.0,0.0,0.0,134.8800048828125,-1.1071,MARA,-0.881283279418954,12.0,154.1688995361328
2015-01-15,122.4000015258789,118.4000015258789,124.4800033569336,111.5199966430664,122.4000015258789,8756,1925.6960044860841,0,89.69598159790053,1836.0000228881836,15.0,-3.715199775695799,2000,,0.0,122.624,0.0,0.0,0.0,0.0,134.8800048828125,-0.9851,MARA,-1.7447537384033265,12.0,152.7297821044922
2015-01-16,121.5999984741211,123.04000091552734,129.60000610351562,121.5999984741211,121.5999984741211,5175,1913.695958709717,0,89.69598159790053,1823.9999771118164,15.0,-4.315202064514157,2000,,0.0,121.792,0.0,0.0,0.0,0.0,134.8800048828125,-0.8867,MARA,-0.6101590118408273,12.0,154.6207733154297
2015-01-20,115.5199966430664,120.4800033569336,121.5999984741211,113.91999816894531,115.5199966430664,5513,1822.4959312438966,0,89.69598159790053,1732.799949645996,15.0,-8.875203437805169,2000,,0.0,119.744,0.0,0.0,0.0,0.0,134.8800048828125,-1.0768,MARA,-0.3792630157470777,12.0,155.00559997558594
2015-01-21,112.63999938964844,114.72000122070312,115.68000030517578,111.36000061035156,112.63999938964844,4525,1779.295972442627,0,89.69598159790053,1689.5999908447266,15.0,-11.035201377868642,2000,,0.0,117.856,0.0,0.0,0.0,0.0,134.8800048828125,-1.2788,MARA,0.1077059783935574,12.0,155.8172149658203
2015-01-22,111.83999633789062,113.44000244140625,113.44000244140625,105.76000213623047,111.83999633789062,8306,1767.29592666626,0,89.69598159790053,1677.5999450683594,15.0,-11.635203666687,2000,,29.051992449933564,116.8,0.0,0.0,0.0,0.0,134.8800048828125,-1.3694,MARA,1.5384554901123115,12.0,158.20179748535156
2015-01-23,106.87999725341797,109.5999984741211,110.4000015258789,101.5999984741211,106.87999725341797,5219,1692.89594039917,0,89.69598159790053,1603.1999588012695,15.0,-15.355202980041494,2000,,26.536317871868008,113.696,0.0,0.0,0.0,0.0,134.8800048828125,-1.6045,MARA,1.0163485565185535,12.0,157.3316192626953
2015-01-26,114.08000183105469,105.5999984741211,116.95999908447266,102.55999755859375,114.08000183105469,8881,1800.8960090637208,0,89.69598159790053,1711.2000274658203,15.0,-9.955199546813953,2000,,38.99721840649306,112.192,0.0,0.0,0.0,0.0,134.8800048828125,-1.2654,MARA,1.2021365203857437,12.0,157.64126586914062
2015-01-27,122.23999786376953,115.04000091552734,122.55999755859375,109.91999816894531,122.23999786376953,4219,1923.2959495544435,0,89.69598159790053,1833.599967956543,15.0,-3.835202522277825,2000,,47.86967361637777,113.536,0.0,0.0,0.0,0.0,134.8800048828125,-0.5201,MARA,-0.0378811798095735,12.0,155.57456970214844
2015-01-28,119.04000091552734,124.0,124.0,115.83999633789062,119.04000091552734,4356,1875.2959953308107,0,89.69598159790053,1785.6000137329102,15.0,-6.23520023345947,2000,,36.13445097546586,114.816,0.0,0.0,0.0,0.0,134.8800048828125,-0.1658,MARA,-1.2678280792236318,12.0,153.524658203125
2015-01-29,121.5999984741211,118.87999725341797,121.5999984741211,116.16000366210938,121.5999984741211,3563,1913.695958709717,0,89.69598159790053,1823.9999771118164,15.0,-4.315202064514157,2000,,42.77285741513459,116.768,0.0,0.0,0.0,0.0,134.8800048828125,0.233,MARA,-0.3742276153564483,12.0,155.0139923095703
2015-01-30,118.23999786376953,120.63999938964844,120.63999938964844,116.80000305175781,118.23999786376953,3100,1863.2959495544435,0,89.69598159790053,1773.599967956543,15.0,-6.835202522277828,2000,,43.02670203279791,119.04,121.328,0.0,0.0,0.0,134.8800048828125,0.3222,MARA,-1.51883821105957,12.0,153.10630798339844
2015-02-02,115.5199966430664,118.23999786376953,118.23999786376953,112.0,115.5199966430664,2431,2817.2975313949587,0,44.817611961364946,2772.4799194335938,24.0,-6.090082286834708,3000,Buy all cash Monthly invest,40.96044703079964,119.328,120.416,0.0,0.0,0.0,134.8800048828125,0.2448,MARA,-0.4904007288614842,19.0,154.86338806152344
2015-02-03,114.08000183105469,117.12000274658203,117.12000274658203,112.0,114.08000183105469,3669,2782.7376559066774,0,44.817611961364946,2737.9200439453125,24.0,-7.242078136444086,3000,,42.64705799855154,117.696,119.784,0.0,0.0,0.0,134.8800048828125,0.1336,MARA,0.9403299636840724,19.0,157.1224365234375
2015-02-04,111.19999694824219,114.55999755859375,116.0,109.5999984741211,111.19999694824219,7494,2713.6175387191774,0,44.817611961364946,2668.7999267578125,24.0,-9.546082042694081,3000,,44.34250207103357,116.128,119.096,0.0,0.0,0.0,134.8800048828125,-0.0727,MARA,0.6011947301228782,19.0,156.5869598388672
2015-02-05,108.80000305175781,111.19999694824219,114.23999786376953,108.80000305175781,108.80000305175781,5244,2656.0176852035524,0,44.817611961364946,2611.2000732421875,24.0,-11.466077159881582,3000,,36.2459547924377,113.568,117.792,0.0,0.0,0.0,134.8800048828125,-0.3049,MARA,1.6080087966918954,19.0,158.17666625976562
2015-02-06,114.55999755859375,109.27999877929688,116.80000305175781,108.80000305175781,114.55999755859375,8575,2794.257553367615,0,44.817611961364946,2749.43994140625,24.0,-6.8580815544128315,3000,,43.529409289771905,112.832,117.048,0.0,0.0,0.0,134.8800048828125,-0.0915,MARA,1.3271758702596117,19.0,157.73324584960938
2015-02-09,111.19999694824219,115.19999694824219,115.19999694824219,110.55999755859375,111.19999694824219,2713,2713.6175387191774,0,44.817611961364946,2668.7999267578125,24.0,-9.546082042694081,3000,,45.820432522429435,111.968,116.32,0.0,0.0,0.0,134.8800048828125,-0.1091,MARA,0.871474678039541,19.0,157.0137176513672
2015-02-10,109.12000274658203,112.80000305175781,113.44000244140625,106.4000015258789,109.12000274658203,7125,2663.6976778793337,0,44.817611961364946,2618.8800659179688,24.0,-11.210077404022211,3000,,46.54088257790855,110.976,115.488,0.0,0.0,0.0,134.8800048828125,-0.2022,MARA,1.93125657908122,19.0,158.6870574951172
2015-02-11,103.36000061035156,110.87999725341797,110.87999725341797,102.72000122070312,103.36000061035156,7944,2525.4576266098024,0,44.817611961364946,2480.6400146484375,24.0,-15.81807911300659,3000,,42.40687804359522,109.408,114.552,0.0,0.0,0.0,134.8800048828125,-0.5474,MARA,2.000189175923661,19.0,158.7958984375
2015-02-12,107.36000061035156,103.83999633789062,108.31999969482422,103.83999633789062,107.36000061035156,2944,2621.4576266098024,0,44.817611961364946,2576.6400146484375,24.0,-12.618079113006587,3000,,50.43732098616629,109.12,114.064,0.0,0.0,0.0,134.8800048828125,-0.4841,MARA,2.93278449249268,19.0,160.26841735839844
2015-02-13,106.72000122070312,107.5199966430664,108.31999969482422,104.4800033569336,106.72000122070312,5744,2606.09764125824,0,44.817611961364946,2561.280029296875,24.0,-13.13007862472534,3000,,42.38410167309924,107.552,113.28,0.0,0.0,0.0,134.8800048828125,-0.4257,MARA,3.3779327061971065,19.0,160.97128295898438
2015-02-17,110.23999786376953,108.63999938964844,113.44000244140625,108.0,110.23999786376953,6213,2690.5775606918337,0,44.817611961364946,2645.7599487304688,24.0,-10.314081310272204,3000,,36.26372916194342,107.36,112.712,0.0,0.0,0.0,134.8800048828125,-0.1331,MARA,3.5421706822713173,19.0,161.23060607910156
2015-02-18,109.5999984741211,111.68000030517578,112.63999938964844,108.80000305175781,109.5999984741211,4225,2675.217575340271,0,44.817611961364946,2630.3999633789062,24.0,-10.826080821990958,3000,,38.52139218706572,107.456,112.416,0.0,0.0,0.0,134.8800048828125,0.0545,MARA,3.563373278299964,19.0,161.2640838623047
2015-02-19,109.5999984741211,109.5999984741211,110.72000122070312,105.91999816894531,109.5999984741211,1450,2675.217575340271,0,44.817611961364946,2630.3999633789062,24.0,-10.826080821990958,3000,,34.4398268823106,108.704,112.264,0.0,0.0,0.0,134.8800048828125,0.2029,MARA,3.4944793370564886,19.0,161.15530395507812
2015-02-20,112.63999938964844,110.4000015258789,113.44000244140625,108.0,112.63999938964844,3231,2748.1775973129274,0,44.817611961364946,2703.3599853515625,24.0,-8.394080089569089,3000,,42.677822932126894,109.76,112.304,0.0,0.0,0.0,134.8800048828125,0.4938,MARA,4.114486152648933,19.0,162.13426208496094
2015-02-23,113.27999877929688,112.80000305175781,113.76000213623047,110.23999786376953,113.27999877929688,5844,2763.53758266449,0,44.817611961364946,2718.719970703125,24.0,-7.882080577850337,3000,,46.90265617427436,111.072,112.624,0.0,0.0,0.0,134.8800048828125,0.7197,MARA,4.08796841176351,19.0,162.09239196777344
2015-02-24,112.16000366210938,113.5999984741211,113.76000213623047,110.87999725341797,112.16000366210938,3138,2736.65769985199,0,44.817611961364946,2691.840087890625,24.0,-8.778076671600331,3000,,47.321429711824166,111.456,112.528,0.0,0.0,0.0,134.8800048828125,0.7908,MARA,4.389994270324715,19.0,162.56927490234375
2015-02-25,115.36000061035156,112.16000366210938,115.36000061035156,110.72000122070312,115.36000061035156,4238,2813.4576266098024,0,44.817611961364946,2768.6400146484375,24.0,-6.2180791130065804,3000,,55.752221725223436,112.608,112.184,0.0,0.0,0.0,134.8800048828125,1.0058,MARA,4.278753120422363,19.0,162.3936309814453
2015-02-26,120.80000305175781,116.31999969482422,120.80000305175781,112.95999908447266,120.80000305175781,13263,2944.0176852035524,0,44.817611961364946,2899.2000732421875,24.0,-1.866077159881585,3000,,65.30612959856131,114.848,112.272,0.0,0.0,0.0,134.8800048828125,1.4217,MARA,4.162167833964037,19.0,162.2095489501953
2015-02-27,117.44000244140625,122.4000015258789,124.31999969482422,117.44000244140625,117.44000244140625,8219,2863.377670555115,0,44.817611961364946,2818.56005859375,24.0,-4.554077648162835,3000,,53.91305141052624,115.808,112.064,0.0,0.0,0.0,134.8800048828125,1.4404,MARA,3.8070968297322594,19.0,161.64891052246094
2015-03-02,119.5199966430664,119.04000091552734,122.23999786376953,117.12000274658203,119.5199966430664,10144,3908.516731529236,0,83.87683895111115,3824.639892578125,32.0,-2.287081711769101,4000,Buy all cash Monthly invest,61.71171742013779,117.056,112.128,0.0,0.0,0.0,134.8800048828125,1.5122,MARA,3.2380344562530583,25.0,162.71153259277344
2015-03-03,121.44000244140625,120.31999969482422,124.80000305175781,116.31999969482422,121.44000244140625,5800,3969.956917076111,0,83.87683895111115,3886.080078125,32.0,-0.7510770730972283,4000,,67.42081750618432,118.912,112.424,0.0,0.0,0.0,134.8800048828125,1.5993,MARA,2.804007738113401,25.0,162.01708984375
2015-03-04,120.16000366210938,123.04000091552734,123.04000091552734,117.27999877929688,120.16000366210938,5006,3928.996956138611,0,83.87683895111115,3845.1201171875,32.0,-1.7750760965347223,4000,,77.20208662034015,119.872,112.728,0.0,0.0,0.0,134.8800048828125,1.5109,MARA,2.3804619007110617,25.0,161.33941650390625
2015-03-05,119.83999633789062,120.0,120.4800033569336,113.91999816894531,119.83999633789062,5675,3918.756721763611,0,83.87683895111115,3834.8798828125,32.0,-2.0310819559097193,4000,,72.94117119072983,119.68,113.16,0.0,0.0,0.0,134.8800048828125,1.3676,MARA,2.4902584247589177,25.0,161.5150909423828
2015-03-06,117.91999816894531,119.68000030517578,119.68000030517578,116.0,117.91999816894531,2269,3857.316780357361,0,83.87683895111115,3773.43994140625,32.0,-3.567080491065977,4000,,69.66291894034981,119.776,113.616,0.0,0.0,0.0,134.8800048828125,1.1076,MARA,1.0626175098419344,25.0,159.23086547851562
2015-03-09,111.04000091552734,118.4000015258789,118.4000015258789,108.95999908447266,111.04000091552734,7294,3637.156868247986,0,83.87683895111115,3553.280029296875,32.0,-9.07107829380035,4000,,51.25628634386145,118.08,113.44,0.0,0.0,0.0,134.8800048828125,0.5145,MARA,1.4862301044464177,25.0,159.9086456298828
2015-03-10,105.91999816894531,111.5199966430664,112.0,104.95999908447266,105.91999816894531,4056,3473.316780357361,0,83.87683895111115,3389.43994140625,32.0,-13.167080491065974,4000,,44.933920242157654,114.976,113.176,0.0,0.0,0.0,134.8800048828125,-0.167,MARA,-0.1557777233123669,25.0,157.28143310546875
2015-03-11,107.83999633789062,107.68000030517578,110.72000122070312,104.0,107.83999633789062,5150,3534.756721763611,0,83.87683895111115,3450.8798828125,32.0,-11.631081955909728,4000,,47.69874184812915,112.512,113.112,0.0,0.0,0.0,134.8800048828125,-0.4801,MARA,-0.3858707256317095,25.0,156.9132843017578
2015-03-12,111.83999633789062,108.4800033569336,113.91999816894531,107.04000091552734,111.83999633789062,7856,3662.756721763611,0,83.87683895111115,3578.8798828125,32.0,-8.431081955909725,4000,,48.97958786474639,110.912,113.536,0.0,0.0,0.0,134.8800048828125,-0.4239,MARA,0.8796455554962224,25.0,158.9381103515625
2015-03-13,108.0,110.4000015258789,110.4000015258789,107.19999694824219,108.0,6975,3539.876838951111,0,83.87683895111115,3456.0,32.0,-11.50307902622223,4000,,43.77358544887118,108.928,113.568,0.0,0.0,0.0,134.8800048828125,-0.5783,MARA,0.2730228595733797,25.0,157.96751403808594
2015-03-16,107.68000030517578,107.19999694824219,108.95999908447266,107.19999694824219,107.68000030517578,2406,3529.636848716736,0,83.87683895111115,3445.760009765625,32.0,-11.7590787820816,4000,,44.61538038310199,108.256,113.616,0.0,0.0,0.0,134.8800048828125,-0.6583,MARA,1.6221954517364523,25.0,160.12619018554688
2015-03-17,107.36000061035156,107.83999633789062,111.19999694824219,107.19999694824219,107.36000061035156,2269,3519.396858482361,0,83.87683895111115,3435.52001953125,32.0,-12.01507853794097,4000,,39.669421813289496,108.544,113.472,0.0,0.0,0.0,134.8800048828125,-0.6858,MARA,1.2822582416534445,25.0,159.58229064941406
2015-03-18,105.76000213623047,108.0,108.80000305175781,105.12000274658203,105.76000213623047,4988,3468.196907310486,0,83.87683895111115,3384.320068359375,32.0,-13.295077317237848,4000,,28.4403639623946,108.128,113.28,0.0,0.0,0.0,134.8800048828125,-0.7513,MARA,2.469344347000124,25.0,161.48162841796875
2015-03-19,105.76000213623047,104.95999908447266,106.87999725341797,104.80000305175781,105.76000213623047,5206,3468.196907310486,0,83.87683895111115,3384.320068359375,32.0,-13.295077317237848,4000,,31.472078760920354,106.912,113.088,0.0,0.0,0.0,134.8800048828125,-0.7439,MARA,2.003960817337047,25.0,160.7370147705078
2015-03-20,105.5999984741211,106.4000015258789,107.19999694824219,104.80000305175781,105.5999984741211,5313,3463.076790122986,0,83.87683895111115,3379.199951171875,32.0,-13.423080246925345,4000,,26.486494427965653,106.432,112.736,0.0,0.0,0.0,134.8800048828125,-0.6983,MARA,2.9138614826202502,25.0,162.19285583496094
2015-03-23,111.04000091552734,107.19999694824219,112.16000366210938,106.4000015258789,111.04000091552734,9475,3637.156868247986,0,83.87683895111115,3553.280029296875,32.0,-9.07107829380035,4000,,34.299515906664325,107.104,112.624,0.0,0.0,0.0,134.8800048828125,-0.3016,MARA,2.7319671802520817,25.0,161.90182495117188
2015-03-24,108.16000366210938,111.5199966430664,111.68000030517578,105.5999984741211,108.16000366210938,4625,3544.996956138611,0,83.87683895111115,3461.1201171875,32.0,-11.37507609653472,4000,,32.718894616794344,107.264,112.424,0.0,0.0,0.0,134.8800048828125,-0.1894,MARA,2.143302171707151,25.0,160.9599609375
2015-03-25,100.63999938964844,108.80000305175781,109.76000213623047,99.04000091552734,100.63999938964844,22869,3304.356819419861,0,83.87683895111115,3220.47998046875,32.0,-17.39107951450347,4000,,27.099239280900406,106.24,111.688,0.0,0.0,0.0,134.8800048828125,-0.5353,MARA,0.676865785598757,25.0,158.61366271972656
2015-03-26,99.19999694824219,101.91999816894531,104.0,97.76000213623047,99.19999694824219,5631,3258.276741294861,0,83.87683895111115,3174.39990234375,32.0,-18.543081467628475,4000,,27.413127270959848,104.928,110.608,0.0,0.0,0.0,134.8800048828125,-0.7988,MARA,0.4298641376495382,25.0,158.2184600830078
2015-03-27,96.4800033569336,101.12000274658203,104.0,93.27999877929688,96.4800033569336,9775,3171.236946372986,0,83.87683895111115,3087.360107421875,32.0,-20.719076340675347,4000,,30.47210563928516,103.104,109.56,0.0,0.0,0.0,134.8800048828125,-1.0741,MARA,0.634837358474738,25.0,158.54641723632812
2015-03-30,89.44000244140625,97.44000244140625,97.91999816894531,86.08000183105469,89.44000244140625,24275,2945.956917076111,0,83.87683895111115,2862.080078125,32.0,-26.35107707309723,4000,,28.97959564984346,98.784,108.056,113.8373,0.0,0.0,134.8800048828125,-1.6119,MARA,1.8699981861114656,25.0,160.52267456054688
2015-03-31,92.95999908447266,88.31999969482422,97.27999877929688,85.44000244140625,92.95999908447266,15025,3058.596809654236,0,83.87683895111115,2974.719970703125,32.0,-23.535079758644095,4000,,31.76470720231754,95.744,106.632,113.1573,0.0,0.0,134.8800048828125,-1.6393,MARA,0.9869815998077458,25.0,159.10984802246094
2015-04-01,90.4000015258789,96.16000366210938,96.16000366210938,89.76000213623047,90.4000015258789,5019,3971.704887695313,0,84.50482208251992,3887.200065612793,43.0,-20.565902246093735,5000,Buy all cash Monthly invest,22.764229375771592,93.696,105.144,112.552,0.0,0.0,134.8800048828125,-1.7149,MARA,0.4379269271850727,31.0,158.5968475341797
2015-04-02,90.4000015258789,91.04000091552734,92.95999908447266,89.76000213623047,90.4000015258789,4050,3971.704887695313,0,84.50482208251992,3887.200065612793,43.0,-20.565902246093735,5000,,25.225225031719333,91.936,103.672,111.976,0.0,0.0,134.8800048828125,-1.6527,MARA,0.7299236923217878,31.0,159.06781005859375
2015-04-06,87.04000091552734,87.04000091552734,90.23999786376953,81.5999984741211,87.04000091552734,11956,3827.224861450196,0,84.50482208251992,3742.720039367676,43.0,-23.455502770996084,5000,,23.2365136197364,90.048,102.128,111.1787,0.0,0.0,134.8800048828125,-1.7215,MARA,1.4233840805053743,31.0,160.18629455566406
2015-04-07,85.76000213623047,89.5999984741211,90.23999786376953,82.55999755859375,85.76000213623047,7325,3772.1849139404303,0,84.50482208251992,3687.68009185791,43.0,-24.5563017211914,5000,,22.67206438653544,89.312,100.864,110.4507,0.0,0.0,134.8800048828125,-1.7347,MARA,1.157479234313974,31.0,159.75741577148438
2015-04-08,84.4800033569336,84.16000366210938,87.19999694824219,83.68000030517578,84.4800033569336,6125,3717.1449664306647,0,84.50482208251992,3632.6401443481445,43.0,-25.6571006713867,5000,,22.8571423010645,87.616,99.792,109.7627,0.0,0.0,134.8800048828125,-1.7098,MARA,1.5172506576538236,31.0,160.3376922607422
2015-04-09,83.19999694824219,84.63999938964844,85.76000213623047,83.04000091552734,83.19999694824219,2831,3662.104690856934,0,84.50482208251992,3577.599868774414,43.0,-26.757906182861312,5000,,22.134383254535848,86.176,98.56,109.0533,0.0,0.0,134.8800048828125,-1.6599,MARA,1.9499716049194535,31.0,161.03562927246094
2015-04-10,93.27999877929688,83.19999694824219,95.68000030517578,81.76000213623047,93.27999877929688,18206,4095.544769592286,0,84.50482208251992,4011.0399475097656,43.0,-18.089104608154283,5000,,37.77777845056387,86.752,97.632,108.5733,0.0,0.0,134.8800048828125,-0.806,MARA,2.497447801208508,31.0,161.9186553955078
2015-04-13,93.27999877929688,93.12000274658203,96.31999969482422,89.91999816894531,93.27999877929688,4544,4095.544769592286,0,84.50482208251992,4011.0399475097656,43.0,-18.089104608154283,5000,,30.24910754239312,88.0,96.896,108.176,0.0,0.0,134.8800048828125,-0.1742,MARA,2.043819261169455,31.0,161.18699645996094
2015-04-14,95.19999694824219,94.4000015258789,95.19999694824219,92.16000366210938,95.19999694824219,2488,4178.104690856934,0,84.50482208251992,4093.599868774414,43.0,-16.43790618286132,5000,,35.27271964333275,89.888,96.272,107.7227,0.0,0.0,134.8800048828125,0.4173,MARA,2.226320787048364,31.0,161.48135375976562
2015-04-15,96.16000366210938,94.55999755859375,99.83999633789062,91.68000030517578,96.16000366210938,7569,4219.384979553223,0,84.50482208251992,4134.880157470703,43.0,-15.612300408935532,5000,,44.017100112973715,92.224,95.712,107.2987,0.0,0.0,134.8800048828125,0.8857,MARA,2.68514311370851,31.0,162.2213897705078
2015-04-16,94.08000183105469,95.83999633789062,96.16000366210938,91.83999633789062,94.08000183105469,4931,4129.944900817872,0,84.50482208251992,4045.4400787353516,43.0,-17.401101983642565,5000,,43.277317658881934,94.4,95.128,106.9413,0.0,0.0,134.8800048828125,1.0432,MARA,2.648682542419456,31.0,162.16258239746094
2015-04-17,93.27999877929688,92.4800033569336,95.5199966430664,91.36000061035156,93.27999877929688,1906,4095.544769592286,0,84.50482208251992,4011.0399475097656,43.0,-18.089104608154283,5000,,45.575216290946535,94.4,94.504,106.6187,0.0,0.0,134.8800048828125,1.082,MARA,1.4807238632202235,31.0,160.27877807617188
2015-04-20,95.36000061035156,95.68000030517578,96.16000366210938,91.04000091552734,95.36000061035156,7675,4184.984848327637,0,84.50482208251992,4100.480026245117,43.0,-16.30030303344725,5000,,59.4871728409311,94.816,93.992,106.344,0.0,0.0,134.8800048828125,1.2376,MARA,2.3879620223999254,31.0,161.7420654296875
2015-04-21,91.19999694824219,95.5199966430664,95.5199966430664,88.63999938964844,91.19999694824219,3600,4006.104690856934,0,84.50482208251992,3921.599868774414,43.0,-19.877906182861317,5000,,47.23617921877826,94.016,93.0,106.0827,0.0,0.0,134.8800048828125,1.0313,MARA,2.2888827377319565,31.0,161.58226013183594
2015-04-22,92.4800033569336,90.55999755859375,92.63999938964844,88.63999938964844,92.4800033569336,1063,4061.1449664306647,0,84.50482208251992,3976.6401443481445,43.0,-18.777100671386705,5000,,53.403141230548314,93.28,92.216,105.7227,0.0,0.0,134.8800048828125,0.9756,MARA,2.7841940170288293,31.0,162.3811492919922
2015-04-23,92.31999969482422,92.80000305175781,94.4000015258789,89.91999816894531,92.31999969482422,4238,4054.2648089599616,0,84.50482208251992,3969.7599868774414,43.0,-18.91470382080077,5000,,53.124993791189254,92.928,91.8,105.224,0.0,0.0,134.8800048828125,0.9173,MARA,3.044905076599136,31.0,162.80165100097656
2015-04-24,96.95999908447266,92.80000305175781,98.87999725341797,90.72000122070312,96.95999908447266,6275,4253.784782714844,0,84.50482208251992,4169.279960632324,43.0,-14.92430434570311,5000,,65.49998235704197,93.664,91.688,104.856,0.0,0.0,134.8800048828125,1.1861,MARA,3.2482574325561675,31.0,163.129638671875
2015-04-27,92.4800033569336,96.63999938964844,97.27999877929688,90.08000183105469,92.4800033569336,2700,4061.1449664306647,0,84.50482208251992,3976.6401443481445,43.0,-18.777100671386705,5000,,59.54544883129471,93.088,91.488,104.3707,0.0,0.0,134.8800048828125,1.0223,MARA,2.846793809509296,31.0,162.48211669921875
2015-04-28,92.95999908447266,90.72000122070312,94.55999755859375,90.72000122070312,92.95999908447266,2019,4081.7847827148444,0,84.50482208251992,3997.279960632324,43.0,-18.364304345703108,5000,,62.32556643778499,93.44,91.664,103.9493,0.0,0.0,134.8800048828125,0.9304,MARA,3.159622483825686,31.0,162.98667907714844
2015-04-29,91.68000030517578,90.55999755859375,96.4800033569336,90.4000015258789,91.68000030517578,2375,4026.7448352050787,0,84.50482208251992,3942.2400131225586,43.0,-19.465103295898423,5000,,62.32558026063685,93.28,91.6,103.552,0.0,0.0,134.8800048828125,0.7663,MARA,2.747714524841327,31.0,162.3223114013672
2015-04-30,92.16000366210938,96.0,96.0,88.0,92.16000366210938,3763,4047.3849795532233,0,84.50482208251992,3962.880157470703,43.0,-19.05230040893553,5000,,47.7419469954359,93.248,91.688,103.1867,0.0,0.0,134.8800048828125,0.6838,MARA,1.746609788513198,31.0,160.70762634277344
2015-05-01,91.5199966430664,93.5999984741211,93.5999984741211,89.76000213623047,91.5199966430664,3900,5014.831077919007,0,72.75125919342099,4942.079818725586,54.0,-16.41948203468322,6000,Buy all cash Monthly invest,46.54087974868607,92.16,91.744,102.8587,0.0,0.0,134.8800048828125,0.5786,MARA,2.243358081817637,37.0,162.3896484375
2015-05-04,94.4000015258789,91.83999633789062,95.04000091552734,89.76000213623047,94.4000015258789,4038,5170.351341590882,0,72.75125919342099,5097.600082397461,54.0,-13.827477640151963,6000,,48.48485899364362,92.544,92.112,102.6187,0.0,0.0,134.8800048828125,0.7049,MARA,2.554495471954344,37.0,162.89419555664062
2015-05-05,91.19999694824219,92.80000305175781,95.19999694824219,89.76000213623047,91.19999694824219,4419,4997.551094398499,0,72.75125919342099,4924.799835205078,54.0,-16.70748176002501,6000,,41.340779444130995,92.192,92.384,102.2293,0.0,0.0,134.8800048828125,0.5515,MARA,1.3824467760721992,37.0,160.9935760498047
2015-05-06,93.12000274658203,92.0,94.4000015258789,88.31999969482422,93.12000274658203,5356,5101.231407508851,0,72.75125919342099,5028.48014831543,54.0,-14.979476541519155,6000,,48.3146103535154,92.48,92.816,101.928,0.0,0.0,134.8800048828125,0.5804,MARA,0.9831321500142431,37.0,160.34603881835938
2015-05-07,91.68000030517578,92.80000305175781,93.12000274658203,90.55999755859375,91.68000030517578,2469,5023.471275672913,0,72.75125919342099,4950.720016479492,54.0,-16.275478738784777,6000,,47.25275301094812,92.384,93.24,101.6373,0.0,0.0,134.8800048828125,0.4902,MARA,1.3824467760721992,37.0,160.9935760498047
2015-05-08,92.63999938964844,93.12000274658203,94.08000183105469,91.36000061035156,92.63999938964844,2875,5075.311226234437,0,72.75125919342099,5002.559967041016,54.0,-15.41147956275939,6000,,45.142860256892334,92.608,93.208,101.4587,0.0,0.0,134.8800048828125,0.4938,MARA,2.6841031176249253,37.0,163.1043701171875
2015-05-11,91.04000091552734,92.0,93.27999877929688,89.12000274658203,91.04000091552734,2475,4988.911308631898,0,72.75125919342099,4916.160049438477,54.0,-16.851478189468374,6000,,49.68554270162469,91.936,93.096,101.1867,0.0,0.0,134.8800048828125,0.3788,MARA,2.201833576202405,37.0,162.3223114013672
2015-05-12,86.23999786376953,90.55999755859375,92.31999969482422,84.80000305175781,86.23999786376953,6519,4729.711143836976,0,72.75125919342099,4656.959884643555,54.0,-21.1714809360504,6000,,39.22651802706537,90.944,92.648,100.8453,0.0,0.0,134.8800048828125,-0.0287,MARA,1.9114443244934165,37.0,161.85140991210938
2015-05-13,83.19999694824219,84.4800033569336,86.55999755859375,80.4800033569336,83.19999694824219,4100,4565.551094398499,0,72.75125919342099,4492.799835205078,54.0,-23.907481760025018,6000,,35.67839629457018,88.96,92.0,100.3947,0.0,0.0,134.8800048828125,-0.483,MARA,1.942533598581964,37.0,161.90182495117188
2015-05-14,87.04000091552734,83.19999694824219,88.4800033569336,83.19999694824219,87.04000091552734,2775,4772.911308631898,0,72.75125919342099,4700.160049438477,54.0,-20.451478189468375,6000,,34.02063376033986,88.032,91.648,100.0187,0.0,0.0,134.8800048828125,-0.4578,MARA,2.9849370104471973,37.0,163.5922088623047
2015-05-15,89.76000213623047,86.4000015258789,93.12000274658203,82.08000183105469,89.76000213623047,6225,4919.791374549866,0,72.75125919342099,4847.040115356445,54.0,-18.003477090835563,6000,,45.35519381977971,87.456,91.472,99.688,0.0,0.0,134.8800048828125,-0.2059,MARA,3.0886118354797487,37.0,163.7603302001953
2015-05-18,88.31999969482422,90.72000122070312,93.44000244140625,88.16000366210938,88.31999969482422,5888,4842.031242713929,0,72.75125919342099,4769.279983520508,54.0,-19.299479288101185,6000,,42.328052473217674,86.912,91.12,99.2827,0.0,0.0,134.8800048828125,-0.119,MARA,3.3997774543762294,37.0,164.26492309570312
2015-05-19,88.4800033569336,86.87999725341797,89.91999816894531,85.91999816894531,88.4800033569336,3038,4850.671440467835,0,72.75125919342099,4777.920181274414,54.0,-19.155475992202753,6000,,44.50550746144305,87.36,90.984,98.8693,0.0,0.0,134.8800048828125,-0.0264,MARA,3.3479118131001906,37.0,164.18081665039062
2015-05-20,85.91999816894531,88.0,88.31999969482422,81.12000274658203,85.91999816894531,2538,4712.431160316468,0,72.75125919342099,4639.679901123047,54.0,-21.459480661392206,6000,,40.00000489063083,87.904,90.656,98.432,0.0,0.0,134.8800048828125,-0.1295,MARA,3.2805485827128056,37.0,164.0715789794922
2015-05-21,82.72000122070312,84.0,86.08000183105469,81.76000213623047,82.72000122070312,2625,4539.63132511139,0,72.75125919342099,4466.880065917969,54.0,-24.33947791481017,6000,,36.96684403033223,87.04,90.176,97.888,0.0,0.0,134.8800048828125,-0.3991,MARA,3.5865012906392435,37.0,164.56771850585938
2015-05-22,80.80000305175781,81.76000213623047,84.0,79.04000091552734,80.80000305175781,3000,4435.951423988343,0,72.75125919342099,4363.200164794922,54.0,-26.067476266860957,6000,,29.268311404656487,85.248,89.368,97.2213,0.0,0.0,134.8800048828125,-0.6705,MARA,3.363494088490815,37.0,164.20608520507812
2015-05-26,77.44000244140625,78.4000015258789,80.0,74.55999755859375,77.44000244140625,9256,4254.5113910293585,0,72.75125919342099,4181.7601318359375,54.0,-29.09147681617735,6000,,29.126235840723538,83.072,88.616,96.5547,0.0,0.0,134.8800048828125,-1.0382,MARA,2.274447355906184,37.0,162.4400634765625
2015-05-27,78.4000015258789,77.44000244140625,79.5199966430664,76.0,78.4000015258789,4150,4306.351341590882,0,72.75125919342099,4233.600082397461,54.0,-28.227477640151967,6000,,27.000009059901686,81.056,87.888,95.8693,0.0,0.0,134.8800048828125,-1.1278,MARA,3.197527800242117,37.0,163.93695068359375
2015-05-28,81.27999877929688,79.19999694824219,82.4000015258789,78.4000015258789,81.27999877929688,2206,4461.871193275452,0,72.75125919342099,4389.119934082031,54.0,-25.635480112075793,6000,,34.449763167146884,80.128,87.368,95.2,0.0,0.0,134.8800048828125,-0.8853,MARA,3.104184701283774,37.0,163.78558349609375
2015-05-29,80.31999969482422,81.27999877929688,82.55999755859375,79.68000030517578,80.31999969482422,4581,4410.031242713929,0,72.75125919342099,4337.279983520508,54.0,-26.499479288101192,6000,,31.57895337241267,79.648,86.776,94.536,0.0,0.0,134.8800048828125,-0.7318,MARA,2.445588916778574,37.0,162.71759033203125
2015-06-01,74.55999755859375,80.0,80.0,74.4000015258789,74.55999755859375,4250,5093.771927528382,0,23.692093544007093,5070.079833984375,68.0,-27.2318296067374,7000,Buy all cash Monthly invest,28.08510992309938,78.4,85.928,93.7813,0.0,0.0,134.8800048828125,-1.0117,MARA,2.2263417085920167,43.0,163.09600830078125
2015-06-02,72.0,74.23999786376953,74.23999786376953,68.31999969482422,72.0,16438,4919.692093544007,0,23.692093544007093,4896.0,68.0,-29.71868437794276,7000,,29.864261106473393,77.312,84.808,93.016,0.0,0.0,134.8800048828125,-1.3133,MARA,2.1230484259469278,43.0,162.9278564453125
2015-06-03,74.72000122070312,74.72000122070312,77.12000274658203,72.95999908447266,74.72000122070312,10338,5104.652176551819,0,23.692093544007093,5080.9600830078125,68.0,-27.07639747783116,7000,,37.89955242638202,76.576,83.984,92.4107,0.0,0.0,134.8800048828125,-1.1951,MARA,2.396822491237094,43.0,163.37353515625
2015-06-04,73.12000274658203,75.5199966430664,77.5999984741211,73.12000274658203,73.12000274658203,2313,4995.852280311585,0,23.692093544007093,4972.160186767578,68.0,-28.630681709834505,7000,,28.780492570412562,74.944,82.984,91.864,0.0,0.0,134.8800048828125,-1.1542,MARA,1.5805899734497195,43.0,162.04478454589844
2015-06-05,77.44000244140625,71.36000061035156,78.72000122070312,71.36000061035156,77.44000244140625,8713,5289.612259559632,0,23.692093544007093,5265.920166015625,68.0,-24.434110577719547,7000,,32.09302449368212,74.368,82.272,91.3573,0.0,0.0,134.8800048828125,-0.6836,MARA,1.3791212060110911,43.0,161.71681213378906
2015-06-08,73.91999816894531,76.31999969482422,77.44000244140625,73.91999816894531,73.91999816894531,2288,5050.251969032288,0,23.692093544007093,5026.559875488281,68.0,-27.853543299538742,7000,,30.263157619553837,74.24,81.336,90.7253,0.0,0.0,134.8800048828125,-0.5956,MARA,0.7644043219430019,43.0,160.7161102294922
2015-06-09,79.19999694824219,74.08000183105469,82.55999755859375,72.0,79.19999694824219,32900,5409.291886024475,0,23.692093544007093,5385.599792480469,68.0,-22.72440162822178,7000,,38.846145734278814,75.68,80.744,90.2453,0.0,0.0,134.8800048828125,-0.0368,MARA,0.7385435082571945,43.0,160.67401123046875
2015-06-10,85.5999984741211,79.36000061035156,87.04000091552734,79.36000061035156,85.5999984741211,16900,5844.491989784241,0,23.692093544007093,5820.799896240234,68.0,-16.507257288796563,7000,,49.647887619543006,77.856,80.712,89.8773,0.0,0.0,134.8800048828125,0.8788,MARA,1.911240956987648,43.0,162.5830535888672
2015-06-11,53.7599983215332,85.91999816894531,85.91999816894531,52.79999923706055,53.7599983215332,190775,3679.371979408265,0,23.692093544007093,3655.679885864258,68.0,-47.4375431513105,7000,,30.453561234724035,73.984,79.24,88.984,0.0,0.0,134.8800048828125,-1.1557,MARA,2.221195790972041,43.0,163.08763122558594
2015-06-12,50.880001068115234,50.2400016784668,56.63999938964844,47.36000061035156,50.880001068115234,68013,3483.532166175843,0,23.692093544007093,3459.840072631836,68.0,-50.235254768916526,7000,,30.063963792909306,68.672,77.432,88.0693,0.0,0.0,134.8800048828125,-2.6707,MARA,1.4876072725568568,43.0,161.89341735839844
2015-06-15,52.31999969482422,47.20000076293945,54.720001220703125,46.08000183105469,52.31999969482422,26194,3581.452072792054,0,23.692093544007093,3557.759979248047,68.0,-48.83639896011351,7000,,32.822754086400806,64.352,75.56,87.1787,0.0,0.0,134.8800048828125,-3.3963,MARA,1.0278584322248152,43.0,161.14498901367188
2015-06-16,50.560001373291016,52.31999969482422,53.439998626708984,48.15999984741211,50.560001373291016,10794,3461.772186927796,0,23.692093544007093,3438.080093383789,68.0,-50.54611161531719,7000,,31.16882962736051,58.624,73.672,86.2613,0.0,0.0,134.8800048828125,-3.8555,MARA,1.6064132941109754,43.0,162.08682250976562
2015-06-17,51.20000076293945,50.560001373291016,51.20000076293945,48.79999923706055,51.20000076293945,8775,3505.29214542389,0,23.692093544007093,3481.600051879883,68.0,-49.924397922515865,7000,,29.017857499230587,51.744,71.808,85.264,0.0,0.0,134.8800048828125,-3.8855,MARA,1.7768940767560748,43.0,162.36434936523438
2015-06-18,49.91999816894531,50.720001220703125,50.880001068115234,49.279998779296875,49.91999816894531,7956,3418.2519690322883,0,23.692093544007093,3394.5598754882812,68.0,-51.16782901382445,7000,,28.88888782925075,50.976,70.008,84.2933,0.0,0.0,134.8800048828125,-3.8126,MARA,2.7635886306762725,43.0,163.97059631347656
2015-06-19,49.439998626708984,50.2400016784668,51.52000045776367,47.52000045776367,49.439998626708984,9856,3385.612000160218,0,23.692093544007093,3361.919906616211,68.0,-51.63411428342546,7000,,31.175060020593193,50.688,68.344,83.44,0.0,0.0,134.8800048828125,-3.5899,MARA,2.179859731401712,43.0,163.0203399658203
2015-06-22,50.400001525878906,50.720001220703125,51.84000015258789,48.15999984741211,50.400001525878906,7613,3450.8921973037727,0,23.692093544007093,3427.2001037597656,68.0,-50.701540038517535,7000,,33.415235286323124,50.304,66.824,82.6267,0.0,0.0,134.8800048828125,-3.1184,MARA,2.865972707475928,43.0,164.13726806640625
2015-06-23,48.959999084472656,50.400001525878906,50.400001525878906,47.20000076293945,48.959999084472656,10950,3352.9720312881477,0,23.692093544007093,3329.2799377441406,68.0,-52.100399553026456,7000,,29.82456098418227,49.984,65.4,81.8347,0.0,0.0,134.8800048828125,-2.7537,MARA,2.938615442548476,43.0,164.25552368164062
2015-06-24,46.880001068115234,48.79999923706055,48.79999923706055,46.400001525878906,46.880001068115234,9788,3211.532166175843,0,23.692093544007093,3187.840072631836,68.0,-54.12096905463082,7000,,29.601989857958884,49.12,63.824,81.1253,97.4813,0.0,134.8800048828125,-2.546,MARA,2.217212157113213,43.0,163.08114624023438
2015-06-25,45.599998474121094,46.720001220703125,47.040000915527344,45.279998779296875,45.599998474121094,4113,3124.4919897842415,0,23.692093544007093,3100.7998962402344,68.0,-55.364400145939406,7000,,24.02088720835279,48.256,62.04,80.336,96.7467,0.0,134.8800048828125,-2.363,MARA,1.9058044684273856,43.0,162.57420349121094
2015-06-26,46.720001220703125,46.08000183105469,47.040000915527344,45.7599983215332,46.720001220703125,2294,3200.6521765518196,0,23.692093544007093,3176.9600830078125,68.0,-54.27639747783115,7000,,26.90217842001057,47.712,60.36,79.608,96.08,0.0,134.8800048828125,-1.9226,MARA,1.9058044684273856,43.0,162.57420349121094
2015-06-29,45.7599983215332,45.279998779296875,46.880001068115234,44.15999984741211,45.7599983215332,3006,3135.371979408265,0,23.692093544007093,3111.679885864258,68.0,-55.20897172273907,7000,,19.35484502480287,46.784,58.92,78.864,95.42,0.0,134.8800048828125,-1.5709,MARA,-0.2065431616646851,43.0,159.135498046875
2015-06-30,46.400001525878906,45.119998931884766,47.68000030517578,44.79999923706055,46.400001525878906,4800,3178.8921973037727,0,23.692093544007093,3155.2001037597656,68.0,-54.587254324231814,7000,,9.836077491493157,46.272,57.64,78.1867,94.6827,0.0,134.8800048828125,-1.0974,MARA,0.0477907703944735,43.0,159.54953002929688
2015-07-01,45.439998626708984,47.040000915527344,47.68000030517578,44.31999969482422,45.439998626708984,4406,4108.613600311281,0,19.013723907471558,4089.5998764038086,90.0,-48.64232999610899,8000,Buy all cash Monthly invest,26.785732532020447,45.984,56.176,77.5147,93.9827,0.0,134.8800048828125,-0.757,MARA,0.620879844665545,50.0,160.75770568847656
2015-07-02,47.36000061035156,45.7599983215332,49.439998626708984,44.959999084472656,47.36000061035156,8656,4281.413778839113,0,19.013723907471558,4262.400054931641,90.0,-46.48232776451109,8000,,39.6226512702411,46.336,54.888,76.896,93.3293,0.0,134.8800048828125,-0.1584,MARA,0.5469796218872114,50.0,160.63946533203125
2015-07-06,46.2400016784668,48.0,48.63999938964844,44.79999923706055,46.2400016784668,1075,4180.613874969484,0,19.013723907471558,4161.600151062012,90.0,-47.74232656288145,8000,,31.73079546207417,46.24,53.328,76.28,92.6667,0.0,134.8800048828125,0.2028,MARA,0.2565190353393642,50.0,160.1747283935547
2015-07-07,45.91999816894531,46.560001373291016,46.880001068115234,44.31999969482422,45.91999816894531,4800,4151.81355911255,0,19.013723907471558,4132.799835205078,90.0,-48.10233051109313,8000,,34.73685531402815,46.272,51.928,75.4907,92.032,0.0,134.8800048828125,0.4938,MARA,0.8743378677368296,50.0,161.16323852539062
2015-07-08,47.36000061035156,45.7599983215332,47.84000015258789,44.79999923706055,47.36000061035156,7000,4281.413778839113,0,19.013723907471558,4262.400054931641,90.0,-46.48232776451109,8000,,38.00001955029086,46.464,50.336,74.7253,91.4507,0.0,134.8800048828125,0.9519,MARA,-0.8365729293823176,50.0,158.42578125
2015-07-09,47.20000076293945,47.52000045776367,47.84000015258789,46.560001373291016,47.20000076293945,4788,4267.013792572023,0,19.013723907471558,4248.000068664551,90.0,-46.66232759284972,8000,,40.8602384848498,46.816,48.416,73.9253,90.824,0.0,134.8800048828125,1.2902,MARA,-0.6570342025756792,50.0,158.71304321289062
2015-07-10,47.040000915527344,47.84000015258789,47.84000015258789,45.7599983215332,47.040000915527344,4794,4252.613806304933,0,19.013723907471558,4233.600082397461,90.0,-46.84232742118834,8000,,41.758263351483684,46.752,48.08,73.1067,90.2027,0.0,134.8800048828125,1.5332,MARA,0.6050202407837046,50.0,160.73233032226562
2015-07-13,47.84000015258789,46.720001220703125,48.31999969482422,46.08000183105469,47.84000015258789,8825,4324.613737640382,0,19.013723907471558,4305.60001373291,90.0,-45.94232827949523,8000,,41.11111905838572,47.072,47.928,72.336,89.6387,0.0,134.8800048828125,1.8261,MARA,1.7297932662963866,50.0,162.53196716308594
2015-07-14,48.15999984741211,47.84000015258789,48.63999938964844,46.720001220703125,48.15999984741211,5625,4353.413710174562,0,19.013723907471558,4334.39998626709,90.0,-45.58232862281798,8000,,46.987958728937684,47.52,47.72,71.584,89.1013,0.0,134.8800048828125,2.0711,MARA,2.178640083312988,50.0,163.2501220703125
2015-07-15,53.119998931884766,47.68000030517578,53.439998626708984,47.68000030517578,53.119998931884766,11031,4799.813627777101,0,19.013723907471558,4780.799903869629,90.0,-40.00232965278624,8000,,69.30690147800462,48.672,47.848,70.88,88.612,0.0,134.8800048828125,2.872,MARA,2.136439994812012,50.0,163.18260192871094
2015-07-16,52.31999969482422,54.2400016784668,54.400001525878906,51.20000076293945,52.31999969482422,4363,4727.813696441652,0,19.013723907471558,4708.79997253418,90.0,-40.90232879447936,8000,,71.42855405114122,49.696,47.904,70.232,88.1573,0.0,134.8800048828125,3.2283,MARA,2.9179188766479403,50.0,164.43296813964844
2015-07-17,50.880001068115234,52.79999923706055,52.79999923706055,49.91999816894531,50.880001068115234,3525,4598.213820037843,0,19.013723907471558,4579.200096130371,90.0,-42.52232724952696,8000,,62.99999022484524,50.464,47.952,69.5387,87.6307,0.0,134.8800048828125,3.1992,MARA,3.0393883743286,50.0,164.6273193359375
2015-07-20,48.63999938964844,51.20000076293945,51.20000076293945,48.15999984741211,48.63999938964844,4306,4396.613668975831,0,19.013723907471558,4377.599945068359,90.0,-45.042329137802106,8000,,58.33333149368489,50.624,47.912,68.8107,87.0173,0.0,134.8800048828125,2.8202,MARA,3.086881355285631,50.0,164.70330810546875
2015-07-21,48.31999969482422,48.959999084472656,49.119998931884766,47.68000030517578,48.31999969482422,3650,4367.813696441652,0,19.013723907471558,4348.79997253418,90.0,-45.40232879447935,8000,,55.66036971959287,50.656,47.808,68.0,86.428,0.0,134.8800048828125,2.4772,MARA,2.6803299942016467,50.0,164.05282592773438
2015-07-22,48.31999969482422,47.84000015258789,48.79999923706055,47.52000045776367,48.31999969482422,2938,4367.813696441652,0,19.013723907471558,4348.79997253418,90.0,-45.40232879447935,8000,,59.00000119209261,49.696,47.776,67.264,85.8173,0.0,134.8800048828125,2.21,MARA,2.4796387710571244,50.0,163.73171997070312
2015-07-23,48.0,48.0,48.15999984741211,47.84000015258789,48.0,7031,4339.013723907472,0,19.013723907471558,4320.0,90.0,-45.7623284511566,8000,,52.22221986747107,48.832,47.832,66.5147,85.232,0.0,134.8800048828125,1.9583,MARA,1.8935105361938651,50.0,162.79391479492188
2015-07-24,46.2400016784668,48.15999984741211,49.279998779296875,46.2400016784668,46.2400016784668,9813,4180.613874969484,0,19.013723907471558,4161.600151062012,90.0,-47.74232656288145,8000,,50.0,47.904,47.864,65.7573,84.6547,0.0,134.8800048828125,1.5371,MARA,0.8320996322631835,50.0,161.0956573486328
2015-07-27,46.560001373291016,45.599998474121094,47.20000076293945,44.959999084472656,46.560001373291016,2531,4209.413847503663,0,19.013723907471558,4190.400123596191,90.0,-47.382326906204206,8000,,52.12767063735133,47.488,47.856,64.9973,84.092,0.0,134.8800048828125,1.2959,MARA,0.2618119277954189,50.0,160.18319702148438
2015-07-28,46.400001525878906,45.7599983215332,47.040000915527344,45.599998474121094,46.400001525878906,1113,4195.013861236574,0,19.013723907471558,4176.000137329102,90.0,-47.56232673454283,8000,,46.51162984114662,47.104,47.888,64.2453,83.552,0.0,134.8800048828125,1.1159,MARA,1.476335243225102,50.0,162.12643432617188
2015-07-29,48.47999954223633,46.2400016784668,52.79999923706055,46.2400016784668,48.47999954223633,8700,4382.2136827087415,0,19.013723907471558,4363.1999588012695,90.0,-45.222328966140736,8000,,54.08163066706631,47.136,47.992,63.48,83.0493,0.0,134.8800048828125,1.2781,MARA,2.194499687194829,50.0,163.27549743652344
2015-07-30,48.15999984741211,48.47999954223633,49.279998779296875,47.36000061035156,48.15999984741211,4588,4353.413710174562,0,19.013723907471558,4334.39998626709,90.0,-45.58232862281798,8000,,53.53535183253665,47.168,48.128,62.7627,82.496,0.0,134.8800048828125,1.329,MARA,2.2103211441040216,50.0,163.30081176757812
2015-07-31,48.15999984741211,48.47999954223633,49.439998626708984,47.36000061035156,48.15999984741211,3031,4353.413710174562,0,19.013723907471558,4334.39998626709,90.0,-45.58232862281798,8000,,51.06382924758107,47.552,48.168,62.0133,81.9707,0.0,134.8800048828125,1.3465,MARA,2.036065773010254,50.0,163.02200317382812
2015-08-03,47.20000076293945,48.63999938964844,48.63999938964844,46.880001068115234,47.20000076293945,2463,5262.0577924919135,0,22.85770780563439,5239.200084686279,111.0,-41.5326911945343,9000,Buy all cash Monthly invest,46.93877699970027,47.68,48.216,61.272,81.4547,0.0,134.8800048828125,1.212,MARA,1.474038167317704,56.0,162.51507568359375
2015-08-04,48.0,47.68000030517578,48.63999938964844,47.68000030517578,48.0,1825,5350.857707805634,0,22.85770780563439,5328.0,111.0,-40.546025468826286,9000,,27.77776857952439,48.0,48.32,60.528,80.9933,0.0,134.8800048828125,1.2187,MARA,1.2742673882378377,56.0,162.1940155029297
2015-08-05,47.040000915527344,48.31999969482422,48.31999969482422,46.880001068115234,47.040000915527344,2688,5244.297809429169,0,22.85770780563439,5221.440101623535,111.0,-41.7300243396759,9000,,27.397251326000045,47.712,48.304,59.7947,80.4907,0.0,134.8800048828125,1.0782,MARA,1.626517550998252,56.0,162.7601318359375
2015-08-06,41.599998474121094,47.20000076293945,47.20000076293945,36.959999084472656,41.599998474121094,28150,4640.457538433076,0,22.85770780563439,4617.599830627441,111.0,-48.43936068407694,9000,,20.40814837034783,46.4,48.024,59.0507,79.948,0.0,134.8800048828125,0.2457,MARA,0.8536958279079743,56.0,161.51809692382812
2015-08-07,41.119998931884766,38.2400016784668,41.91999816894531,38.2400016784668,41.119998931884766,6994,4587.177589244843,0,22.85770780563439,4564.319881439209,111.0,-49.03136011950174,9000,,22.988493147381377,44.992,47.728,58.3493,79.372,0.0,134.8800048828125,-0.3288,MARA,0.5908445366753501,56.0,161.0956573486328
2015-08-10,45.91999816894531,41.599998474121094,45.91999816894531,41.599998474121094,45.91999816894531,6825,5119.977504558564,0,22.85770780563439,5097.11979675293,111.0,-43.11136106046041,9000,,43.47825455980867,44.736,47.632,57.664,78.8413,0.0,134.8800048828125,0.0239,MARA,1.863059977213544,56.0,163.14028930664062
2015-08-11,44.15999984741211,45.439998626708984,46.400001525878906,44.0,44.15999984741211,769,4924.617690868378,0,22.85770780563439,4901.759983062744,111.0,-45.282025657018025,9000,,39.68253607832697,43.968,47.432,56.904,78.296,0.0,134.8800048828125,0.044,MARA,0.9325464680989493,56.0,161.6448211669922
2015-08-12,44.79999923706055,42.880001068115234,44.79999923706055,42.08000183105469,44.79999923706055,1250,4995.657623119355,0,22.85770780563439,4972.799915313721,111.0,-44.492693076451616,9000,,42.187495052346875,43.52,47.016,56.1787,77.7307,0.0,134.8800048828125,0.1849,MARA,1.0219358452691063,56.0,161.78848266601562
2015-08-13,46.880001068115234,46.880001068115234,46.880001068115234,43.20000076293945,46.880001068115234,7219,5226.537826366425,0,22.85770780563439,5203.680118560791,111.0,-41.9273574848175,9000,,51.538460409852625,44.576,46.744,55.4853,77.1773,0.0,134.8800048828125,0.5959,MARA,0.9115259602864524,56.0,161.6110382080078
2015-08-14,46.720001220703125,46.560001373291016,47.20000076293945,45.7599983215332,46.720001220703125,7363,5208.777843303681,0,22.85770780563439,5185.920135498047,111.0,-42.124690629959105,9000,,50.387596612681165,45.696,46.536,54.832,76.632,0.0,134.8800048828125,0.843,MARA,1.3005762532552143,56.0,162.23629760742188
2015-08-17,40.47999954223633,46.400001525878906,47.040000915527344,34.08000183105469,40.47999954223633,7181,4516.137656993867,0,22.85770780563439,4493.279949188232,111.0,-49.82069270006815,9000,,38.92215090127228,44.608,46.128,54.128,76.008,0.0,134.8800048828125,0.1237,MARA,1.863059977213544,56.0,163.14028930664062
2015-08-18,37.279998779296875,39.040000915527344,42.560001373291016,37.119998931884766,37.279998779296875,3744,4160.937572307587,0,22.85770780563439,4138.079864501953,111.0,-53.767360307693465,9000,,29.88505621129039,43.232,45.576,53.4027,75.312,0.0,134.8800048828125,-0.768,MARA,1.5528888075086789,56.0,162.6417999267578
2015-08-19,35.52000045776367,37.599998474121094,39.68000030517578,34.2400016784668,35.52000045776367,10319,3965.5777586174017,0,22.85770780563439,3942.7200508117676,111.0,-55.938024904251094,9000,,28.415300688834293,41.376,44.936,52.704,74.6293,0.0,134.8800048828125,-1.5351,MARA,0.7538246799045023,56.0,161.3575897216797
2015-08-20,34.2400016784668,35.040000915527344,36.31999969482422,33.91999816894531,34.2400016784668,3263,3823.4978941154486,0,22.85770780563439,3800.6401863098145,111.0,-57.516690065383905,9000,,27.225132066427662,38.848,44.248,51.968,73.9187,0.0,134.8800048828125,-2.1223,MARA,-1.35427400716146,56.0,157.96957397460938
2015-08-21,34.400001525878906,34.08000183105469,35.20000076293945,32.959999084472656,34.400001525878906,8875,3841.2578771781928,0,22.85770780563439,3818.4001693725586,111.0,-57.319356920242306,9000,,28.49462372482904,36.384,43.656,51.1867,73.1933,0.0,134.8800048828125,-2.3448,MARA,-4.471765326605903,56.0,152.95932006835938
2015-08-24,30.719999313354492,32.79999923706055,33.599998474121094,27.68000030517578,30.719999313354492,10350,3432.777631587983,0,22.85770780563439,3409.9199237823486,111.0,-61.85802631568909,9000,,23.529411764705884,34.432,42.864,50.36,72.448,0.0,134.8800048828125,-2.9309,MARA,-8.351511149088541,56.0,146.72401428222656
2015-08-25,32.959999084472656,31.84000015258789,32.959999084472656,24.15999984741211,32.959999084472656,4681,3681.417606182099,0,22.85770780563439,3658.559898376465,111.0,-59.09535993131001,9000,,29.24528153352621,33.568,42.192,49.6667,71.724,0.0,134.8800048828125,-2.7711,MARA,-9.460727457682294,56.0,144.94134521484375
2015-08-26,32.79999923706055,33.439998626708984,33.439998626708984,31.040000915527344,32.79999923706055,2013,3663.657623119355,0,22.85770780563439,3640.7999153137207,111.0,-59.29269307645162,9000,,34.636872512921215,33.024,41.408,49.0133,71.0147,0.0,134.8800048828125,-2.5147,MARA,-5.880690022786461,56.0,150.69497680664062
2015-08-27,34.560001373291016,32.959999084472656,36.15999984741211,32.79999923706055,34.560001373291016,1588,3859.017860240937,0,22.85770780563439,3836.1601524353027,111.0,-57.12202377510069,9000,,39.037437961768624,33.088,40.728,48.344,70.3773,0.0,134.8800048828125,-1.8732,MARA,-3.5885337185329824,56.0,154.37879943847656
2015-08-28,36.63999938964844,35.36000061035156,37.7599983215332,35.36000061035156,36.63999938964844,3906,4089.8976400566107,0,22.85770780563439,4067.0399322509766,111.0,-54.55669288825988,9000,,32.94117919301485,33.536,40.152,47.736,69.8,0.0,134.8800048828125,-0.9484,MARA,-3.5885337185329824,56.0,154.37879943847656
2015-08-31,36.47999954223633,36.31999969482422,37.599998474121094,36.0,36.47999954223633,2094,4072.1376569938666,0,22.85770780563439,4049.2799491882324,111.0,-54.75402603340148,9000,,35.00000074505799,34.688,39.616,47.0533,69.2053,0.0,134.8800048828125,-0.2671,MARA,-4.434955702039933,56.0,153.0184783935547
2015-09-01,33.599998474121094,36.0,36.47999954223633,31.200000762939453,33.599998474121094,2181,4747.417538661957,0,9.81775381088346,4737.599784851074,141.0,-52.52582461338042,10000,Buy all cash Monthly invest,29.885058967483275,34.816,38.896,46.3813,68.5533,0.0,134.8800048828125,-0.2442,MARA,-6.652410540771491,62.0,148.34625244140625
2015-09-02,33.279998779296875,33.599998474121094,34.560001373291016,32.31999969482422,33.279998779296875,1394,4702.297581691742,0,9.81775381088346,4692.479827880859,141.0,-52.97702418308258,10000,,23.926377810633056,34.912,38.208,45.616,67.9307,0.0,134.8800048828125,-0.2042,MARA,-4.798067889404301,62.0,151.33712768554688
2015-09-03,32.959999084472656,33.91999816894531,33.91999816894531,31.84000015258789,32.959999084472656,1288,4657.1776247215275,0,9.81775381088346,4647.3598709106445,141.0,-53.42822375278473,10000,,23.78048541147338,34.592,37.776,44.7387,67.308,0.0,134.8800048828125,-0.1553,MARA,-4.719498858642579,62.0,151.46385192871094
2015-09-04,34.400001525878906,33.119998931884766,34.400001525878906,32.31999969482422,34.400001525878906,7594,4860.217968959809,0,9.81775381088346,4850.400215148926,141.0,-51.39782031040192,10000,,35.820901763016224,34.144,37.44,44.416,66.7,0.0,134.8800048828125,0.213,MARA,-6.175726885986332,62.0,149.11509704589844
2015-09-08,33.599998474121094,34.560001373291016,35.52000045776367,32.959999084472656,33.599998474121094,1819,4747.417538661957,0,9.81775381088346,4737.599784851074,141.0,-52.52582461338042,10000,,40.33613605322783,33.568,36.824,44.128,66.0987,0.0,134.8800048828125,0.3673,MARA,-3.808003497314461,62.0,152.9340057373047
2015-09-09,33.439998626708984,34.400001525878906,36.63999938964844,32.959999084472656,33.439998626708984,1381,4724.85756017685,0,9.81775381088346,4715.039806365967,141.0,-52.75142439823151,10000,,44.03669413728924,33.536,36.288,43.8133,65.496,0.0,134.8800048828125,0.4914,MARA,-5.086157489013676,62.0,150.87246704101562
2015-09-10,33.119998931884766,33.7599983215332,34.880001068115234,32.63999938964844,33.119998931884766,2019,4679.737603206635,0,9.81775381088346,4669.919849395752,141.0,-53.20262396793365,10000,,46.601934893238294,33.504,35.704,43.5227,64.892,0.0,134.8800048828125,0.5599,MARA,-4.56234187622071,62.0,151.7173309326172
2015-09-11,34.720001220703125,33.279998779296875,35.52000045776367,31.360000610351562,34.720001220703125,3494,4905.337925930024,0,9.81775381088346,4895.520172119141,141.0,-50.946620740699764,10000,,50.892855812397045,33.856,35.096,43.248,64.256,0.0,134.8800048828125,0.9407,MARA,-4.16945888061524,62.0,152.35101318359375
2015-09-14,34.560001373291016,35.20000076293945,35.36000061035156,32.79999923706055,34.560001373291016,475,4882.777947444916,0,9.81775381088346,4872.960193634033,141.0,-51.17222052555084,10000,,63.333333774849,33.888,34.488,42.992,63.6427,0.0,134.8800048828125,1.1776,MARA,-4.525682635498052,62.0,151.77645874023438
2015-09-15,32.959999084472656,35.52000045776367,35.84000015258789,32.31999969482422,32.959999084472656,1725,4657.1776247215275,0,9.81775381088346,4647.3598709106445,141.0,-53.42822375278473,10000,,50.0,33.76,34.112,42.7173,63.0787,0.0,134.8800048828125,1.0439,MARA,-3.2998733093261734,62.0,153.75357055664062
2015-09-16,32.47999954223633,32.79999923706055,36.63999938964844,32.31999969482422,32.47999954223633,538,4589.497689266205,0,9.81775381088346,4579.679935455322,141.0,-54.10502310733795,10000,,48.863638210886506,33.568,33.872,42.4187,62.5227,0.0,134.8800048828125,0.8834,MARA,-2.4669848205566502,62.0,155.09693908691406
2015-09-17,33.439998626708984,33.439998626708984,33.91999816894531,31.360000610351562,33.439998626708984,12794,4724.85756017685,0,9.81775381088346,4715.039806365967,141.0,-52.75142439823151,10000,,45.7831242240628,33.632,33.768,42.16,61.9973,0.0,134.8800048828125,0.9803,MARA,-2.7184246398925804,62.0,154.69139099121094
2015-09-18,34.400001525878906,32.47999954223633,35.20000076293945,32.47999954223633,34.400001525878906,16994,4860.217968959809,0,9.81775381088346,4850.400215148926,141.0,-51.39782031040192,10000,,40.78949102072545,33.568,33.776,41.952,61.5387,0.0,134.8800048828125,1.235,MARA,-4.268992266845705,62.0,152.1904754638672
2015-09-21,35.68000030517578,34.720001220703125,36.0,34.400001525878906,35.68000030517578,594,5040.697796840668,0,9.81775381088346,5030.880043029785,141.0,-49.593022031593314,10000,,46.987956998513475,33.792,33.84,41.7867,61.0613,0.0,134.8800048828125,1.6327,MARA,-3.7828860046386743,62.0,152.97451782226562
2015-09-22,36.0,34.880001068115234,44.79999923706055,34.720001220703125,36.0,8038,5085.817753810883,0,9.81775381088346,5076.0,141.0,-49.141822461891174,10000,,61.19402772627861,34.4,34.104,41.608,60.608,0.0,134.8800048828125,1.9169,MARA,-5.020454669189456,62.0,150.9784393310547
2015-09-23,35.040000915527344,35.36000061035156,37.119998931884766,32.15999984741211,35.040000915527344,4125,4950.4578829002385,0,9.81775381088346,4940.6401290893555,141.0,-50.49542117099761,10000,,57.74648265690785,34.912,34.208,41.4293,60.1467,0.0,134.8800048828125,1.8755,MARA,-5.188983111572265,62.0,150.7066192626953
2015-09-24,35.040000915527344,34.400001525878906,36.0,32.959999084472656,35.040000915527344,1300,4950.4578829002385,0,9.81775381088346,4940.6401290893555,141.0,-50.49542117099761,10000,,59.420290856620014,35.232,34.32,41.24,59.7133,0.0,134.8800048828125,1.804,MARA,-5.47864314575196,62.0,150.2394256591797
2015-09-25,34.400001525878906,35.20000076293945,35.20000076293945,33.91999816894531,34.400001525878906,519,4860.217968959809,0,9.81775381088346,4850.400215148926,141.0,-51.39782031040192,10000,,50.0,35.232,34.312,41.056,59.2853,0.0,134.8800048828125,1.5958,MARA,-5.541829486083993,62.0,150.13751220703125
2015-09-28,32.959999084472656,33.91999816894531,36.47999954223633,30.719999313354492,32.959999084472656,6763,4657.1776247215275,0,9.81775381088346,4647.3598709106445,141.0,-53.42822375278473,10000,,47.05882765429883,34.688,34.128,40.816,58.856,0.0,134.8800048828125,1.1605,MARA,-7.885286822509774,62.0,146.3577423095703
2015-09-29,29.920000076293945,32.63999938964844,33.7599983215332,24.959999084472656,29.920000076293945,3475,4228.537764568329,0,9.81775381088346,4218.720010757446,141.0,-57.7146223543167,10000,,37.20931135170126,33.472,33.8,40.544,58.412,0.0,134.8800048828125,0.2961,MARA,-7.837880511474616,62.0,146.4342041015625
2015-09-30,29.600000381469727,32.31999969482422,32.31999969482422,28.479999542236328,29.600000381469727,1025,4183.417807598114,0,9.81775381088346,4173.600053787231,141.0,-58.16582192401886,10000,,37.20931135170126,32.384,33.6,40.272,57.8813,0.0,134.8800048828125,-0.298,MARA,-6.094754901123056,62.0,149.24569702148438
2015-10-01,28.799999237060547,29.1200008392334,35.20000076293945,28.0,28.799999237060547,1806,5065.721646366121,0,25.72177988052465,5039.999866485596,175.0,-53.94798503303526,11000,Buy all cash Monthly invest,27.16049128344814,31.136,33.376,39.9627,57.344,0.0,134.8800048828125,-0.7848,MARA,-5.353747015519561,69.0,149.66184997558594
2015-10-02,29.440000534057617,27.68000030517578,33.439998626708984,27.68000030517578,29.440000534057617,1788,5177.721873340608,0,25.72177988052465,5152.000093460083,175.0,-52.92980115144902,11000,,30.952383993433273,30.144,33.2,39.6667,56.796,0.0,134.8800048828125,-0.8962,MARA,-3.995093201377165,69.0,151.82781982421875
2015-10-05,30.399999618530273,29.600000381469727,31.200000762939453,27.68000030517578,30.399999618530273,1488,5345.721713123323,0,25.72177988052465,5319.999933242798,175.0,-51.40252988069707,11000,,40.00000298023197,29.632,33.0,39.3893,56.248,0.0,134.8800048828125,-0.6919,MARA,-2.284833191611535,69.0,154.5543212890625
2015-10-06,29.920000076293945,30.8799991607666,31.84000015258789,29.600000381469727,29.920000076293945,1444,5261.721793231965,0,25.72177988052465,5236.00001335144,175.0,-52.16616551607305,11000,,40.00000298023197,29.632,32.816,39.0907,55.7133,0.0,134.8800048828125,-0.5813,MARA,-2.6098595477017428,69.0,154.03616333007812
2015-10-07,30.8799991607666,30.559999465942383,32.63999938964844,30.559999465942383,30.8799991607666,3863,5429.72163301468,0,25.72177988052465,5403.999853134155,175.0,-50.63889424532108,11000,,40.00000298023197,29.888,32.688,38.8027,55.1933,0.0,134.8800048828125,-0.2438,MARA,-1.7999736557006707,69.0,155.32728576660156
2015-10-08,32.0,31.040000915527344,33.279998779296875,30.8799991607666,32.0,3556,5625.721779880525,0,25.72177988052465,5600.0,175.0,-48.85707472835886,11000,,40.74073419976418,30.528,32.632,38.4507,54.6653,0.0,134.8800048828125,0.255,MARA,-0.9421732240156632,69.0,156.69479370117188
2015-10-09,31.68000030517578,32.0,32.0,31.68000030517578,31.68000030517578,700,5569.721833286287,0,25.72177988052465,5544.000053405762,175.0,-49.36616515194285,11000,,33.33333333333333,30.976,32.48,38.1067,54.1693,0.0,134.8800048828125,0.5391,MARA,-0.8889274021495308,69.0,156.77967834472656
2015-10-12,31.68000030517578,31.84000015258789,32.47999954223633,31.200000762939453,31.68000030517578,1313,5569.721833286287,0,25.72177988052465,5544.000053405762,175.0,-49.36616515194285,11000,,31.506851104661834,31.232,32.336,37.7867,53.6627,0.0,134.8800048828125,0.7365,MARA,-0.7716774798306458,69.0,156.9665985107422
2015-10-13,30.719999313354492,31.84000015258789,31.84000015258789,28.799999237060547,30.719999313354492,2600,5401.721659717561,0,25.72177988052465,5375.999879837036,175.0,-50.89343945711309,11000,,31.506845959581526,31.392,32.224,37.488,53.1493,0.0,134.8800048828125,0.6738,MARA,-1.42704233134876,69.0,155.92181396484375
2015-10-14,29.760000228881836,31.040000915527344,31.040000915527344,29.440000534057617,29.760000228881836,1250,5233.721819934846,0,25.72177988052465,5208.000040054321,175.0,-52.42071072786503,11000,,29.113923477603223,31.168,32.088,37.1787,52.5893,0.0,134.8800048828125,0.4467,MARA,-1.885226313504296,69.0,155.19137573242188
2015-10-15,29.600000381469727,30.559999465942383,31.68000030517578,29.600000381469727,29.600000381469727,2644,5205.721846637727,0,25.72177988052465,5180.000066757202,175.0,-52.67525593965703,11000,,30.263156037251633,30.688,31.896,36.8667,52.0653,0.0,134.8800048828125,0.2874,MARA,-0.4253738521229011,69.0,157.5186767578125
2015-10-16,30.719999313354492,30.239999771118164,32.79999923706055,29.600000381469727,30.719999313354492,969,5401.721659717561,0,25.72177988052465,5375.999879837036,175.0,-50.89343945711309,11000,,40.540540105152274,30.496,31.712,36.5787,51.5467,0.0,134.8800048828125,0.4424,MARA,-0.0257765454378833,69.0,158.1557159423828
2015-10-19,30.399999618530273,30.719999313354492,31.68000030517578,29.600000381469727,30.399999618530273,3050,5345.721713123323,0,25.72177988052465,5319.999933242798,175.0,-51.40252988069707,11000,,52.63157674590391,30.24,31.448,36.3147,51.036,0.0,134.8800048828125,0.4917,MARA,0.0914542340365365,69.0,158.3426055908203
2015-10-20,29.280000686645508,30.079999923706055,30.399999618530273,26.239999771118164,29.280000686645508,13756,5149.721900043489,0,25.72177988052465,5124.000120162964,175.0,-53.184346363241005,11000,,48.38709801466506,29.952,31.112,36.0267,50.512,0.0,134.8800048828125,0.3044,MARA,-0.0364103955355465,69.0,158.13876342773438
2015-10-21,28.639999389648438,28.799999237060547,29.920000076293945,27.520000457763672,28.639999389648438,3806,5037.721673069002,0,25.72177988052465,5011.999893188477,175.0,-54.202530244827265,11000,,49.18032850959049,29.728,30.792,35.7307,49.988,0.0,134.8800048828125,0.0732,MARA,-0.6810743970003919,69.0,157.1110382080078
2015-10-22,28.959999084472656,29.280000686645508,30.239999771118164,28.799999237060547,28.959999084472656,1269,5093.72161966324,0,25.72177988052465,5067.999839782715,175.0,-53.693439821243274,11000,,47.457618557215525,29.6,30.488,35.4053,49.4427,0.0,134.8800048828125,0.0265,MARA,1.0238351877386087,69.0,159.82901000976562
2015-10-23,28.479999542236328,29.1200008392334,29.1200008392334,28.15999984741211,28.479999542236328,769,5009.721699771882,0,25.72177988052465,4983.999919891357,175.0,-54.45707545661925,11000,,39.28571048439646,29.152,30.192,35.0773,48.92,0.0,134.8800048828125,-0.0697,MARA,2.116078035528024,69.0,161.5702667236328
2015-10-26,27.520000457763672,28.15999984741211,29.600000381469727,27.520000457763672,27.520000457763672,1700,4841.721859989168,0,25.72177988052465,4816.000080108643,175.0,-55.984346727371204,11000,,37.288133196020354,28.576,29.92,34.7333,48.3733,0.0,134.8800048828125,-0.2971,MARA,1.8763139086636735,69.0,161.1880340576172
2015-10-27,26.559999465942383,27.68000030517578,29.280000686645508,26.079999923706055,26.559999465942383,7900,4673.721686420442,0,25.72177988052465,4647.999906539917,175.0,-57.51162103254144,11000,,27.118642355511255,28.032,29.752,34.3893,47.8307,0.0,134.8800048828125,-0.6005,MARA,1.6791904678344904,69.0,160.873779296875
2015-10-28,28.31999969482422,27.200000762939453,28.31999969482422,27.200000762939453,28.31999969482422,313,4981.721726474763,0,25.72177988052465,4955.999946594238,175.0,-54.71162066841124,11000,,31.7460266400647,27.968,29.688,34.0613,47.2947,0.0,134.8800048828125,-0.3411,MARA,2.851354691245356,69.0,162.74244689941406
2015-10-29,28.0,27.520000457763672,28.959999084472656,26.719999313354492,28.0,2125,4925.721779880525,0,25.72177988052465,4900.0,175.0,-55.22071109199522,11000,,31.7460266400647,27.776,29.648,33.744,46.7693,0.0,134.8800048828125,-0.1903,MARA,2.81402614454791,69.0,162.6829376220703
2015-10-30,27.360000610351562,28.15999984741211,28.479999542236328,26.8799991607666,27.360000610351562,1538,4813.721886692048,0,25.72177988052465,4788.000106811523,175.0,-56.238891939163196,11000,,29.850742816393094,27.552,29.544,33.5067,46.2787,0.0,134.8800048828125,-0.187,MARA,2.297198058388461,69.0,161.8590087890625
2015-11-02,27.200000762939453,26.399999618530273,28.479999542236328,26.239999771118164,27.200000762939453,963,5780.689913253786,0,14.289751510621159,5766.400161743164,212.0,-51.827584056218456,12000,Buy all cash Monthly invest,32.258065136364905,27.488,29.384,33.2747,45.812,0.0,134.8800048828125,-0.1716,MARA,3.1686261425018403,75.0,163.77867126464844
2015-11-03,26.8799991607666,26.399999618530273,28.0,25.760000228881836,26.8799991607666,1469,5712.849573593141,0,14.289751510621159,5698.5598220825195,212.0,-52.39292022005716,12000,,34.48275082459955,27.552,29.232,32.9573,45.3107,0.0,134.8800048828125,-0.185,MARA,3.492455793380733,75.0,164.2967987060547
2015-11-04,27.200000762939453,26.239999771118164,27.200000762939453,26.239999771118164,27.200000762939453,944,5780.689913253786,0,14.289751510621159,5766.400161743164,212.0,-51.827584056218456,12000,,37.288138332876365,27.328,29.048,32.6747,44.7893,0.0,134.8800048828125,-0.0713,MARA,3.200469327926636,75.0,163.82962036132812
2015-11-05,27.360000610351562,26.559999465942383,27.84000015258789,26.399999618530273,27.360000610351562,2169,5814.609880905153,0,14.289751510621159,5800.320129394531,212.0,-51.544917659123726,12000,,30.18869027924883,27.2,28.816,32.384,44.2813,0.0,134.8800048828125,0.0822,MARA,3.073067975997934,75.0,163.6257781982422
2015-11-06,27.200000762939453,26.8799991607666,27.84000015258789,26.399999618530273,27.200000762939453,2831,5780.689913253786,0,14.289751510621159,5766.400161743164,212.0,-51.827584056218456,12000,,30.7692413499349,27.168,28.592,32.056,43.7707,0.0,134.8800048828125,0.1803,MARA,3.0305913219451863,75.0,163.5578155517578
2015-11-09,27.200000762939453,27.200000762939453,27.520000457763672,26.399999618530273,27.200000762939453,3813,5780.689913253786,0,14.289751510621159,5766.400161743164,212.0,-51.827584056218456,12000,,35.555561442431866,27.168,28.368,31.7307,43.2813,0.0,134.8800048828125,0.2746,MARA,2.0750191936492968,75.0,162.02890014648438
2015-11-10,24.479999542236328,27.200000762939453,27.200000762939453,24.479999542236328,24.479999542236328,6625,5204.049654464723,0,14.289751510621159,5189.759902954102,212.0,-56.632919546127304,12000,,27.586213983903463,26.688,28.056,31.464,42.796,0.0,134.8800048828125,-0.2687,MARA,2.266145063400282,75.0,162.33470153808594
2015-11-11,23.68000030517578,25.600000381469727,25.600000381469727,23.520000457763672,23.68000030517578,2613,5034.449816207887,0,14.289751510621159,5020.160064697266,212.0,-58.046251531600944,12000,,22.950831846148915,25.984,27.752,31.2373,42.32,0.0,134.8800048828125,-0.756,MARA,1.8786099681854296,75.0,161.7146453857422
2015-11-12,23.520000457763672,23.68000030517578,24.479999542236328,22.239999771118164,23.520000457763672,3400,5000.52984855652,0,14.289751510621159,4986.240097045898,212.0,-58.32891792869567,12000,,23.728825202857777,25.216,27.448,31.0373,41.8707,0.0,134.8800048828125,-1.0336,MARA,0.5249074230194051,75.0,159.54872131347656
2015-11-13,21.440000534057617,23.200000762939453,23.200000762939453,21.440000534057617,21.440000534057617,2281,4559.569864730836,0,14.289751510621159,4545.280113220215,212.0,-62.00358446057636,12000,,21.212130516791973,24.064,26.984,30.824,41.396,0.0,134.8800048828125,-1.6357,MARA,-0.6270548572540169,75.0,157.70558166503906
2015-11-16,22.399999618530273,21.1200008392334,22.559999465942383,21.1200008392334,22.399999618530273,4831,4763.0896706390395,0,14.289751510621159,4748.799919128418,212.0,-60.307586078008,12000,,30.303033587032346,23.104,26.584,30.624,40.9053,0.0,134.8800048828125,-1.6679,MARA,0.885930372238164,75.0,160.12635803222656
2015-11-17,26.079999923706055,24.0,28.799999237060547,22.399999618530273,26.079999923706055,41725,5543.249735336305,0,14.289751510621159,5528.959983825684,212.0,-53.80625220553079,12000,,41.025642985030835,23.424,26.424,30.5467,40.4533,0.0,134.8800048828125,-0.6295,MARA,0.7638123760223436,75.0,159.93096923828125
2015-11-18,27.200000762939453,25.1200008392334,28.15999984741211,24.639999389648438,27.200000762939453,14750,5780.689913253786,0,14.289751510621159,5766.400161743164,212.0,-51.827584056218456,12000,,46.987955268087276,24.128,26.352,30.4507,40.0587,0.0,134.8800048828125,0.3918,MARA,2.372308088302621,75.0,162.5045623779297
2015-11-19,27.84000015258789,27.520000457763672,28.799999237060547,26.719999313354492,27.84000015258789,5219,5916.369783859254,0,14.289751510621159,5902.080032348633,212.0,-50.696918467839545,12000,,51.80722683914764,24.992,26.296,30.368,39.6907,0.0,134.8800048828125,1.2247,MARA,2.3192456493377644,75.0,162.41966247558594
2015-11-20,23.68000030517578,26.399999618530273,26.8799991607666,22.8799991607666,23.68000030517578,2150,5034.449816207887,0,14.289751510621159,5020.160064697266,212.0,-58.046251531600944,12000,,39.81481501922029,25.44,26.056,30.1867,39.2653,0.0,134.8800048828125,0.7104,MARA,2.6961568126678603,75.0,163.02272033691406
2015-11-23,25.600000381469727,23.520000457763672,26.239999771118164,22.399999618530273,25.600000381469727,2844,5441.4898323822035,0,14.289751510621159,5427.200080871582,212.0,-54.65425139681497,12000,,46.61017291609545,26.08,25.96,30.0027,38.8693,0.0,134.8800048828125,0.8739,MARA,2.579360319137569,75.0,162.83584594726562
2015-11-24,28.31999969482422,25.920000076293945,28.479999542236328,25.920000076293945,28.31999969482422,6969,6018.129686813356,0,14.289751510621159,6003.839935302734,212.0,-49.84891927655537,12000,,52.631576588656586,26.528,26.048,29.8667,38.46,0.0,134.8800048828125,1.652,MARA,2.7439263591766405,75.0,163.09915161132812
2015-11-25,29.920000076293945,28.0,30.559999465942383,27.68000030517578,29.920000076293945,4238,6357.329767684938,0,14.289751510621159,6343.040016174316,212.0,-47.02225193595885,12000,,55.63380181186372,27.072,26.128,29.8053,38.0933,0.0,134.8800048828125,2.4798,MARA,2.7120831737518447,75.0,163.04820251464844
2015-11-27,28.0,30.559999465942383,30.559999465942383,28.0,28.0,4738,5950.2897515106215,0,14.289751510621159,5936.0,212.0,-50.414252070744816,12000,,51.63398540036791,27.104,26.128,29.7173,37.6667,0.0,134.8800048828125,2.4414,MARA,2.8129437694549564,75.0,163.20957946777344
2015-11-30,27.84000015258789,28.0,28.639999389648438,26.8799991607666,27.84000015258789,1738,5916.369783859254,0,14.289751510621159,5902.080032348633,212.0,-50.696918467839545,12000,,51.298700092333014,27.936,26.152,29.632,37.1853,0.0,134.8800048828125,2.2848,MARA,2.398867918014536,75.0,162.54705810546875
2015-12-01,29.280000686645508,28.0,29.280000686645508,27.68000030517578,29.280000686645508,1094,7216.672296962739,0,13.792128047944288,7202.880168914795,246.0,-44.4871361772097,13000,Buy all cash Monthly invest,60.27397562267873,28.672,26.256,29.5467,36.9813,0.0,134.8800048828125,2.4334,MARA,3.0830318703284565,81.0,164.11843872070312
2015-12-02,29.760000228881836,28.959999084472656,31.040000915527344,28.959999084472656,29.760000228881836,3231,7334.752184352876,0,13.792128047944288,7320.960056304932,246.0,-43.57882935113172,13000,,63.1944448468678,28.96,26.4,29.4827,36.8053,0.0,134.8800048828125,2.5288,MARA,2.0033811087975195,81.0,162.3856658935547
2015-12-03,29.440000534057617,29.1200008392334,30.719999313354492,28.15999984741211,29.440000534057617,381,7256.032259426118,0,13.792128047944288,7242.240131378174,246.0,-44.18436723518371,13000,,62.75862148343883,28.864,26.512,29.416,36.6147,0.0,134.8800048828125,2.3952,MARA,0.5638847896869414,81.0,160.0753631591797
2015-12-04,30.079999923706055,30.239999771118164,31.040000915527344,28.639999389648438,30.079999923706055,1300,7413.4721092796335,0,13.792128047944288,7399.679981231689,246.0,-42.97329146707975,13000,,69.85294130537338,29.28,26.648,29.3653,36.444,0.0,134.8800048828125,2.3399,MARA,2.522038264934845,81.0,163.21807861328125
2015-12-07,28.479999542236328,30.719999313354492,31.520000457763672,28.15999984741211,28.479999542236328,5300,7019.872015438081,0,13.792128047944288,7006.079887390137,246.0,-46.000984496630146,13000,,63.571428632249635,29.408,26.712,29.2613,36.2547,0.0,134.8800048828125,1.8255,MARA,1.881638860262358,81.0,162.19027709960938
2015-12-08,26.399999618530273,31.200000762939453,31.200000762939453,26.079999923706055,26.399999618530273,1950,6508.192034206391,0,13.792128047944288,6494.399906158447,246.0,-49.93698435225853,13000,,50.76923006385032,28.832,26.672,29.1253,36.0587,0.0,134.8800048828125,0.9389,MARA,1.2359913711547987,81.0,161.154052734375
2015-12-09,25.760000228881836,26.8799991607666,27.040000915527344,24.479999542236328,25.760000228881836,750,6350.752184352876,0,13.792128047944288,6336.960056304932,246.0,-51.148060120362494,13000,,46.45669121345777,28.032,26.736,29.0053,35.8613,0.0,134.8800048828125,0.185,MARA,0.4844884978074226,81.0,159.94793701171875
2015-12-10,28.31999969482422,27.040000915527344,28.31999969482422,25.1200008392334,28.31999969482422,1088,6980.512052974702,0,13.792128047944288,6966.719924926758,246.0,-46.30375343865614,13000,,51.07913576515733,27.808,26.968,28.936,35.6773,0.0,134.8800048828125,0.2912,MARA,0.7120576083843533,81.0,160.31317138671875
2015-12-11,26.079999923706055,29.440000534057617,29.440000534057617,25.760000228881836,26.079999923706055,1994,6429.4721092796335,0,13.792128047944288,6415.679981231689,246.0,-50.542522236310504,13000,,55.90551151538396,27.008,27.096,28.8133,35.4867,0.0,134.8800048828125,-0.1743,MARA,-1.277869595454284,81.0,157.1194610595703
2015-12-14,25.760000228881836,26.559999465942383,27.360000610351562,24.639999389648438,25.760000228881836,6481,6350.752184352876,0,13.792128047944288,6336.960056304932,246.0,-51.148060120362494,13000,,50.42735007901438,26.464,27.312,28.6693,35.3107,66.396,134.8800048828125,-0.5343,MARA,-0.6903883755023599,81.0,158.0623321533203
2015-12-15,24.0,25.920000076293945,26.079999923706055,23.040000915527344,24.0,1950,5917.792128047944,0,13.792128047944288,5904.0,246.0,-54.478522091938885,13000,,37.837837547579014,25.984,27.392,28.4747,35.1307,65.9387,134.8800048828125,-1.151,MARA,0.3363061717106763,81.0,159.71011352539062
2015-12-16,23.360000610351562,25.440000534057617,25.440000534057617,23.200000762939453,23.360000610351562,1294,5760.352278194428,0,13.792128047944288,5746.560150146484,246.0,-55.68959786004286,13000,,30.47618896242149,25.504,27.256,28.264,34.936,65.508,134.8800048828125,-1.64,MARA,1.733466041564946,81.0,161.9524688720703
2015-12-17,26.399999618530273,23.84000015258789,26.8799991607666,23.520000457763672,26.399999618530273,3413,6508.192034206391,0,13.792128047944288,6494.399906158447,246.0,-49.93698435225853,13000,,45.53571229002264,25.12,27.216,28.12,34.7747,65.0973,134.8800048828125,-1.1231,MARA,0.2621959938636342,81.0,159.59117126464844
2015-12-18,26.239999771118164,26.399999618530273,31.040000915527344,24.639999389648438,26.239999771118164,4513,6468.832071743012,0,13.792128047944288,6455.039943695068,246.0,-50.23975329428452,13000,,45.53571229002264,25.152,27.136,27.9733,34.6067,64.6447,134.8800048828125,-0.7685,MARA,-1.5848159831120423,81.0,156.6268310546875
2015-12-21,25.920000076293945,26.399999618530273,26.559999465942383,24.479999542236328,25.920000076293945,6731,6390.112146816255,0,13.792128047944288,6376.320018768311,246.0,-50.8452911783365,13000,,39.999995458692496,25.184,27.248,27.832,34.444,64.2133,134.8800048828125,-0.5715,MARA,-0.7212874233539224,81.0,158.0127410888672
2015-12-22,25.600000381469727,25.280000686645508,26.559999465942383,24.0,25.600000381469727,944,6311.392221889497,0,13.792128047944288,6297.600093841553,246.0,-51.45082906238849,13000,,37.499997134391315,25.504,27.248,27.7093,34.2627,63.796,134.8800048828125,-0.4828,MARA,0.1677875184279198,81.0,159.4396514892578
2015-12-23,25.920000076293945,26.8799991607666,26.8799991607666,25.920000076293945,25.920000076293945,1938,6390.112146816255,0,13.792128047944288,6376.320018768311,246.0,-50.8452911783365,13000,,39.42307273487962,26.016,27.128,27.6427,34.0933,63.38,134.8800048828125,-0.3099,MARA,1.360348154508162,81.0,161.3536376953125
2015-12-24,26.399999618530273,25.920000076293945,26.559999465942383,25.760000228881836,26.399999618530273,331,6508.192034206391,0,13.792128047944288,6494.399906158447,246.0,-49.93698435225853,13000,,38.83494763585927,26.016,26.952,27.5893,33.9307,62.9813,134.8800048828125,-0.0528,MARA,1.184641907325168,81.0,161.07164001464844
2015-12-28,22.8799991607666,26.399999618530273,26.399999618530273,22.239999771118164,22.8799991607666,4863,5642.271921596528,0,13.792128047944288,5628.479793548584,246.0,-56.597908295411315,13000,,34.78260418868368,25.344,26.696,27.4907,33.7267,62.5887,134.8800048828125,-0.7391,MARA,0.9663710333017272,81.0,160.72132873535156
2015-12-29,24.639999389648438,22.8799991607666,25.440000534057617,22.8799991607666,24.639999389648438,1100,6075.23197790146,0,13.792128047944288,6061.439849853516,246.0,-53.26744632383493,13000,,45.132741682381024,25.088,26.536,27.4107,33.5387,62.1813,134.8800048828125,-0.6855,MARA,2.084365136366628,81.0,162.51564025878906
2015-12-30,25.920000076293945,24.799999237060547,26.399999618530273,24.799999237060547,25.920000076293945,7119,6390.112146816255,0,13.792128047944288,6376.320018768311,246.0,-50.8452911783365,13000,,50.42735007901438,25.152,26.368,27.336,33.3627,61.7827,134.8800048828125,-0.279,MARA,1.3390420725895913,81.0,161.31944274902344
2015-12-31,25.600000381469727,25.280000686645508,26.239999771118164,25.280000686645508,25.600000381469727,1169,6311.392221889497,0,13.792128047944288,6297.600093841553,246.0,-51.45082906238849,13000,,41.74757371446362,25.088,26.16,27.264,33.1773,61.408,134.8800048828125,-0.0697,MARA,0.3434842582115793,81.0,159.7216339111328
2016-01-04,25.440000534057617,26.239999771118164,26.239999771118164,25.440000534057617,25.440000534057617,1925,7267.071459321977,0,16.671307115556033,7250.400152206421,285.0,-48.092346719128734,14000,Buy all cash Monthly invest,47.7777795438416,24.896,25.96,27.1733,32.988,61.0447,134.8800048828125,0.0447,MARA,-1.0100053204127657,87.0,157.48300170898438
2016-01-05,24.959999084472656,25.600000381469727,25.600000381469727,24.959999084472656,24.959999084472656,381,7130.271046190263,0,16.671307115556033,7113.599739074707,285.0,-49.0694925272124,14000,,47.2527432220019,25.312,25.704,27.056,32.7533,60.6827,134.8800048828125,0.0134,MARA,-0.8348113158089698,87.0,157.76492309570312
2016-01-06,26.8799991607666,24.479999542236328,32.959999084472656,24.479999542236328,26.8799991607666,9675,7677.471067934038,0,16.671307115556033,7660.799760818481,285.0,-45.1609209433283,14000,,59.7826063013256,25.76,25.624,26.976,32.5413,60.3493,134.8800048828125,0.4911,MARA,-2.0828522235325275,88.0,155.76553344726562
2016-01-07,26.719999313354492,27.360000610351562,27.360000610351562,25.760000228881836,26.719999313354492,888,7631.871111421587,0,16.671307115556033,7615.19980430603,285.0,-45.48663491841724,14000,,61.79774844455315,25.92,25.64,26.8933,32.34,59.9853,134.8800048828125,0.7421,MARA,-4.46748357118878,88.0,151.9718017578125
2016-01-08,26.079999923706055,26.719999313354492,26.719999313354492,25.920000076293945,26.079999923706055,456,7449.471285371782,0,16.671307115556033,7432.799978256226,285.0,-46.78949081877298,14000,,48.64864995481324,26.016,25.656,26.816,32.152,59.5847,134.8800048828125,0.7189,MARA,-5.482553151266911,88.0,150.35691833496094
2016-01-11,24.959999084472656,26.559999465942383,26.559999465942383,24.479999542236328,24.959999084472656,350,7130.271046190263,0,16.671307115556033,7113.599739074707,285.0,-49.0694925272124,14000,,44.99999776482602,25.92,25.488,26.736,31.9573,59.1927,134.8800048828125,0.405,MARA,-5.471801372528063,88.0,150.3740234375
2016-01-12,24.639999389648438,24.639999389648438,25.440000534057617,24.479999542236328,24.639999389648438,588,7039.071133165361,0,16.671307115556033,7022.399826049805,285.0,-49.72092047739027,14000,,44.99999776482602,25.856,25.416,26.6533,31.76,58.7887,134.8800048828125,0.12,MARA,-4.68769841493878,88.0,151.6214599609375
2016-01-13,24.639999389648438,24.799999237060547,25.280000686645508,20.639999389648438,24.639999389648438,6944,7039.071133165361,0,16.671307115556033,7022.399826049805,285.0,-49.72092047739027,14000,,46.1538426269445,25.408,25.36,26.552,31.5653,58.3987,134.8800048828125,-0.0529,MARA,-7.018599642617351,88.0,147.9132080078125
2016-01-14,24.799999237060547,26.8799991607666,27.68000030517578,21.760000228881836,24.799999237060547,9081,7084.671089677812,0,16.671307115556033,7067.999782562256,285.0,-49.395206502301335,14000,,45.454542639686565,25.024,25.4,26.4587,31.3867,58.0207,134.8800048828125,-0.1057,MARA,-5.5094278024945815,88.0,150.3141632080078
2016-01-15,24.31999969482422,24.15999984741211,25.1200008392334,22.8799991607666,24.31999969482422,800,6947.871220140459,0,16.671307115556033,6931.199913024902,285.0,-50.37234842756815,14000,,41.558442965871,24.672,25.448,26.376,31.2013,57.6467,134.8800048828125,-0.2413,MARA,-7.534215051378512,88.0,147.09291076660156
2016-01-19,25.600000381469727,24.799999237060547,27.040000915527344,22.399999618530273,25.600000381469727,7781,7312.671415834428,0,16.671307115556033,7296.000108718872,285.0,-47.766632744039796,14000,,63.492067096274155,24.8,25.408,26.3253,31.028,57.29,134.8800048828125,0.0236,MARA,-7.432154678889669,88.0,147.25527954101562
2016-01-20,23.84000015258789,25.920000076293945,26.079999923706055,22.399999618530273,23.84000015258789,11319,6811.071350603105,0,16.671307115556033,6794.400043487549,285.0,-51.34949035283496,14000,,46.03175053700937,24.64,25.288,26.24,30.8227,56.936,134.8800048828125,-0.2427,MARA,-8.517077251434312,88.0,145.52926635742188
2016-01-21,24.799999237060547,24.0,25.600000381469727,23.84000015258789,24.799999237060547,1900,7084.671089677812,0,16.671307115556033,7067.999782562256,285.0,-49.395206502301335,14000,,44.262290917170844,24.672,25.232,26.1787,30.628,56.562,134.8800048828125,-0.1394,MARA,-8.07127647018432,88.0,146.23849487304688
2016-01-22,27.84000015258789,25.440000534057617,28.479999542236328,25.440000534057617,27.84000015258789,1831,7951.071350603105,0,16.671307115556033,7934.400043487549,285.0,-43.20663320997782,14000,,58.974357014969165,25.28,25.344,26.184,30.4587,56.2147,134.8800048828125,0.7172,MARA,-6.186128067561548,88.0,149.2375946044922
2016-01-25,25.920000076293945,27.360000610351562,27.84000015258789,25.920000076293945,25.920000076293945,438,7403.871328859331,0,16.671307115556033,7387.200021743774,285.0,-47.11520479386192,14000,,51.685391452453835,25.6,25.344,26.1733,30.2813,55.868,134.8800048828125,0.7448,MARA,-7.5771646189008335,88.0,147.0245819091797
2016-01-26,28.0,28.959999084472656,28.959999084472656,26.719999313354492,28.0,1050,7996.671307115556,0,16.671307115556033,7980.0,285.0,-42.88091923488888,14000,,59.59596239344315,26.08,25.424,26.168,30.1147,55.554,134.8800048828125,1.251,MARA,-6.325776505061553,88.0,149.0154266357422
2016-01-27,28.959999084472656,27.84000015258789,30.559999465942383,27.84000015258789,28.959999084472656,4238,8270.271046190262,0,16.671307115556033,8253.599739074707,285.0,-40.92663538435527,14000,,56.9892474496581,27.104,25.728,26.184,29.964,55.2273,134.8800048828125,1.7384,MARA,-7.389185928889674,88.0,147.32363891601562
2016-01-28,28.799999237060547,30.559999465942383,30.559999465942383,27.360000610351562,28.799999237060547,1206,8224.671089677811,0,16.671307115556033,8207.999782562256,285.0,-41.25234935944421,14000,,56.9892474496581,27.904,25.936,26.208,29.8573,54.9027,134.8800048828125,1.9091,MARA,-6.884331890106187,88.0,148.12681579589844
2016-01-29,28.799999237060547,29.600000381469727,29.600000381469727,28.799999237060547,28.799999237060547,450,8224.671089677811,0,16.671307115556033,8207.999782562256,285.0,-41.25234935944421,14000,,59.55055954028611,28.096,26.08,26.2347,29.7547,54.5633,134.8800048828125,1.9095,MARA,-4.526556011199945,88.0,151.87782287597656
2016-02-01,30.719999313354492,27.84000015258789,30.719999313354492,27.84000015258789,30.719999313354492,2219,9766.95591153145,0,28.71612919807569,9738.239782333374,317.0,-34.88696058979034,15000,Buy all cash Monthly invest,69.14893819391067,29.056,26.336,26.2987,29.628,54.2347,134.8800048828125,2.2472,MARA,-4.335315318298328,94.0,151.74114990234375
2016-02-02,29.920000076293945,28.799999237060547,30.079999923706055,28.799999237060547,29.920000076293945,1181,9513.356153383256,0,28.71612919807569,9484.64002418518,317.0,-36.57762564411162,15000,,67.01031307926348,29.44,26.56,26.344,29.5093,53.9027,134.8800048828125,2.1335,MARA,-6.059518809509267,94.0,148.98976135253906
2016-02-03,32.79999923706055,29.920000076293945,32.79999923706055,29.440000534057617,32.79999923706055,2869,10426.315887346269,0,28.71612919807569,10397.599758148193,317.0,-30.491227417691537,15000,,72.17391538710163,30.208,26.952,26.4347,29.4093,53.57,134.8800048828125,2.5755,MARA,-5.513336965433746,94.0,149.861328125
2016-02-04,35.20000076293945,33.91999816894531,37.119998931884766,33.439998626708984,35.20000076293945,6094,11187.116371049882,0,28.71612919807569,11158.400241851807,317.0,-25.41922419300079,15000,,75.1938028910379,31.488,27.368,26.568,29.312,53.2447,134.8800048828125,3.1897,MARA,-5.395550100199376,94.0,150.04928588867188
2016-02-05,38.560001373291016,34.720001220703125,45.91999816894531,33.7599983215332,38.560001373291016,4381,12252.236564531328,0,28.71612919807569,12223.520435333252,317.0,-18.318422903124485,15000,,80.27211182252834,33.44,27.96,26.7573,29.244,52.938,134.8800048828125,4.0296,MARA,-7.162525197855629,94.0,147.22964477539062
2016-02-08,36.959999084472656,38.880001068115234,38.880001068115234,33.91999816894531,36.959999084472656,1569,11745.035838975908,0,28.71612919807569,11716.319709777832,317.0,-21.69976107349395,15000,,73.82549857680922,34.688,28.504,26.9653,29.2147,52.6113,134.8800048828125,3.9101,MARA,-8.431550059509274,94.0,145.20460510253906
2016-02-09,36.0,38.400001525878906,38.400001525878906,35.52000045776367,36.0,1256,11440.716129198076,0,28.71612919807569,11412.0,317.0,-23.728559138679493,15000,,76.3888875091518,35.904,29.056,27.1707,29.204,52.258,134.8800048828125,3.3587,MARA,-8.404775970967604,94.0,145.24732971191406
2016-02-10,35.040000915527344,33.439998626708984,36.0,32.959999084472656,35.040000915527344,350,11136.396419420244,0,28.71612919807569,11107.680290222168,317.0,-25.757357203865038,15000,,72.2222249816964,36.352,29.576,27.3627,29.2,51.9147,134.8800048828125,2.5785,MARA,-8.46367896575927,94.0,145.15333557128906
2016-02-11,34.560001373291016,35.040000915527344,35.040000915527344,33.439998626708984,34.560001373291016,2250,10984.236564531328,0,28.71612919807569,10955.520435333252,317.0,-26.77175623645781,15000,,66.40625334694057,36.224,30.072,27.5813,29.2027,51.5607,134.8800048828125,1.7945,MARA,-9.630962290954582,94.0,143.2906494140625
2016-02-12,35.040000915527344,35.20000076293945,35.36000061035156,33.599998474121094,35.040000915527344,1213,11136.396419420244,0,28.71612919807569,11107.680290222168,317.0,-25.757357203865038,15000,,73.94958328337061,35.52,30.584,27.792,29.208,51.2007,134.8800048828125,1.2331,MARA,-7.789000621032704,94.0,146.22994995117188
2016-02-16,35.20000076293945,35.20000076293945,38.880001068115234,34.880001068115234,35.20000076293945,963,11187.116371049882,0,28.71612919807569,11158.400241851807,317.0,-25.41922419300079,15000,,71.02804092332613,35.168,31.128,27.944,29.2453,50.8467,134.8800048828125,0.7757,MARA,-6.252244436136878,94.0,148.68222045898438
2016-02-17,38.2400016784668,36.31999969482422,38.2400016784668,36.31999969482422,38.2400016784668,725,12150.79666127205,0,28.71612919807569,12122.080532073975,317.0,-18.994688924852998,15000,,74.16667246156246,35.616,31.76,28.128,29.2893,50.5067,134.8800048828125,0.943,MARA,-4.726226573181148,94.0,151.1173553466797
2016-02-18,38.2400016784668,38.720001220703125,38.880001068115234,36.31999969482422,38.2400016784668,794,12150.79666127205,0,28.71612919807569,12122.080532073975,317.0,-18.994688924852998,15000,,74.7899211856335,36.256,32.48,28.3013,29.3347,50.1747,134.8800048828125,0.9072,MARA,-5.127828339131668,94.0,150.47650146484375
2016-02-19,38.2400016784668,36.31999969482422,38.880001068115234,36.31999969482422,38.2400016784668,363,12150.79666127205,0,28.71612919807569,12122.080532073975,317.0,-18.994688924852998,15000,,74.7899211856335,36.992,33.152,28.544,29.3653,49.8713,134.8800048828125,0.7494,MARA,-5.149209361267082,94.0,150.4423828125
2016-02-22,38.560001373291016,35.52000045776367,38.880001068115234,35.52000045776367,38.560001373291016,406,12252.236564531328,0,28.71612919807569,12223.520435333252,317.0,-18.318422903124485,15000,,72.47706943765917,37.696,33.688,28.76,29.3813,49.5907,134.8800048828125,0.5823,MARA,-3.799900482686358,94.0,152.5955352783203
2016-02-23,36.959999084472656,37.91999816894531,37.91999816894531,36.15999984741211,36.959999084472656,450,11745.035838975908,0,28.71612919807569,11716.319709777832,317.0,-21.69976107349395,15000,,69.29823910137128,38.048,34.24,28.904,29.3853,49.2953,134.8800048828125,0.08,MARA,-4.999303151957191,94.0,150.6815948486328
2016-02-24,36.959999084472656,36.79999923706055,38.2400016784668,33.439998626708984,36.959999084472656,4000,11745.035838975908,0,28.71612919807569,11716.319709777832,317.0,-21.69976107349395,15000,,63.54166226875577,37.792,34.688,29.0213,29.4133,48.9833,134.8800048828125,-0.3156,MARA,-4.554862844340002,94.0,151.39080810546875
2016-02-25,37.279998779296875,37.91999816894531,38.08000183105469,36.63999938964844,37.279998779296875,531,11846.475742235185,0,28.71612919807569,11817.75961303711,317.0,-21.02349505176543,15000,,57.831316302973086,37.6,35.104,29.176,29.4467,48.6887,134.8800048828125,-0.5663,MARA,-3.414372732035309,94.0,153.2107391357422
2016-02-26,36.63999938964844,34.400001525878906,37.279998779296875,34.400001525878906,36.63999938964844,1088,11643.59593571663,0,28.71612919807569,11614.879806518555,317.0,-22.37602709522246,15000,,40.909082699085815,37.28,35.496,29.3227,29.4773,48.3927,134.8800048828125,-0.8803,MARA,-3.591043467712396,94.0,152.92881774902344
2016-02-29,35.20000076293945,36.47999954223633,37.279998779296875,35.20000076293945,35.20000076293945,2475,11187.116371049882,0,28.71612919807569,11158.400241851807,317.0,-25.41922419300079,15000,,41.53846774581052,36.608,35.816,29.4213,29.484,48.092,134.8800048828125,-1.3544,MARA,-4.447776052347807,94.0,151.5616912841797
2016-03-01,36.959999084472656,36.0,37.279998779296875,36.0,36.959999084472656,2244,12740.046239099504,0,25.8065540409101,12714.239685058594,344.0,-20.3747110056281,16000,Buy all cash Monthly invest,54.285711366302316,36.608,36.128,29.5413,29.512,47.8053,134.8800048828125,-1.3366,MARA,-2.005222637653348,100.0,155.29562377929688
2016-03-02,36.15999984741211,36.959999084472656,36.959999084472656,35.68000030517578,36.15999984741211,663,12464.846501550675,0,25.8065540409101,12439.039947509766,344.0,-22.094709365308272,16000,,55.07246026269588,36.448,36.44,29.6533,29.5347,47.5153,134.8800048828125,-1.4611,MARA,-1.594055492877955,100.0,155.9534912109375
2016-03-03,34.560001373291016,36.47999954223633,36.47999954223633,30.719999313354492,34.560001373291016,16363,11914.44702645302,0,25.8065540409101,11888.64047241211,344.0,-25.534706084668635,16000,,50.0,35.904,36.528,29.728,29.5467,47.2193,134.8800048828125,-1.8057,MARA,-1.236227352619168,100.0,156.52601623535156
2016-03-04,31.520000457763672,33.7599983215332,33.7599983215332,27.360000610351562,31.520000457763672,13850,10868.686711511613,0,25.8065540409101,10842.880157470703,344.0,-32.07070805305242,16000,,38.04347459895785,34.88,36.344,29.7787,29.52,46.888,134.8800048828125,-2.5293,MARA,-0.9211428952217048,100.0,157.0301513671875
2016-03-07,31.200000762939453,33.599998474121094,34.720001220703125,27.68000030517578,31.200000762939453,9463,10758.606816492082,0,25.8065540409101,10732.800262451172,344.0,-32.75870739692449,16000,,36.55913730400323,34.08,35.976,29.8587,29.492,46.5673,134.8800048828125,-2.9686,MARA,-0.8143313717842049,100.0,157.2010498046875
2016-03-08,31.68000030517578,31.520000457763672,33.599998474121094,29.1200008392334,31.68000030517578,4694,10923.726659021379,0,25.8065540409101,10897.920104980469,344.0,-31.726708381116385,16000,,23.3766089001995,33.024,35.712,29.9573,29.4813,46.28,134.8800048828125,-3.0512,MARA,-1.9197638821601748,100.0,155.43235778808594
2016-03-09,31.360000610351562,31.360000610351562,33.91999816894531,30.719999313354492,31.360000610351562,1994,10813.646764001847,0,25.8065540409101,10787.840209960938,344.0,-32.41470772498845,16000,,22.7847963738634,32.064,35.48,30.008,29.472,45.9973,134.8800048828125,-3.0453,MARA,-1.385753948688495,100.0,156.28677368164062
2016-03-10,32.63999938964844,33.119998931884766,33.439998626708984,31.360000610351562,32.63999938964844,813,11253.966344079972,0,25.8065540409101,11228.159790039062,344.0,-29.662710349500177,16000,,29.885041091595795,31.68,35.36,30.1173,29.4653,45.7313,134.8800048828125,-2.6736,MARA,-1.3323767971992415,100.0,156.37217712402344
2016-03-11,32.0,32.15999984741211,32.959999084472656,31.84000015258789,32.0,3294,11033.80655404091,0,25.8065540409101,11008.0,344.0,-31.038709037244317,16000,,26.966277687038783,31.776,35.232,30.2213,29.4453,45.492,134.8800048828125,-2.4476,MARA,0.25371710538864,100.0,158.90992736816406
2016-03-14,32.47999954223633,31.520000457763672,32.47999954223633,30.8799991607666,32.47999954223633,2050,11198.926396570207,0,25.8065540409101,11173.119842529297,344.0,-30.006710021436213,16000,,32.926819694667,32.032,35.104,30.3627,29.4187,45.24,134.8800048828125,-2.1057,MARA,0.1041714358329892,100.0,158.670654296875
2016-03-15,29.760000228881836,31.360000610351562,32.63999938964844,29.760000228881836,29.760000228881836,1850,10263.246632776261,0,25.8065540409101,10237.440078735352,344.0,-35.85470854514836,16000,,27.272717420714045,31.648,34.832,30.4693,29.3667,44.9873,134.8800048828125,-2.3224,MARA,-0.023983318805687,100.0,158.46560668945312
2016-03-16,32.31999969482422,30.8799991607666,32.31999969482422,30.719999313354492,32.31999969482422,2013,11143.886449060441,0,25.8065540409101,11118.079895019531,344.0,-30.350709693372245,16000,,36.283181079429085,31.84,34.536,30.568,29.344,44.7453,134.8800048828125,-1.8514,MARA,0.5687729525566176,100.0,159.4140167236328
2016-03-17,32.31999969482422,32.15999984741211,34.560001373291016,32.0,32.31999969482422,650,11143.886449060441,0,25.8065540409101,11118.079895019531,344.0,-30.350709693372245,16000,,37.61467338059565,31.776,34.24,30.6693,29.3213,44.5173,134.8800048828125,-1.4635,MARA,1.1989514040946947,100.0,160.42230224609375
2016-03-18,31.84000015258789,33.439998626708984,33.599998474121094,30.719999313354492,31.84000015258789,875,10978.766606531144,0,25.8065540409101,10952.960052490234,344.0,-31.382708709180353,16000,,39.80581838837757,31.744,33.92,30.768,29.3,44.2927,134.8800048828125,-1.2389,MARA,1.5727631258964705,100.0,161.02040100097656
2016-03-21,32.15999984741211,32.47999954223633,32.47999954223633,31.84000015258789,32.15999984741211,1044,11088.846501550675,0,25.8065540409101,11063.039947509766,344.0,-30.69470936530828,16000,,34.04254860443906,31.68,33.6,30.8773,29.2933,44.0747,134.8800048828125,-0.9689,MARA,1.7263142275810273,100.0,161.26608276367188
2016-03-22,32.79999923706055,30.559999465942383,34.560001373291016,30.559999465942383,32.79999923706055,2281,11309.006291589738,0,25.8065540409101,11283.199737548828,344.0,-29.31871067756414,16000,,38.709670390014516,32.288,33.392,30.992,29.3173,43.8647,134.8800048828125,-0.6192,MARA,1.672641437053679,100.0,161.18020629882812
2016-03-23,35.040000915527344,32.0,36.79999923706055,32.0,35.040000915527344,6169,12079.566868982316,0,25.8065540409101,12053.760314941406,344.0,-24.50270706886053,16000,,51.546390612303284,32.832,33.296,31.136,29.3627,43.622,134.8800048828125,0.0748,MARA,1.0283199954032929,100.0,160.1492919921875
2016-03-24,33.439998626708984,34.560001373291016,34.880001068115234,32.47999954223633,33.439998626708984,2344,11529.1660816288,0,25.8065540409101,11503.35952758789,344.0,-27.94271198982,16000,,56.81817627642687,33.056,33.104,31.312,29.4013,43.3727,134.8800048828125,0.1989,MARA,0.9585587191581756,100.0,160.0376739501953
2016-03-28,32.959999084472656,32.0,33.119998931884766,32.0,32.959999084472656,888,11364.046239099504,0,25.8065540409101,11338.239685058594,344.0,-28.974711005628105,16000,,56.17977031447147,33.28,32.92,31.4507,29.4307,43.1133,134.8800048828125,0.1782,MARA,1.0283199954032929,100.0,160.1492919921875
2016-03-29,32.79999923706055,32.47999954223633,33.599998474121094,32.47999954223633,32.79999923706055,1025,11309.006291589738,0,25.8065540409101,11283.199737548828,344.0,-29.31871067756414,16000,,54.02298519831496,33.408,32.8,31.5653,29.4507,42.8493,134.8800048828125,0.1295,MARA,1.989413897991188,100.0,161.68704223632812
2016-03-30,32.79999923706055,32.15999984741211,33.599998474121094,32.15999984741211,32.79999923706055,969,11309.006291589738,0,25.8065540409101,11283.199737548828,344.0,-29.31871067756414,16000,,55.2941131921783,33.408,32.592,31.6853,29.4747,42.594,134.8800048828125,0.0964,MARA,2.413531939983371,100.0,162.36563110351562
2016-03-31,31.84000015258789,33.279998779296875,33.599998474121094,31.68000030517578,31.84000015258789,1344,10978.766606531144,0,25.8065540409101,10952.960052490234,344.0,-31.382708709180353,16000,,46.987954402873434,32.768,32.376,31.792,29.4827,42.338,134.8800048828125,-0.112,MARA,2.171918551921848,100.0,161.9790496826172
2016-04-01,31.520000457763672,31.68000030517578,34.2400016784668,31.360000610351562,31.520000457763672,1656,11863.643511438371,0,12.123339319230581,11851.52017211914,376.0,-30.21386169742134,17000,Buy all cash Monthly invest,48.14814978339229,32.384,32.224,31.9013,29.4787,42.072,134.8800048828125,-0.296,MARA,2.622033635307752,107.0,163.01849365234375
2016-04-04,31.360000610351562,31.040000915527344,32.47999954223633,30.559999465942383,31.360000610351562,2113,11803.483568811418,0,12.123339319230581,11791.360229492188,376.0,-30.567743712874005,17000,,45.56962426437302,32.064,32.216,31.976,29.476,41.8227,134.8800048828125,-0.4236,MARA,2.297627650990197,107.0,162.50308227539062
2016-04-05,30.559999465942383,30.399999618530273,31.68000030517578,30.399999618530273,30.559999465942383,638,11502.683138513567,0,12.123339319230581,11490.559799194336,376.0,-32.33715800874373,17000,,53.73133930020241,31.616,32.184,32.04,29.4667,41.5647,134.8800048828125,-0.6354,MARA,1.2595150554881362,107.0,160.85374450683594
2016-04-06,30.399999618530273,31.040000915527344,31.200000762939453,28.799999237060547,30.399999618530273,656,11442.523195886613,0,12.123339319230581,11430.399856567383,376.0,-32.6910400241964,17000,,38.46154022498916,31.136,32.12,32.112,29.464,41.3067,134.8800048828125,-0.7624,MARA,2.3625126894782467,107.0,162.60617065429688
2016-04-07,30.8799991607666,31.360000610351562,32.79999923706055,30.719999313354492,30.8799991607666,75,11623.003023767473,0,12.123339319230581,11610.879684448242,376.0,-31.629393977838394,17000,,41.818179847780584,30.944,32.096,32.2107,29.4733,41.0313,134.8800048828125,-0.6992,MARA,1.156790015276732,107.0,160.69053649902344
2016-04-08,30.399999618530273,30.559999465942383,32.15999984741211,30.079999923706055,30.399999618530273,931,11442.523195886613,0,12.123339319230581,11430.399856567383,376.0,-32.6910400241964,17000,,41.818179847780584,30.72,31.984,32.3067,29.48,40.7727,134.8800048828125,-0.7104,MARA,1.4325418247896016,107.0,161.12864685058594
2016-04-11,30.559999465942383,30.8799991607666,31.040000915527344,28.959999084472656,30.559999465942383,1513,11502.683138513567,0,12.123339319230581,11490.559799194336,376.0,-32.33715800874373,17000,,40.74073992311885,30.56,31.912,32.4053,29.4787,40.5127,134.8800048828125,-0.6372,MARA,1.16758498023537,107.0,160.7076873779297
2016-04-12,31.520000457763672,30.8799991607666,31.520000457763672,30.399999618530273,31.520000457763672,538,11863.643511438371,0,12.123339319230581,11851.52017211914,376.0,-30.21386169742134,17000,,42.85715198029982,30.752,31.864,32.5173,29.488,40.262,134.8800048828125,-0.3501,MARA,2.1516459184534487,107.0,162.27114868164062
2016-04-13,30.719999313354492,30.8799991607666,31.360000610351562,30.719999313354492,30.719999313354492,163,11562.84308114052,0,12.123339319230581,11550.719741821289,376.0,-31.98327599329106,17000,,21.27659412572315,30.816,31.912,32.624,29.5,40.006,134.8800048828125,-0.2998,MARA,3.173546858394838,107.0,163.8947296142578
2016-04-14,30.399999618530273,30.719999313354492,31.360000610351562,30.399999618530273,30.399999618530273,688,11442.523195886613,0,12.123339319230581,11430.399856567383,376.0,-32.6910400241964,17000,,25.641032694830017,30.72,31.816,32.704,29.5147,39.7513,134.8800048828125,-0.3034,MARA,3.1627422893748536,107.0,163.8775634765625
2016-04-15,29.600000381469727,30.399999618530273,30.719999313354492,29.600000381469727,29.600000381469727,800,11141.723482751848,0,12.123339319230581,11129.600143432617,376.0,-34.46045010145971,17000,,24.390251703166527,30.56,31.68,32.8,29.52,39.4813,134.8800048828125,-0.4394,MARA,3.049174263898058,107.0,163.69712829589844
2016-04-18,30.399999618530273,30.239999771118164,32.63999938964844,30.079999923706055,30.399999618530273,2556,11442.523195886613,0,12.123339319230581,11430.399856567383,376.0,-32.6910400241964,17000,,33.33333333333333,30.528,31.608,32.8933,29.536,39.228,134.8800048828125,-0.3219,MARA,3.7953233943266,107.0,164.88259887695312
2016-04-19,29.920000076293945,31.360000610351562,41.91999816894531,26.399999618530273,29.920000076293945,79919,11262.043368005754,0,12.123339319230581,11249.920028686523,376.0,-33.75268607055438,17000,,31.250001552204623,30.208,31.496,32.928,29.556,38.9647,134.8800048828125,-0.3138,MARA,4.108934413685517,107.0,165.380859375
2016-04-20,28.15999984741211,29.1200008392334,29.1200008392334,26.079999923706055,28.15999984741211,7556,10600.283281946184,0,12.123339319230581,10588.159942626953,376.0,-37.64539245914009,17000,,28.301883821769053,29.696,31.264,32.9653,29.5693,38.7,134.8800048828125,-0.6432,MARA,4.195447798336249,107.0,165.518310546875
2016-04-21,31.040000915527344,29.1200008392334,31.68000030517578,28.479999542236328,31.040000915527344,11263,11683.163683557512,0,12.123339319230581,11671.040344238281,376.0,-31.27550774377934,17000,,47.826089210005286,29.824,31.064,33.016,29.592,38.4433,134.8800048828125,-0.196,MARA,3.6168991425458152,107.0,164.59912109375
2016-04-22,29.920000076293945,28.31999969482422,31.200000762939453,28.31999969482422,29.920000076293945,3119,11262.043368005754,0,12.123339319230581,11249.920028686523,376.0,-33.75268607055438,17000,,43.99999872843445,29.888,30.888,33.032,29.608,38.1887,134.8800048828125,-0.1194,MARA,3.6439249711878174,107.0,164.64205932617188
2016-04-25,28.15999984741211,30.079999923706055,30.079999923706055,27.200000762939453,28.15999984741211,2625,10600.283281946184,0,12.123339319230581,10588.159942626953,376.0,-37.64539245914009,17000,,40.740742921065944,29.44,30.648,33.0213,29.6147,37.9467,134.8800048828125,-0.417,MARA,3.476334100611078,107.0,164.37579345703125
2016-04-26,29.280000686645508,28.15999984741211,29.440000534057617,27.200000762939453,29.280000686645508,1581,11021.403597497942,0,12.123339319230581,11009.280258178711,376.0,-35.16821413236505,17000,,45.97701590416123,29.312,30.472,33.0293,29.632,37.722,134.8800048828125,-0.3264,MARA,3.6277421278112074,107.0,164.61634826660156
2016-04-27,28.959999084472656,28.799999237060547,29.760000228881836,27.360000610351562,28.959999084472656,2813,10901.08299508095,0,12.123339319230581,10888.959655761719,376.0,-35.87598238187677,17000,,43.02325758694131,29.472,30.28,33.0,29.6493,37.48,134.8800048828125,-0.2998,MARA,3.843977569131285,107.0,164.95989990234375
2016-04-28,29.1200008392334,29.1200008392334,30.239999771118164,28.799999237060547,29.1200008392334,950,10961.243654870988,0,12.123339319230581,10949.120315551758,376.0,-35.52209614781772,17000,,45.23810199598832,29.088,30.144,32.9867,29.6653,37.2273,134.8800048828125,-0.2116,MARA,2.90858040977926,107.0,163.4737548828125
2016-04-29,28.639999389648438,28.799999237060547,29.280000686645508,27.360000610351562,28.639999389648438,4213,10780.763109827043,0,12.123339319230581,10768.639770507812,376.0,-36.583746412782105,17000,,43.023259521108834,28.832,30.0,32.9173,29.676,36.9787,134.8800048828125,-0.2261,MARA,2.3246534796322,107.0,162.5460205078125
2016-05-02,27.68000030517578,28.0,29.280000686645508,27.68000030517578,27.68000030517578,9606,11414.821054010394,0,10.660928277970925,11404.160125732422,412.0,-36.58432747772004,18000,Buy all cash Monthly invest,36.046517108050416,28.736,29.816,32.792,29.68,36.7253,134.8800048828125,-0.4097,MARA,2.9392913449605373,113.0,163.8431854248047
2016-05-03,28.479999542236328,27.200000762939453,28.479999542236328,27.200000762939453,28.479999542236328,1719,11744.420739679339,0,10.660928277970925,11733.759811401367,412.0,-34.75321811289256,18000,,41.860468339893316,28.576,29.712,32.624,29.6907,36.486,134.8800048828125,-0.3077,MARA,2.0602913381788435,113.0,162.44300842285156
2016-05-04,27.68000030517578,27.360000610351562,28.479999542236328,27.360000610351562,27.68000030517578,2106,11414.821054010394,0,10.660928277970925,11404.160125732422,412.0,-36.58432747772004,18000,,40.449443018174854,28.32,29.576,32.4693,29.7173,36.2567,134.8800048828125,-0.3791,MARA,1.4616628490024208,113.0,161.48944091796875
2016-05-05,26.719999313354492,27.520000457763672,28.31999969482422,26.239999771118164,26.719999313354492,4938,11019.300645380023,0,10.660928277970925,11008.63971710205,412.0,-38.78166308122209,18000,,40.0,27.84,29.368,32.3147,29.7427,36.0313,134.8800048828125,-0.5939,MARA,1.4508671709696497,113.0,161.4722442626953
2016-05-06,26.239999771118164,26.719999313354492,27.520000457763672,22.559999465942383,26.239999771118164,1606,10821.540833978655,0,10.660928277970925,10810.879905700684,412.0,-39.88032870011858,18000,,35.22727919264999,27.36,29.16,32.168,29.7653,35.818,134.8800048828125,-0.7842,MARA,1.8175945337083557,113.0,162.05641174316406
2016-05-09,26.239999771118164,27.200000762939453,27.200000762939453,25.920000076293945,26.239999771118164,12388,10821.540833978655,0,10.660928277970925,10810.879905700684,412.0,-39.88032870011858,18000,,36.47059318515859,27.072,28.944,32.0293,29.8053,35.6007,134.8800048828125,-0.8405,MARA,1.9254172062344037,113.0,162.22816467285156
2016-05-10,27.040000915527344,27.040000915527344,27.200000762939453,26.239999771118164,27.040000915527344,3394,11151.141305475237,0,10.660928277970925,11140.480377197266,412.0,-38.04921496958201,18000,,45.56962693850796,26.784,28.72,31.896,29.844,35.3747,134.8800048828125,-0.623,MARA,3.1873620406256853,113.0,164.23834228515625
2016-05-11,27.200000762939453,26.399999618530273,27.200000762939453,25.760000228881836,27.200000762939453,5706,11217.061242609027,0,10.660928277970925,11206.400314331055,412.0,-37.68299309661652,18000,,30.645171834322255,26.688,28.544,31.7627,29.8533,35.1533,134.8800048828125,-0.3863,MARA,2.222025346967915,113.0,162.7006378173828
2016-05-12,29.600000381469727,27.200000762939453,30.399999618530273,26.8799991607666,29.600000381469727,10906,12205.8610854435,0,10.660928277970925,12195.200157165527,412.0,-32.189660636424996,18000,,48.57143051770189,27.264,28.504,31.6187,29.8733,34.966,134.8800048828125,0.364,MARA,2.2813584700690503,113.0,162.79515075683594
2016-05-13,31.040000915527344,32.0,32.0,29.440000534057617,31.040000915527344,6875,12799.141305475237,0,10.660928277970925,12788.480377197266,412.0,-28.893659414026462,18000,,63.23529308642529,28.224,28.576,31.4987,29.9,34.7953,134.8800048828125,1.1705,MARA,1.3376322907341809,113.0,161.2918701171875
2016-05-16,34.2400016784668,30.399999618530273,34.880001068115234,30.399999618530273,34.2400016784668,21688,14117.541619806292,0,10.660928277970925,14106.88069152832,412.0,-21.569213223298377,18000,,69.13579919864895,29.824,28.768,31.432,29.988,34.6267,134.8800048828125,2.3406,MARA,2.3461133800082745,113.0,162.89830017089844
2016-05-17,36.0,35.36000061035156,37.439998626708984,34.720001220703125,36.0,8844,14842.660928277972,0,10.660928277970925,14832.0,412.0,-17.540772620677934,18000,,74.44444503313224,31.616,29.072,31.3893,30.0747,34.472,134.8800048828125,3.3215,MARA,1.4455124380323705,113.0,161.46371459960938
2016-05-18,34.08000183105469,36.0,36.959999084472656,33.279998779296875,34.08000183105469,6644,14051.621682672503,0,10.660928277970925,14040.960754394531,412.0,-21.935435096263866,18000,,65.34653967846299,32.992,29.368,31.3413,30.1227,34.2913,134.8800048828125,3.3476,MARA,1.4292853940327976,113.0,161.4378662109375
2016-05-19,35.20000076293945,34.2400016784668,35.52000045776367,32.15999984741211,35.20000076293945,3275,14513.061242609027,0,10.660928277970925,14502.400314331055,412.0,-19.37188198550541,18000,,69.52381893080364,34.112,29.576,31.312,30.1667,34.13,134.8800048828125,3.4126,MARA,1.100357273101804,113.0,160.91390991210938
2016-05-20,36.0,34.720001220703125,36.47999954223633,33.91999816894531,36.0,1719,14842.660928277972,0,10.660928277970925,14832.0,412.0,-17.540772620677934,18000,,75.00000573121737,35.104,29.88,31.2907,30.2333,33.95,134.8800048828125,3.418,MARA,1.73128658421835,113.0,161.91893005371094
2016-05-23,35.36000061035156,35.68000030517578,37.91999816894531,34.400001525878906,35.36000061035156,3256,14578.981179742816,0,10.660928277970925,14568.320251464844,412.0,-19.005660112539914,18000,,70.87379505996576,35.328,30.24,31.2693,30.296,33.7407,134.8800048828125,3.0931,MARA,1.5964795061747197,113.0,161.70419311523438
2016-05-24,36.47999954223633,38.08000183105469,38.400001525878906,36.31999969482422,36.47999954223633,1519,15040.420739679339,0,10.660928277970925,15029.759811401367,412.0,-16.442107001781448,18000,,76.19048105616281,35.424,30.6,31.2907,30.356,33.6687,134.8800048828125,2.9195,MARA,2.885380008697513,113.0,163.75730895996094
2016-05-25,37.7599983215332,36.959999084472656,38.400001525878906,36.959999084472656,37.7599983215332,2531,15567.780236749652,0,10.660928277970925,15557.11930847168,412.0,-13.512332018057494,18000,,82.2430005458005,36.16,31.04,31.304,30.4227,33.614,134.8800048828125,2.865,MARA,3.586418962690563,113.0,164.87400817871094
2016-05-26,41.7599983215332,37.439998626708984,44.0,37.439998626708984,41.7599983215332,30763,17215.78023674965,0,10.660928277970925,17205.11930847168,412.0,-4.356776462501932,18000,,87.59690724802869,37.472,31.672,31.3973,30.5253,33.57,134.8800048828125,3.3676,MARA,3.634975566016307,113.0,164.95135498046875
2016-05-27,42.880001068115234,43.52000045776367,45.119998931884766,41.439998626708984,42.880001068115234,4363,17677.22136834145,0,10.660928277970925,17666.560440063477,412.0,-1.7932146203252897,18000,,88.23530339864864,38.848,32.384,31.536,30.632,33.538,134.8800048828125,3.619,MARA,4.039387221018487,113.0,165.59555053710938
2016-05-31,42.880001068115234,41.7599983215332,43.52000045776367,41.7599983215332,42.880001068115234,2744,17677.22136834145,0,10.660928277970925,17666.560440063477,412.0,-1.7932146203252897,18000,,87.7862684335368,40.352,33.144,31.7253,30.752,33.5033,134.8800048828125,3.4961,MARA,3.9153854001363175,113.0,165.3980255126953
2016-06-01,45.599998474121094,44.0,46.880001068115234,43.20000076293945,45.599998474121094,5606,19792.84429978371,0,2.444962015153692,19790.399337768555,434.0,4.17286473570373,19000,Buy all cash Monthly invest,89.11565331981754,42.176,34.0,31.9653,30.912,33.4853,134.8800048828125,3.6003,MARA,3.8670704735203953,119.0,165.707275390625
2016-06-02,45.119998931884766,45.91999816894531,46.560001373291016,44.63999938964844,45.119998931884766,5113,19584.524498453142,0,2.444962015153692,19582.07953643799,434.0,3.0764447287007446,19000,,85.92593462542706,43.648,34.872,32.1893,31.0733,33.4673,134.8800048828125,3.2889,MARA,4.179119777077123,119.0,166.20550537109375
2016-06-03,44.31999969482422,45.7599983215332,45.7599983215332,43.52000045776367,44.31999969482422,3269,19237.324829568865,0,2.444962015153692,19234.87986755371,434.0,1.249078050362451,19000,,81.67939931597499,44.16,35.752,32.4053,31.2067,33.442,134.8800048828125,2.695,MARA,3.8778601238853128,119.0,165.72450256347656
2016-06-06,44.63999938964844,44.63999938964844,46.2400016784668,44.15999984741211,44.63999938964844,3769,19376.204697122575,0,2.444962015153692,19373.759735107422,434.0,1.9800247216977596,19000,,78.76107090930995,44.512,36.672,32.6053,31.3613,33.424,134.8800048828125,2.1389,MARA,4.378197905289505,119.0,166.5233612060547
2016-06-07,43.84000015258789,45.7599983215332,46.08000183105469,42.560001373291016,43.84000015258789,4106,19029.005028238298,0,2.444962015153692,19026.560066223145,434.0,0.15265804335946598,19000,,72.89720833984157,44.704,37.552,32.8027,31.512,33.4113,134.8800048828125,1.4616,MARA,4.5665246104190205,119.0,166.8240509033203
2016-06-08,45.279998779296875,43.68000030517578,46.08000183105469,43.68000030517578,45.279998779296875,2919,19653.964432229997,0,2.444962015153692,19651.519470214844,434.0,3.441918064368399,19000,,83.65385364851673,44.64,38.464,33.016,31.6893,33.41,134.8800048828125,1.09,MARA,4.910875967326933,119.0,167.3738555908203
2016-06-09,43.84000015258789,45.599998474121094,46.2400016784668,42.880001068115234,43.84000015258789,3375,19029.005028238298,0,2.444962015153692,19026.560066223145,434.0,0.15265804335946598,19000,,75.47170914718082,44.384,39.296,33.2507,31.86,33.398,134.8800048828125,0.4873,MARA,4.749432598314796,119.0,167.1160888671875
2016-06-10,43.20000076293945,42.720001220703125,45.599998474121094,41.91999816894531,43.20000076293945,12550,18751.245293130876,0,2.444962015153692,18748.800331115723,434.0,-1.3092352993111733,19000,,71.42858440373868,44.16,39.976,33.432,32.0,33.3873,134.8800048828125,-0.1002,MARA,3.743328761452136,119.0,165.50970458984375
2016-06-13,41.439998626708984,43.20000076293945,44.47999954223633,39.68000030517578,41.439998626708984,3125,17987.404366006853,0,2.444962015153692,17984.9594039917,434.0,-5.3294507052270905,19000,,66.96428552421983,43.52,40.496,33.584,32.1267,33.3667,134.8800048828125,-0.813,MARA,2.963215059380797,119.0,164.26414489746094
2016-06-14,40.79999923706055,41.119998931884766,42.720001220703125,39.20000076293945,40.79999923706055,6744,17709.64463089943,0,2.444962015153692,17707.199668884277,434.0,-6.791344047897729,19000,,62.38532391032834,42.912,40.824,33.7333,32.2507,33.3473,134.8800048828125,-1.3944,MARA,2.737196254127916,119.0,163.9032745361328
2016-06-15,41.599998474121094,40.79999923706055,41.599998474121094,39.20000076293945,41.599998474121094,3463,18056.84429978371,0,2.444962015153692,18054.399337768555,434.0,-4.963977369559425,19000,,61.32075832424081,42.176,41.104,33.8907,32.384,33.3233,134.8800048828125,-1.6411,MARA,2.586552092301231,119.0,163.66275024414062
2016-06-16,37.91999816894531,41.7599983215332,41.7599983215332,35.68000030517578,37.91999816894531,8963,16459.72416733742,0,2.444962015153692,16457.279205322266,434.0,-13.36987280348727,19000,,38.46153493463546,40.992,41.296,33.976,32.484,33.2887,134.8800048828125,-2.3482,MARA,2.9201329124852293,119.0,164.1953582763672
2016-06-17,41.279998779296875,39.20000076293945,41.439998626708984,36.63999938964844,41.279998779296875,1963,17917.964432229997,0,2.444962015153692,17915.519470214844,434.0,-5.6949240408947555,19000,,45.76270433034967,40.608,41.6,34.08,32.608,33.2693,134.8800048828125,-2.2179,MARA,2.5381850236591674,119.0,163.5855255126953
2016-06-20,38.720001220703125,40.63999938964844,41.439998626708984,38.560001373291016,38.720001220703125,3413,16806.92549180031,0,2.444962015153692,16804.480529785156,434.0,-11.542497411577312,19000,,40.298503744863545,40.064,41.736,34.168,32.74,33.2333,134.8800048828125,-2.4817,MARA,3.1945283432006866,119.0,164.6334686279297
2016-06-21,39.84000015258789,38.880001068115234,41.119998931884766,38.2400016784668,39.84000015258789,1456,17293.005028238298,0,2.444962015153692,17290.560066223145,434.0,-8.984184061903699,19000,,35.48386972727019,39.872,41.96,34.2827,32.8667,33.2027,134.8800048828125,-2.4005,MARA,3.4881616536190707,119.0,165.102294921875
2016-06-22,41.91999816894531,40.0,41.91999816894531,40.0,41.91999816894531,1513,18195.72416733742,0,2.444962015153692,18193.279205322266,434.0,-4.2330306982241055,19000,,42.537308519998255,39.936,42.232,34.4347,33.0,33.1813,134.8800048828125,-1.9507,MARA,3.315125861318502,119.0,164.82601928710938
2016-06-23,43.040000915527344,42.08000183105469,43.040000915527344,38.560001373291016,43.040000915527344,4613,18681.80535935402,0,2.444962015153692,18679.360397338867,434.0,-1.6747086349788387,19000,,47.05882559185674,40.96,42.496,34.6053,33.1453,33.1613,134.8800048828125,-1.4428,MARA,4.650681971901349,119.0,166.9584197998047
2016-06-24,41.279998779296875,42.2400016784668,42.560001373291016,40.0,41.279998779296875,3144,17917.964432229997,0,2.444962015153692,17915.519470214844,434.0,-5.6949240408947555,19000,,42.758618421701684,40.96,42.472,34.7627,33.2773,33.1327,134.8800048828125,-1.3691,MARA,0.838628733183211,119.0,160.8719482421875
2016-06-27,40.31999969482422,40.63999938964844,41.119998931884766,37.7599983215332,40.31999969482422,1650,17501.324829568865,0,2.444962015153692,17498.87986755371,434.0,-7.887764054900714,19000,,42.46575141136469,41.28,42.344,34.9093,33.4053,33.0793,134.8800048828125,-1.4423,MARA,-0.9403065085160088,119.0,158.03163146972656
2016-06-28,42.720001220703125,40.79999923706055,43.20000076293945,40.79999923706055,42.720001220703125,3338,18542.92549180031,0,2.444962015153692,18540.480529785156,434.0,-2.4056553063141584,19000,,44.73684705855779,41.856,42.336,35.0987,33.5373,33.0393,134.8800048828125,-1.079,MARA,0.8873016200818595,119.0,160.9496612548828
2016-06-29,44.0,42.400001525878906,44.31999969482422,42.08000183105469,44.0,1375,19098.444962015154,0,2.444962015153692,19096.0,434.0,0.5181313790271203,19000,,50.33112551411967,42.272,42.256,35.3227,33.6813,33.0107,134.8800048828125,-0.637,MARA,2.623020919398256,119.0,163.72097778320312
2016-06-30,43.84000015258789,44.0,44.31999969482422,43.52000045776367,43.84000015258789,825,19029.005028238298,0,2.444962015153692,19026.560066223145,434.0,0.15265804335946598,19000,,51.35135004518677,42.432,42.192,35.5467,33.8293,32.9907,134.8800048828125,-0.3905,MARA,4.007211689597678,119.0,165.9310302734375
2016-07-01,44.63999938964844,44.79999923706055,45.7599983215332,43.20000076293945,44.63999938964844,3456,20371.294297189714,0,15.454575510026757,20355.839721679688,456.0,1.8564714859485631,20000,Buy all cash Monthly invest,57.04225600416125,43.104,42.208,35.776,33.9933,32.9753,134.8800048828125,-0.1323,MARA,3.9874032672882143,125.0,166.27639770507812
2016-07-05,44.47999954223633,44.31999969482422,44.79999923706055,43.36000061035156,44.47999954223633,613,20298.33436676979,0,15.454575510026757,20282.879791259766,456.0,1.491671833848951,20000,,58.27338277574827,43.936,42.2,36.0107,34.1587,32.9593,134.8800048828125,-0.0258,MARA,3.2589296039581277,125.0,165.11083984375
2016-07-06,43.84000015258789,43.68000030517578,44.0,42.720001220703125,43.84000015258789,1500,20006.494645090104,0,15.454575510026757,19991.040069580078,456.0,0.032473225450524446,20000,,55.07246802469671,44.16,42.2,36.232,34.3187,32.942,134.8800048828125,-0.0896,MARA,3.868680351638787,125.0,166.08644104003906
2016-07-07,43.20000076293945,43.52000045776367,43.68000030517578,41.439998626708984,43.20000076293945,1950,19714.654923410417,0,15.454575510026757,19699.20034790039,456.0,-1.4267253829479132,20000,,63.86555514171783,44.0,42.096,36.4267,34.472,32.9293,134.8800048828125,-0.2547,MARA,3.798528068923957,125.0,165.9741973876953
2016-07-08,43.040000915527344,42.2400016784668,43.20000076293945,42.08000183105469,43.040000915527344,700,19641.694992990495,0,15.454575510026757,19626.24041748047,456.0,-1.7915250350475254,20000,,55.555563583119,43.84,42.056,36.632,34.628,32.9147,134.8800048828125,-0.4018,MARA,5.374131554031369,125.0,168.4951629638672
2016-07-11,43.040000915527344,41.439998626708984,43.36000061035156,41.279998779296875,43.040000915527344,2075,19641.694992990495,0,15.454575510026757,19626.24041748047,456.0,-1.7915250350475254,20000,,66.26506058704979,43.52,42.048,36.8427,34.7733,32.9007,134.8800048828125,-0.505,MARA,5.74103867378235,125.0,169.08221435546875
2016-07-12,44.0,43.040000915527344,45.279998779296875,42.08000183105469,44.0,1694,20079.454575510026,0,15.454575510026757,20064.0,456.0,0.3972728775501366,20000,,65.8536592457424,43.424,42.176,37.0827,34.9413,32.882,134.8800048828125,-0.4318,MARA,6.485648506546027,125.0,170.27359008789062
2016-07-13,45.119998931884766,44.15999984741211,45.119998931884766,43.20000076293945,45.119998931884766,863,20590.17408844948,0,15.454575510026757,20574.719512939453,456.0,2.9508704422473997,20000,,63.15789803903853,43.68,42.392,37.328,35.1107,32.8693,134.8800048828125,-0.2291,MARA,6.447883003616339,125.0,170.21316528320312
2016-07-14,47.84000015258789,45.119998931884766,47.84000015258789,41.599998474121094,47.84000015258789,2519,21830.494645090104,0,15.454575510026757,21815.040069580078,456.0,9.15247322545052,20000,,67.44185982039316,44.608,42.704,37.6267,35.2773,32.868,134.8800048828125,0.2736,MARA,7.068381660842893,125.0,171.20596313476562
2016-07-15,49.599998474121094,47.68000030517578,49.7599983215332,47.20000076293945,49.599998474121094,9350,22633.053879709245,0,15.454575510026757,22617.59930419922,456.0,13.165269398546231,20000,,80.2325690998309,45.92,43.288,37.984,35.4747,32.878,134.8800048828125,0.7848,MARA,6.906514519119256,125.0,170.9469757080078
2016-07-18,49.599998474121094,50.08000183105469,50.08000183105469,48.63999938964844,49.599998474121094,2156,22633.053879709245,0,15.454575510026757,22617.59930419922,456.0,13.165269398546231,20000,,86.25000819564158,47.232,43.704,38.2933,35.6547,32.8847,134.8800048828125,1.0168,MARA,7.214055412673948,125.0,171.4390411376953
2016-07-19,49.119998931884766,48.79999923706055,49.119998931884766,46.08000183105469,49.119998931884766,6694,22414.17408844948,0,15.454575510026757,22398.719512939453,456.0,12.070870442247394,20000,,79.4117719244423,48.256,44.224,38.6133,35.8227,32.8933,134.8800048828125,0.9967,MARA,7.09537064399719,125.0,171.2491455078125
2016-07-20,48.15999984741211,48.0,48.79999923706055,47.84000015258789,48.15999984741211,4475,21976.414505929948,0,15.454575510026757,21960.959930419922,456.0,9.882072529649744,20000,,69.69698064365107,48.864,44.64,38.9467,35.984,32.9207,134.8800048828125,0.7565,MARA,7.527022713088982,125.0,171.93978881835938
2016-07-21,48.63999938964844,48.47999954223633,49.119998931884766,48.15999984741211,48.63999938964844,800,22195.294297189714,0,15.454575510026757,22179.839721679688,456.0,10.976471485948558,20000,,72.05883332602883,49.024,44.976,39.2693,36.1493,32.952,134.8800048828125,0.5905,MARA,7.122359627151487,125.0,171.29232788085938
2016-07-22,49.279998779296875,48.63999938964844,49.279998779296875,46.560001373291016,49.279998779296875,1200,22487.1340188694,0,15.454575510026757,22471.679443359375,456.0,12.435670094347007,20000,,71.64180113601184,48.96,45.288,39.608,36.304,32.966,134.8800048828125,0.4993,MARA,7.618785255813609,125.0,172.08660888671875
2016-07-25,49.279998779296875,48.63999938964844,49.279998779296875,48.63999938964844,49.279998779296875,1331,22487.1340188694,0,15.454575510026757,22471.679443359375,456.0,12.435670094347007,20000,,72.72728257928597,48.896,45.688,39.944,36.4653,32.9873,134.8800048828125,0.3711,MARA,7.359795921707146,125.0,171.67222595214844
2016-07-26,48.0,49.279998779296875,49.279998779296875,46.880001068115234,48.0,3719,21903.454575510026,0,15.454575510026757,21888.0,456.0,9.51727287755013,20000,,68.57143927594277,48.672,46.072,40.2667,36.592,33.0007,134.8800048828125,0.0551,MARA,7.354369514846804,125.0,171.66354370117188
2016-07-27,49.279998779296875,48.31999969482422,49.279998779296875,48.0,49.279998779296875,1313,22487.1340188694,0,15.454575510026757,22471.679443359375,456.0,12.435670094347007,20000,,75.67568351266826,48.896,46.4,40.6267,36.7093,33.0107,134.8800048828125,-0.0167,MARA,7.284236305618297,125.0,171.55133056640625
2016-07-28,49.119998931884766,49.119998931884766,49.279998779296875,48.15999984741211,49.119998931884766,1256,22414.17408844948,0,15.454575510026757,22398.719512939453,456.0,12.070870442247394,20000,,75.67568351266826,48.992,46.656,40.9707,36.7973,33.0207,134.8800048828125,-0.1259,MARA,7.402921074295055,125.0,171.74122619628906
2016-07-29,47.36000061035156,47.52000045776367,48.0,47.36000061035156,47.36000061035156,294,21611.61485383034,0,15.454575510026757,21596.160278320312,456.0,8.058074269151682,20000,,65.88236251092519,48.608,46.832,41.2987,36.884,33.0493,134.8800048828125,-0.4644,MARA,7.591796272659312,125.0,172.04342651367188
2016-08-01,47.36000061035156,46.880001068115234,48.15999984741211,46.560001373291016,47.36000061035156,794,22606.642053766253,0,15.921762628557076,22590.720291137695,477.0,7.650676446505966,21000,Buy all cash Monthly invest,63.29115031908877,48.224,46.968,41.6427,36.9787,33.0913,134.8800048828125,-0.6922,MARA,7.091641486394984,130.0,171.84487915039062
2016-08-02,47.20000076293945,48.0,48.15999984741211,47.040000915527344,47.20000076293945,556,22530.322126550676,0,15.921762628557076,22514.40036392212,477.0,7.287248221669884,21000,,58.90412301099992,48.064,47.104,41.992,37.08,33.14,134.8800048828125,-0.8584,MARA,6.428915946960467,130.0,170.77432250976562
2016-08-03,46.400001525878906,46.720001220703125,48.31999969482422,44.79999923706055,46.400001525878906,2231,22148.722490472795,0,15.921762628557076,22132.80072784424,477.0,5.470107097489496,21000,,42.622950819672134,47.488,47.232,42.328,37.1787,33.1907,134.8800048828125,-1.0614,MARA,6.733537325541184,130.0,171.2664031982422
2016-08-04,45.279998779296875,45.91999816894531,45.91999816894531,45.279998779296875,45.279998779296875,150,21614.481180353167,0,15.921762628557076,21598.55941772461,477.0,2.9261008588246096,21000,,26.315778466357017,46.72,47.336,42.632,37.264,33.236,134.8800048828125,-1.3184,MARA,6.83506204187303,130.0,171.43040466308594
2016-08-05,46.560001373291016,45.439998626708984,47.36000061035156,44.79999923706055,46.560001373291016,1719,22225.04241768837,0,15.921762628557076,22209.120655059814,477.0,5.833535322325578,21000,,35.38462610639999,46.56,47.512,42.9547,37.3587,33.302,134.8800048828125,-1.2685,MARA,7.690191465468654,130.0,172.811767578125
2016-08-08,47.040000915527344,47.040000915527344,48.47999954223633,47.040000915527344,47.040000915527344,138,22454.0021993351,0,15.921762628557076,22438.080436706543,477.0,6.923819996833802,21000,,40.000007335957896,46.496,47.712,43.2453,37.432,33.3607,134.8800048828125,-1.1338,MARA,7.636746466863742,130.0,172.72543334960938
2016-08-09,48.0,47.68000030517578,48.47999954223633,46.560001373291016,48.0,1300,22911.921762628557,0,15.921762628557076,22896.0,477.0,9.104389345850272,21000,,49.230769795073684,46.656,47.912,43.528,37.5133,33.424,134.8800048828125,-0.8856,MARA,7.706230632600342,130.0,172.83767700195312
2016-08-10,46.400001525878906,47.52000045776367,47.52000045776367,46.400001525878906,46.400001525878906,669,22148.722490472795,0,15.921762628557076,22132.80072784424,477.0,5.470107097489496,21000,,40.277784216553016,46.656,47.976,43.7307,37.5813,33.4733,134.8800048828125,-0.9243,MARA,7.433668696448925,130.0,172.3973846435547
2016-08-11,45.599998474121094,46.2400016784668,48.15999984741211,45.599998474121094,45.599998474121094,1494,21767.12103478432,0,15.921762628557076,21751.19927215576,477.0,3.6529573084967515,21000,,34.24657444766909,46.72,47.864,43.8907,37.64,33.5107,134.8800048828125,-1.0305,MARA,7.957407012576168,130.0,173.24342346191406
2016-08-12,48.63999938964844,46.720001220703125,48.959999084472656,46.720001220703125,48.63999938964844,5131,23217.201471490862,0,15.921762628557076,23201.279708862305,477.0,10.55810224519458,21000,,47.826089210005286,47.136,47.816,44.1333,37.7373,33.5613,134.8800048828125,-0.649,MARA,7.850526461283369,130.0,173.07077026367188
2016-08-15,48.47999954223633,49.119998931884766,51.68000030517578,46.720001220703125,48.47999954223633,12306,23140.881544275286,0,15.921762628557076,23124.95978164673,477.0,10.194674020358496,21000,,51.7647039024066,47.424,47.76,44.3547,37.8333,33.6233,134.8800048828125,-0.4166,MARA,8.160475337073937,130.0,173.5714569091797
2016-08-16,48.47999954223633,50.560001373291016,55.040000915527344,47.040000915527344,48.47999954223633,13231,23140.881544275286,0,15.921762628557076,23124.95978164673,477.0,10.194674020358496,21000,,46.75325077447312,47.52,47.728,44.5627,37.9267,33.6867,134.8800048828125,-0.2669,MARA,7.604696470351469,130.0,172.6736602783203
2016-08-17,47.36000061035156,48.15999984741211,48.15999984741211,45.279998779296875,47.36000061035156,5594,22606.642053766253,0,15.921762628557076,22590.720291137695,477.0,7.650676446505966,21000,,43.373501589792006,47.712,47.688,44.7627,38.016,33.7467,134.8800048828125,-0.3263,MARA,7.781051741463818,130.0,172.9585418701172
2016-08-18,47.84000015258789,46.400001525878906,48.15999984741211,46.400001525878906,47.84000015258789,7519,22835.60183541298,0,15.921762628557076,22819.680072784424,477.0,8.740961121014191,21000,,51.99999745686929,48.16,47.648,44.952,38.1213,33.8027,134.8800048828125,-0.2974,MARA,8.037546172732402,130.0,173.3728790283203
2016-08-19,47.040000915527344,48.15999984741211,48.15999984741211,45.91999816894531,47.040000915527344,2463,22454.0021993351,0,15.921762628557076,22438.080436706543,477.0,6.923819996833802,21000,,48.750001490115764,47.84,47.536,45.1067,38.2053,33.8587,134.8800048828125,-0.3861,MARA,7.887903955005471,130.0,173.1311492919922
2016-08-22,45.91999816894531,45.7599983215332,47.20000076293945,45.279998779296875,45.91999816894531,1144,21919.76088921547,0,15.921762628557076,21903.839126586914,477.0,4.379813758168916,21000,,45.34882979499061,47.328,47.368,45.176,38.2867,33.9107,134.8800048828125,-0.5865,MARA,7.877230068751762,130.0,173.11390686035156
2016-08-23,47.20000076293945,46.2400016784668,47.20000076293945,44.15999984741211,47.20000076293945,3006,22530.322126550676,0,15.921762628557076,22514.40036392212,477.0,7.287248221669884,21000,,52.808984249114566,47.072,47.328,45.248,38.392,33.9693,134.8800048828125,-0.521,MARA,8.074961450122654,130.0,173.43331909179688
2016-08-24,45.599998474121094,47.52000045776367,47.52000045776367,44.15999984741211,45.599998474121094,1363,21767.12103478432,0,15.921762628557076,21751.19927215576,477.0,3.6529573084967515,21000,,51.08695483162734,46.72,47.144,45.2933,38.5093,34.0147,134.8800048828125,-0.681,MARA,7.556578968956362,130.0,172.59593200683594
2016-08-25,45.599998474121094,46.2400016784668,46.400001525878906,44.15999984741211,45.599998474121094,1550,21767.12103478432,0,15.921762628557076,21751.19927215576,477.0,3.6529573084967515,21000,,46.42856230541576,46.272,46.968,45.2933,38.6293,34.0607,134.8800048828125,-0.7561,MARA,7.471065082005102,130.0,172.45779418945312
2016-08-26,46.880001068115234,43.36000061035156,46.880001068115234,43.20000076293945,46.880001068115234,2288,22377.682272119524,0,15.921762628557076,22361.760509490967,477.0,6.560391771997742,21000,,49.43820315017708,46.24,46.944,45.3227,38.756,34.1187,134.8800048828125,-0.5972,MARA,7.267977865673258,130.0,172.12973022460938
2016-08-29,46.400001525878906,46.400001525878906,46.720001220703125,45.91999816894531,46.400001525878906,363,22148.722490472795,0,15.921762628557076,22132.80072784424,477.0,5.470107097489496,21000,,44.1860561824666,46.336,46.896,45.3573,38.8813,34.1767,134.8800048828125,-0.5386,MARA,7.807783686683312,130.0,173.00172424316406
2016-08-30,46.720001220703125,46.08000183105469,46.720001220703125,45.91999816894531,46.720001220703125,838,22301.362344903948,0,15.921762628557076,22285.44058227539,477.0,6.19696354716166,21000,,51.282048930785315,46.24,46.872,45.392,38.9987,34.232,134.8800048828125,-0.4355,MARA,7.604696470351469,130.0,172.6736602783203
2016-08-31,46.08000183105469,46.400001525878906,46.720001220703125,45.599998474121094,46.08000183105469,1669,21996.082636041643,0,15.921762628557076,21980.160873413086,477.0,4.743250647817354,21000,,51.94806441384983,46.336,46.856,45.4293,39.116,34.2807,134.8800048828125,-0.4401,MARA,7.342827312287836,130.0,172.25064086914062
2016-09-01,47.84000015258789,45.119998931884766,47.84000015258789,45.119998931884766,47.84000015258789,425,23830.57863539696,0,6.25855940818974,23824.32007598877,498.0,8.320811979077082,22000,Buy all cash Monthly invest,46.37681660194239,46.784,46.984,45.472,39.244,34.3313,134.8800048828125,-0.1829,MARA,6.965119863683533,136.0,172.2160186767578
2016-09-02,46.400001525878906,46.720001220703125,47.52000045776367,45.91999816894531,46.400001525878906,1844,23113.459319295886,0,6.25855940818974,23107.200759887695,498.0,5.061178724072213,22000,,41.55845201363011,46.688,46.976,45.5147,39.3827,34.3747,134.8800048828125,-0.2119,MARA,7.440113205302845,136.0,172.98439025878906
2016-09-06,46.400001525878906,47.36000061035156,47.36000061035156,46.2400016784668,46.400001525878906,2813,23113.459319295886,0,6.25855940818974,23107.200759887695,498.0,5.061178724072213,22000,,41.55845201363011,46.688,46.944,45.568,39.5,34.422,134.8800048828125,-0.2216,MARA,7.776370307575586,136.0,173.52833557128906
2016-09-07,45.279998779296875,45.7599983215332,47.040000915527344,44.47999954223633,45.279998779296875,5988,22555.697951498034,0,6.25855940818974,22549.439392089844,498.0,2.5258997795365223,22000,,41.55843914570649,46.4,46.808,45.632,39.608,34.4647,134.8800048828125,-0.3718,MARA,7.771031395998884,136.0,173.5196990966797
2016-09-08,47.040000915527344,45.439998626708984,47.040000915527344,45.439998626708984,47.040000915527344,1069,23432.179015340807,0,6.25855940818974,23425.920455932617,498.0,6.50990461518548,22000,,47.058828479274844,46.592,46.84,45.736,39.7347,34.5173,134.8800048828125,-0.2065,MARA,7.520178013541501,136.0,173.11390686035156
2016-09-09,45.119998931884766,46.400001525878906,46.400001525878906,44.79999923706055,45.119998931884766,625,22476.018027486803,0,6.25855940818974,22469.759468078613,498.0,2.163718306758189,22000,,43.47825974282432,46.048,46.816,45.7947,39.8427,34.568,134.8800048828125,-0.3565,MARA,4.937135244542912,136.0,168.93545532226562
2016-09-12,46.2400016784668,46.560001373291016,47.68000030517578,44.959999084472656,46.2400016784668,213,23033.779395284655,0,6.25855940818974,23027.520835876465,498.0,4.698997251293879,22000,,51.086967507462894,46.016,46.696,45.9333,39.9547,34.636,134.8800048828125,-0.2781,MARA,6.43144565825029,136.0,171.35272216796875
2016-09-13,45.599998474121094,45.599998474121094,45.599998474121094,44.959999084472656,45.599998474121094,300,22715.057799520495,0,6.25855940818974,22708.799240112305,498.0,3.250262725093167,22000,,44.318179047307346,45.856,46.552,46.0053,40.0427,34.7027,134.8800048828125,-0.302,MARA,4.921307163932109,136.0,168.90985107421875
2016-09-14,46.2400016784668,44.959999084472656,46.2400016784668,44.79999923706055,46.2400016784668,1025,23033.779395284655,0,6.25855940818974,23027.520835876465,498.0,4.698997251293879,22000,,52.43903396385288,46.048,46.44,46.1307,40.1493,34.7753,134.8800048828125,-0.2116,MARA,4.856994974656548,136.0,168.80581665039062
2016-09-15,46.08000183105469,45.7599983215332,46.400001525878906,44.79999923706055,46.08000183105469,1813,22954.099471273425,0,6.25855940818974,22947.840911865234,498.0,4.336815778515568,22000,,51.80723964431433,45.856,46.376,46.2347,40.2587,34.8447,134.8800048828125,-0.1642,MARA,5.929154065565645,136.0,170.54019165039062
2016-09-16,44.79999923706055,46.2400016784668,47.68000030517578,44.79999923706055,44.79999923706055,2794,22316.658179464343,0,6.25855940818974,22310.399620056152,498.0,1.4393553612015664,22000,,42.16867608313734,45.792,46.224,46.2827,40.3587,34.9047,134.8800048828125,-0.3008,MARA,5.516388285203422,136.0,169.8724822998047
2016-09-19,45.279998779296875,44.63999938964844,46.560001373291016,44.63999938964844,45.279998779296875,506,22555.697951498034,0,6.25855940818974,22549.439392089844,498.0,2.5258997795365223,22000,,45.78312664666634,45.6,46.136,46.32,40.4627,34.9687,134.8800048828125,-0.3019,MARA,5.548544379841203,136.0,169.92449951171875
2016-09-20,44.31999969482422,45.599998474121094,45.599998474121094,41.439998626708984,44.31999969482422,2275,22077.61840743065,0,6.25855940818974,22071.35984802246,498.0,0.3528109428665882,22000,,41.379313179766335,45.344,46.056,46.3707,40.5667,35.0247,134.8800048828125,-0.4174,MARA,5.559250501112523,136.0,169.9418182373047
2016-09-21,44.0,44.31999969482422,44.31999969482422,43.040000915527344,44.0,1488,21918.25855940819,0,6.25855940818974,21912.0,498.0,-0.3715520026900454,22000,,42.35294216644292,44.896,45.896,46.432,40.6707,35.0747,134.8800048828125,-0.5094,MARA,6.738631160736097,136.0,171.84963989257812
2016-09-22,43.68000030517578,43.68000030517578,45.439998626708984,42.720001220703125,43.68000030517578,4806,21758.89871138573,0,6.25855940818974,21752.64015197754,498.0,-1.0959149482466901,22000,,32.89475871912914,44.416,45.8,46.448,40.7733,35.1247,134.8800048828125,-0.5812,MARA,7.376565065210516,136.0,172.881591796875
2016-09-23,45.119998931884766,43.84000015258789,45.119998931884766,43.36000061035156,45.119998931884766,406,22476.018027486803,0,6.25855940818974,22469.759468078613,498.0,2.163718306758189,22000,,44.736837977522804,44.48,45.776,46.4667,40.8947,35.1807,134.8800048828125,-0.3862,MARA,6.8029622154236025,136.0,171.95370483398438
2016-09-26,44.15999984741211,44.79999923706055,44.79999923706055,43.20000076293945,44.15999984741211,1469,21997.93848341942,0,6.25855940818974,21991.67992401123,498.0,-0.009370529911723047,22000,,41.46341747077122,44.256,45.64,46.472,41.0093,35.2367,134.8800048828125,-0.3718,MARA,5.955980681332673,136.0,170.58358764648438
2016-09-27,44.63999938964844,44.63999938964844,45.119998931884766,44.0,44.63999938964844,306,22236.978255453112,0,6.25855940818974,22230.719696044922,498.0,1.077173888423233,22000,,47.43590213842938,44.32,45.552,46.472,41.124,35.2987,134.8800048828125,-0.2669,MARA,6.599262930089789,136.0,171.6241912841797
2016-09-28,43.20000076293945,44.63999938964844,45.119998931884766,43.20000076293945,43.20000076293945,1081,21519.858939352038,0,6.25855940818974,21513.600379943848,498.0,-2.182459366581646,22000,,34.21053539682394,44.16,45.376,46.4507,41.2307,35.3553,134.8800048828125,-0.383,MARA,7.172846914464781,136.0,172.5520477294922
2016-09-29,42.880001068115234,42.720001220703125,44.959999084472656,42.720001220703125,42.880001068115234,581,21360.499091329577,0,6.25855940818974,21354.240531921387,498.0,-2.906822312138291,22000,,39.39395471927671,44.0,45.216,46.4347,41.3333,35.406,134.8800048828125,-0.473,MARA,6.1704049533497285,136.0,170.93045043945312
2016-09-30,44.959999084472656,43.84000015258789,44.959999084472656,43.20000076293945,44.959999084472656,713,22396.338103475573,0,6.25855940818974,22390.079544067383,498.0,1.8015368339798776,22000,,44.4444334065477,43.968,45.072,46.464,41.4453,35.4667,134.8800048828125,-0.196,MARA,7.017405352852579,136.0,172.30059814453125
2016-10-03,44.47999954223633,44.959999084472656,44.959999084472656,43.36000061035156,44.47999954223633,575,23152.405531492237,0,22.805769529344616,23129.59976196289,520.0,0.6626327456184189,23000,Buy all cash Monthly invest,45.07042584592446,44.032,44.976,46.488,41.56,35.53,134.8800048828125,-0.069,MARA,6.36682622727105,142.0,171.7542266845703
2016-10-04,43.040000915527344,44.15999984741211,44.63999938964844,42.2400016784668,43.040000915527344,994,22403.606245603565,0,22.805769529344616,22380.80047607422,520.0,-2.59301632346276,23000,,36.84209370546314,43.712,44.808,46.488,41.6653,35.59,134.8800048828125,-0.1809,MARA,5.874277292997943,142.0,170.95643615722656
2016-10-05,42.400001525878906,42.720001220703125,43.52000045776367,39.84000015258789,42.400001525878906,975,22070.806562986378,0,22.805769529344616,22048.00079345703,520.0,-4.039971465276615,23000,,35.44302727812119,43.552,44.664,46.4613,41.772,35.646,134.8800048828125,-0.323,MARA,6.313335812444287,142.0,171.66758728027344
2016-10-06,39.68000030517578,40.0,40.79999923706055,39.040000915527344,39.68000030517578,2750,20656.405928220753,0,22.805769529344616,20633.600158691406,520.0,-10.18953944251847,23000,,31.818173197669452,42.912,44.296,46.3707,41.8493,35.6927,134.8800048828125,-0.7822,MARA,6.436473046012559,142.0,171.86703491210938
2016-10-07,38.720001220703125,39.52000045776367,42.08000183105469,35.84000015258789,38.720001220703125,2025,20157.20640429497,0,22.805769529344616,20134.400634765625,520.0,-12.359972155239252,23000,,27.4725202747632,41.664,43.976,46.2187,41.9227,35.7393,134.8800048828125,-1.1662,MARA,6.045610539643676,142.0,171.23394775390625
2016-10-10,38.560001373291016,36.63999938964844,38.880001068115234,36.15999984741211,38.560001373291016,1200,20074.006483640675,0,22.805769529344616,20051.200714111328,520.0,-12.72171094069272,23000,,29.069759382817054,40.48,43.592,46.0347,42.0093,35.7893,134.8800048828125,-1.3635,MARA,6.532808548305358,142.0,172.0230712890625
2016-10-11,38.08000183105469,40.15999984741211,40.15999984741211,38.08000183105469,38.08000183105469,169,19824.406721677784,0,22.805769529344616,19801.600952148438,520.0,-13.806927297053118,23000,,28.73562430906523,39.488,43.216,45.8427,42.068,35.83,134.8800048828125,-1.4782,MARA,5.242519507034982,142.0,169.93316650390625
2016-10-12,38.08000183105469,37.91999816894531,38.2400016784668,37.91999816894531,38.08000183105469,513,19824.406721677784,0,22.805769529344616,19801.600952148438,520.0,-13.806927297053118,23000,,29.411756456098985,38.624,42.808,45.6587,42.136,35.872,134.8800048828125,-1.4584,MARA,5.376368012469768,142.0,170.14996337890625
2016-10-13,38.560001373291016,38.08000183105469,39.84000015258789,35.20000076293945,38.560001373291016,3694,20074.006483640675,0,22.805769529344616,20051.200714111328,520.0,-12.72171094069272,23000,,24.050625653010812,38.4,42.432,45.4987,42.2227,35.9187,134.8800048828125,-1.2748,MARA,5.039090127364454,142.0,169.60366821289062
2016-10-14,39.52000045776367,39.20000076293945,42.880001068115234,38.2400016784668,39.52000045776367,2513,20573.206007566456,0,22.805769529344616,20550.40023803711,520.0,-10.551278227971927,23000,,31.64556006975107,38.56,42.168,45.3467,42.308,35.97,134.8800048828125,-0.9162,MARA,5.065854176065199,142.0,169.6470184326172
2016-10-17,37.7599983215332,37.91999816894531,38.720001220703125,37.119998931884766,37.7599983215332,644,19658.004896726612,0,22.805769529344616,19635.199127197266,520.0,-14.530413492492988,23000,,25.287342462119526,38.4,41.792,45.1547,42.3813,36.0153,134.8800048828125,-0.8915,MARA,4.755302657085925,142.0,169.14401245117188
2016-10-18,37.119998931884766,37.439998626708984,38.400001525878906,36.79999923706055,37.119998931884766,1575,19325.205214109425,0,22.805769529344616,19302.399444580078,520.0,-15.977368634306854,23000,,26.829252691223402,38.208,41.432,44.952,42.448,36.0567,134.8800048828125,-0.9034,MARA,5.371017086858343,142.0,170.14129638671875
2016-10-19,37.279998779296875,38.400001525878906,38.400001525878906,36.15999984741211,37.279998779296875,1800,19408.40513476372,0,22.805769529344616,19385.599365234375,520.0,-15.615629848853384,23000,,28.39504501256114,38.048,41.096,44.7733,42.52,36.098,134.8800048828125,-0.8082,MARA,5.66011780017357,142.0,170.60955810546875
2016-10-20,36.0,35.84000015258789,36.79999923706055,33.439998626708984,36.0,2000,18742.805769529346,0,22.805769529344616,18720.0,520.0,-18.509540132481106,23000,,13.157886481348442,37.536,40.712,44.552,42.5893,36.1347,134.8800048828125,-0.8823,MARA,5.488812815458899,142.0,170.33209228515625
2016-10-21,37.279998779296875,36.0,37.91999816894531,32.63999938964844,37.279998779296875,9263,19408.40513476372,0,22.805769529344616,19385.599365234375,520.0,-15.615629848853384,23000,,22.222209140265235,37.088,40.32,44.3547,42.6627,36.1767,134.8800048828125,-0.6395,MARA,5.515558022872269,142.0,170.3754119873047
2016-10-24,39.68000030517578,37.599998474121094,41.119998931884766,37.599998474121094,39.68000030517578,4963,20656.405928220753,0,22.805769529344616,20633.600158691406,520.0,-10.18953944251847,23000,,37.931030702836146,37.472,40.096,44.2267,42.7627,36.24,134.8800048828125,-0.0193,MARA,5.943877008521059,142.0,171.0691680908203
2016-10-25,37.7599983215332,40.47999954223633,40.47999954223633,36.47999954223633,37.7599983215332,888,19658.004896726612,0,22.805769529344616,19635.199127197266,520.0,-14.530413492492988,23000,,34.73683233076234,37.6,39.752,44.0667,42.8547,36.2987,134.8800048828125,0.0972,MARA,5.644083864626692,142.0,170.58358764648438
2016-10-26,35.52000045776367,39.68000030517578,39.68000030517578,35.20000076293945,35.52000045776367,1175,18493.206007566456,0,22.805769529344616,18470.40023803711,520.0,-19.59475648884149,23000,,35.86956324559269,37.248,39.368,43.872,42.932,36.3487,134.8800048828125,-0.1668,MARA,5.408492407425602,142.0,170.20199584960938
2016-10-27,35.040000915527344,36.0,36.0,35.040000915527344,35.040000915527344,463,18243.606245603565,0,22.805769529344616,18220.80047607422,520.0,-20.67997284520189,23000,,37.07864867543726,37.056,38.976,43.6827,43.0053,36.4053,134.8800048828125,-0.3705,MARA,5.13010296597689,142.0,169.75108337402344
2016-10-28,36.63999938964844,34.560001373291016,37.599998474121094,33.279998779296875,36.63999938964844,4094,19075.605452146534,0,22.805769529344616,19052.799682617188,520.0,-17.06258499066724,23000,,43.877543324679706,36.928,38.56,43.5387,43.0853,36.4647,134.8800048828125,-0.1723,MARA,4.798166585839314,142.0,169.21343994140625
2016-10-31,35.20000076293945,36.15999984741211,37.599998474121094,34.400001525878906,35.20000076293945,4738,18326.806166257862,0,22.805769529344616,18304.000396728516,520.0,-20.31823405974843,23000,,41.346148335367914,36.032,38.096,43.3493,43.152,36.5027,134.8800048828125,-0.2434,MARA,4.798166585839314,142.0,169.21343994140625
2016-11-01,34.720001220703125,36.31999969482422,41.7599983215332,33.279998779296875,34.720001220703125,9881,19072.17200411797,0,10.891333951952106,19061.280670166016,549.0,-20.532616649508462,24000,Buy all cash Monthly invest,40.18691130648071,35.424,37.68,43.144,43.1947,36.534,134.8800048828125,-0.3198,MARA,3.879410433769226,148.0,168.0340118408203
2016-11-02,32.47999954223633,34.400001525878906,36.31999969482422,32.47999954223633,32.47999954223633,4531,17842.411082639697,0,10.891333951952106,17831.519748687744,549.0,-25.65662048900126,24000,,33.89829789314723,34.816,37.184,42.8853,43.2067,36.5533,134.8800048828125,-0.7043,MARA,3.19494769573212,148.0,166.924072265625
2016-11-03,31.360000610351562,32.63999938964844,32.959999084472656,30.399999618530273,31.360000610351562,2719,17227.53166903496,0,10.891333951952106,17216.640335083008,549.0,-28.21861804568766,24000,,28.571425709260325,34.08,36.768,42.6347,43.1827,36.5853,134.8800048828125,-1.0782,MARA,2.793854657808948,148.0,166.27365112304688
2016-11-04,33.7599983215332,31.84000015258789,33.7599983215332,28.15999984741211,33.7599983215332,3925,18545.13041247368,0,10.891333951952106,18534.23907852173,549.0,-22.72862328135966,24000,,39.83739459181174,33.504,36.52,42.4373,43.164,36.6193,134.8800048828125,-0.7928,MARA,2.654790377616889,148.0,166.0481414794922
2016-11-07,33.599998474121094,33.599998474121094,33.599998474121094,29.1200008392334,33.599998474121094,10463,18457.290496244434,0,10.891333951952106,18446.39916229248,549.0,-23.094622932314856,24000,,40.83332886298338,33.184,36.272,42.1867,43.16,36.6413,134.8800048828125,-0.5556,MARA,4.900830467542017,148.0,169.69036865234375
2016-11-08,35.040000915527344,33.279998779296875,38.2400016784668,31.520000457763672,35.040000915527344,3013,19247.851836576465,0,10.891333951952106,19236.96050262451,549.0,-19.80061734759806,24000,,44.53125407453711,33.248,36.12,41.9627,43.1587,36.6627,134.8800048828125,-0.0682,MARA,5.382093183199554,148.0,170.47079467773438
2016-11-09,37.119998931884766,34.08000183105469,41.119998931884766,31.520000457763672,37.119998931884766,2275,20389.77074755669,0,10.891333951952106,20378.879413604736,549.0,-15.042621885180463,24000,,52.63157706039861,34.176,36.072,41.7733,43.168,36.7007,134.8800048828125,0.6684,MARA,6.505099113782253,148.0,172.29188537597656
2016-11-10,37.279998779296875,36.959999084472656,37.279998779296875,33.599998474121094,37.279998779296875,1113,20477.610663785938,0,10.891333951952106,20466.719329833984,549.0,-14.676622234225256,24000,,50.0,35.36,36.008,41.6053,43.184,36.74,134.8800048828125,1.1737,MARA,6.7511127551396655,148.0,172.69082641601562
2016-11-11,36.79999923706055,36.79999923706055,36.959999084472656,33.599998474121094,36.79999923706055,1263,20214.090915098193,0,10.891333951952106,20203.19958114624,549.0,-15.774621187090865,24000,,42.1052576542323,35.968,35.872,41.4213,43.1867,36.7713,134.8800048828125,1.3909,MARA,6.553257377942412,148.0,172.36997985839844
2016-11-14,39.20000076293945,36.79999923706055,39.68000030517578,36.0,39.20000076293945,2563,21531.691752805713,0,10.891333951952106,21520.80041885376,549.0,-10.284617696642862,24000,,53.846161683716666,37.088,35.944,41.2907,43.1987,36.8107,134.8800048828125,1.9217,MARA,6.569291313489267,148.0,172.39598083496094
2016-11-15,37.439998626708984,32.0,37.599998474121094,32.0,37.439998626708984,7731,20565.450580015186,0,10.891333951952106,20554.559246063232,549.0,-14.31062258327006,24000,,55.26315349180781,37.568,35.96,41.1493,43.1627,36.844,134.8800048828125,1.8831,MARA,7.43026848634083,148.0,173.7921600341797
2016-11-16,39.040000915527344,37.439998626708984,39.68000030517578,34.560001373291016,39.040000915527344,5356,21443.851836576465,0,10.891333951952106,21432.96050262451,549.0,-10.650617347598068,24000,,60.330578186710504,37.952,36.048,41.0133,43.1307,36.8813,134.8800048828125,2.0733,MARA,7.248428225517278,148.0,173.49728393554688
2016-11-17,34.720001220703125,38.400001525878906,39.20000076293945,33.7599983215332,34.720001220703125,19356,19072.17200411797,0,10.891333951952106,19061.280670166016,549.0,-20.532616649508462,24000,,45.65217842001057,37.44,35.984,40.832,43.0627,36.9073,134.8800048828125,1.3649,MARA,7.756470624605805,148.0,174.32113647460938
2016-11-18,31.200000762939453,35.68000030517578,36.959999084472656,30.559999465942383,31.200000762939453,8363,17139.691752805713,0,10.891333951952106,17128.80041885376,549.0,-28.584617696642866,24000,,41.72185555941516,36.32,35.68,40.592,42.9427,36.9273,134.8800048828125,0.2509,MARA,7.563959892590844,148.0,174.0089569091797
2016-11-21,33.599998474121094,32.0,34.720001220703125,31.200000762939453,33.599998474121094,5125,18457.290496244434,0,10.891333951952106,18446.39916229248,549.0,-23.094622932314856,24000,,47.85275562126612,35.2,35.376,40.3707,42.8467,36.96,134.8800048828125,-0.0185,MARA,8.355381401379901,148.0,175.29234313964844
2016-11-22,31.84000015258789,33.599998474121094,33.599998474121094,30.399999618530273,31.84000015258789,5869,17491.051417722705,0,10.891333951952106,17480.160083770752,549.0,-27.12061909282206,24000,,48.75000111758716,34.08,35.08,40.128,42.7427,36.9747,134.8800048828125,-0.4832,MARA,8.553246188163754,148.0,175.6132049560547
2016-11-23,29.1200008392334,32.0,32.0,26.719999313354492,29.1200008392334,12400,15997.771794691087,0,10.891333951952106,15986.880460739136,549.0,-33.34261752212046,24000,,45.88235318866982,32.096,34.76,39.8347,42.6133,36.9873,134.8800048828125,-1.2368,MARA,8.649515668551121,148.0,175.76931762695312
2016-11-25,30.239999771118164,29.280000686645508,30.559999465942383,27.040000915527344,30.239999771118164,606,16612.651208295825,0,10.891333951952106,16601.759874343872,549.0,-30.780619965434063,24000,,43.20987935946347,31.2,34.52,39.5707,42.5,37.006,134.8800048828125,-1.4261,MARA,9.082685987154647,148.0,176.4717559814453
2016-11-28,29.440000534057617,30.399999618530273,30.399999618530273,27.360000610351562,29.440000534057617,1838,16173.451627149583,0,10.891333951952106,16162.560293197632,549.0,-32.61061822021007,24000,,42.16867841921872,30.848,34.16,39.264,42.368,37.0287,134.8800048828125,-1.6037,MARA,8.569298942883808,148.0,175.6392364501953
2016-11-29,29.280000686645508,28.959999084472656,31.360000610351562,28.959999084472656,29.280000686645508,7213,16085.611710920335,0,10.891333951952106,16074.720376968384,549.0,-32.97661787116527,24000,,38.60759307436193,29.984,33.864,38.9787,42.2467,37.0533,134.8800048828125,-1.6406,MARA,8.740412274996444,148.0,175.91671752929688
2016-11-30,28.959999084472656,29.440000534057617,29.920000076293945,28.31999969482422,28.959999084472656,4700,15909.93083132744,0,10.891333951952106,15899.039497375488,549.0,-33.70862153613567,24000,,32.65306188648779,29.408,33.576,38.688,42.128,37.064,134.8800048828125,-1.6139,MARA,8.494417452812186,148.0,175.51780700683594
2016-12-01,28.0,29.280000686645508,29.280000686645508,27.200000762939453,28.0,10606,16377.991333951952,0,25.991333951952242,16352.0,584.0,-34.48803466419219,25000,Buy all cash Monthly invest,30.921054901838986,29.184,33.352,38.4,42.016,37.0713,134.8800048828125,-1.6751,MARA,7.728088074646,154.0,174.8327178955078
2016-12-02,26.719999313354492,27.520000457763672,27.520000457763672,26.079999923706055,26.719999313354492,4081,15630.470932950975,0,25.991333951952242,15604.479598999023,584.0,-37.4781162681961,25000,,29.93630655465043,28.48,33.12,38.0613,41.8987,37.0747,134.8800048828125,-1.8584,MARA,7.802916809997562,154.0,174.95419311523438
2016-12-05,26.559999465942383,26.399999618530273,27.84000015258789,25.600000381469727,26.559999465942383,8156,15537.031022062303,0,25.991333951952242,15511.039688110352,584.0,-37.85187591175079,25000,,22.377618530092718,27.904,32.76,37.752,41.7733,37.0787,134.8800048828125,-1.8808,MARA,8.422535584411616,154.0,175.96006774902344
2016-12-06,26.399999618530273,26.719999313354492,28.0,25.920000076293945,26.399999618530273,3013,15443.591111173631,0,25.991333951952242,15417.59977722168,584.0,-38.22563555530547,25000,,24.060148893320843,27.328,32.4,37.4213,41.6773,37.0807,134.8800048828125,-1.7946,MARA,8.801820740661626,154.0,176.57579040527344
2016-12-07,26.399999618530273,27.360000610351562,27.360000610351562,26.399999618530273,26.399999618530273,3163,15443.591111173631,0,25.991333951952242,15417.59977722168,584.0,-38.22563555530547,25000,,17.886166727321267,26.816,31.968,37.1013,41.5533,37.0807,134.8800048828125,-1.6038,MARA,10.180019226989746,154.0,178.81312561035156
2016-12-08,26.8799991607666,26.719999313354492,27.360000610351562,25.920000076293945,26.8799991607666,5469,15723.910843839647,0,25.991333951952242,15697.919509887695,584.0,-37.10435662464141,25000,,25.25251004880478,26.592,31.456,36.7787,41.4547,37.0973,134.8800048828125,-1.2447,MARA,10.468459046325696,154.0,179.2813720703125
2016-12-09,24.639999389648438,25.920000076293945,26.079999923706055,23.360000610351562,24.639999389648438,31688,14415.75097750664,0,25.991333951952242,14389.759643554688,584.0,-42.33699608997345,25000,,27.472513077002688,26.176,30.824,36.4213,41.328,37.0973,134.8800048828125,-1.3967,MARA,11.141560486755386,154.0,180.3740692138672
2016-12-12,24.639999389648438,24.31999969482422,24.639999389648438,23.040000915527344,24.639999389648438,14038,14415.627777509691,0,1.228134565355564,14414.399642944336,585.0,-42.337488889961236,25000,Buy all cash ,13.157886481348442,25.792,30.216,36.0853,41.184,37.092,134.8800048828125,-1.3729,MARA,11.018691346130382,154.0,180.1746063232422
2016-12-13,24.799999237060547,24.479999542236328,24.959999084472656,24.15999984741211,24.799999237060547,7444,14509.227688245775,0,1.228134565355564,14507.99955368042,585.0,-41.963089247016896,25000,,16.666654625321513,25.472,29.496,35.744,41.032,37.0887,134.8800048828125,-1.1954,MARA,11.777195862731936,154.0,181.40594482421875
2016-12-14,24.31999969482422,24.479999542236328,25.280000686645508,24.0,24.31999969482422,2550,14228.427956037523,0,1.228134565355564,14227.199821472168,585.0,-43.08628817584991,25000,,21.153831605371295,25.056,28.84,35.4107,40.8907,37.084,134.8800048828125,-1.0734,MARA,10.853064270935064,154.0,179.90573120117188
2016-12-15,24.959999084472656,24.799999237060547,26.8799991607666,24.639999389648438,24.959999084472656,7600,14602.82759898186,0,1.228134565355564,14601.599464416504,585.0,-41.588689604072556,25000,,16.326518696278256,24.672,28.136,35.0933,40.7627,37.084,134.8800048828125,-0.7254,MARA,11.264392029724135,154.0,180.573471069336
2016-12-16,27.84000015258789,25.280000686645508,29.440000534057617,25.280000686645508,27.84000015258789,6919,16287.628223829272,0,1.228134565355564,16286.400089263916,585.0,-34.84948710468292,25000,,41.93548201026085,25.312,27.792,34.8293,40.6387,37.088,134.8800048828125,0.2897,MARA,11.07208941741944,154.0,180.26129150390625
2016-12-19,28.15999984741211,27.84000015258789,28.799999237060547,26.719999313354492,28.15999984741211,5613,16474.82804530144,0,1.228134565355564,16473.599910736084,585.0,-34.10068781879424,25000,,44.444440239531204,26.016,27.64,34.5467,40.5067,37.094,134.8800048828125,1.0685,MARA,11.323157166442876,154.0,180.6688690185547
2016-12-20,27.84000015258789,28.15999984741211,28.31999969482422,27.200000762939453,27.84000015258789,6800,16287.628223829272,0,1.228134565355564,16286.400089263916,585.0,-34.84948710468292,25000,,44.44444864935848,26.624,27.352,34.2747,40.3733,37.1013,134.8800048828125,1.5053,MARA,11.75052032562256,154.0,181.36264038085932
2016-12-21,26.719999313354492,27.84000015258789,28.0,24.959999084472656,26.719999313354492,15494,15632.427732877733,0,1.228134565355564,15631.199598312378,585.0,-37.47028906848907,25000,,43.74999650754027,27.104,27.096,33.976,40.224,37.1087,134.8800048828125,1.5138,MARA,11.44603570648195,154.0,180.86834716796875
2016-12-22,24.479999542236328,24.959999084472656,26.079999923706055,24.479999542236328,24.479999542236328,8294,14322.027866773607,0,1.228134565355564,14320.799732208252,585.0,-42.711888532905576,25000,,40.0,27.008,26.864,33.664,40.0573,37.108,134.8800048828125,0.98,MARA,11.304113953552264,154.0,180.6379547119141
2016-12-23,24.479999542236328,24.799999237060547,27.84000015258789,24.479999542236328,24.479999542236328,2594,14322.027866773607,0,1.228134565355564,14320.799732208252,585.0,-42.711888532905576,25000,,40.57970964415333,26.336,26.576,33.3573,39.896,37.1073,134.8800048828125,0.6516,MARA,11.400880921325696,154.0,180.7950439453125
2016-12-27,25.440000534057617,24.31999969482422,25.600000381469727,24.31999969482422,25.440000534057617,1738,14883.628446989062,0,1.228134565355564,14882.400312423706,585.0,-40.46548621204376,25000,,45.94594986443971,25.792,26.376,33.032,39.748,37.11,134.8800048828125,0.7029,MARA,11.675024231872545,154.0,181.24008178710932
2016-12-28,25.760000228881836,25.280000686645508,25.760000228881836,24.799999237060547,25.760000228881836,2100,15070.82826846123,0,1.228134565355564,15069.600133895874,585.0,-39.716686926155084,25000,,47.3684235292789,25.376,26.2,32.72,39.604,37.116,134.8800048828125,0.8392,MARA,10.793462586364754,154.0,179.80897521972656
2016-12-29,25.760000228881836,25.920000076293945,26.399999618530273,25.600000381469727,25.760000228881836,2275,15070.82826846123,0,1.228134565355564,15069.600133895874,585.0,-39.716686926155084,25000,,45.205484149737316,25.184,26.04,32.432,39.46,37.1167,134.8800048828125,0.9436,MARA,10.77196612640381,154.0,179.77407836914062
2016-12-30,27.520000457763672,26.239999771118164,27.84000015258789,25.440000534057617,27.520000457763672,3581,16100.428402357104,0,1.228134565355564,16099.200267791748,585.0,-35.59828639057159,25000,,62.85714674969082,25.792,26.016,32.184,39.3227,37.132,134.8800048828125,1.448,MARA,10.390340516052255,154.0,179.15455627441406
2017-01-03,28.639999389648438,25.440000534057617,29.760000228881836,25.440000534057617,28.639999389648438,5144,17750.758977613452,0,22.599355421068594,17728.159622192383,619.0,-31.727850086102105,26000,Buy all cash Monthly invest,66.233766635889,26.624,26.112,32.0,39.1853,37.148,134.8800048828125,2.0155,MARA,10.712439775613646,159.0,180.40234375
2017-01-04,29.440000534057617,29.440000534057617,29.920000076293945,28.0,29.440000534057617,3075,18245.959686002734,0,22.599355421068594,18223.360330581665,619.0,-29.823231976912556,26000,,67.90123820177658,27.424,26.256,31.8453,39.032,37.1547,134.8800048828125,2.5061,MARA,11.363496446756226,159.0,181.4669647216797
2017-01-05,32.79999923706055,29.600000381469727,32.959999084472656,29.600000381469727,32.79999923706055,7631,20325.798883161548,0,22.599355421068594,20303.19952774048,619.0,-21.823850449378668,26000,,76.7676750648607,28.832,26.576,31.7493,38.892,37.1833,134.8800048828125,3.4999,MARA,11.278124050140391,159.0,181.32736206054688
2017-01-06,30.399999618530273,32.0,33.439998626708984,29.280000686645508,30.399999618530273,6675,18840.19911929131,0,22.599355421068594,18817.59976387024,619.0,-27.537695695033428,26000,,65.45454663678632,29.76,26.776,31.6213,38.732,37.1933,134.8800048828125,3.4147,MARA,11.710360882979163,159.0,182.0341644287109
2017-01-09,30.399999618530273,30.399999618530273,30.399999618530273,29.600000381469727,30.399999618530273,4463,18840.19911929131,0,22.599355421068594,18817.59976387024,619.0,-27.537695695033428,26000,,58.69565076548564,30.336,26.952,31.4933,38.576,37.1993,134.8800048828125,3.21,MARA,11.358168253678546,159.0,181.458251953125
2017-01-10,29.920000076293945,29.920000076293945,30.399999618530273,29.600000381469727,29.920000076293945,3656,18543.07940264702,0,22.599355421068594,18520.480047225952,619.0,-28.68046383597299,26000,,55.913979597264856,30.592,27.216,31.3493,38.424,37.204,134.8800048828125,2.8288,MARA,11.34214634909998,159.0,181.4320526123047
2017-01-11,30.559999465942383,29.920000076293945,31.200000762939453,29.600000381469727,30.559999465942383,3738,18939.239024839404,0,22.599355421068594,18916.639669418335,619.0,-27.15677298138691,26000,,58.947366835998245,30.816,27.512,31.2,38.2733,37.2113,134.8800048828125,2.5996,MARA,11.65695764482939,159.0,181.94683837890625
2017-01-12,32.0,30.079999923706055,32.47999954223633,30.079999923706055,32.0,3688,19830.59935542107,0,22.599355421068594,19808.0,619.0,-23.728464017611273,26000,,67.01031307926348,30.656,27.872,31.104,38.1293,37.2167,134.8800048828125,2.6423,MARA,11.41148750980081,159.0,181.54544067382807
2017-01-13,30.8799991607666,30.559999465942383,32.15999984741211,30.559999465942383,30.8799991607666,1625,19137.318835935595,0,22.599355421068594,19114.719480514526,619.0,-26.39492755409386,26000,,72.22222148636239,30.752,28.2,31.0,37.976,37.2207,134.8800048828125,2.2893,MARA,11.630288685431832,159.0,181.9032287597656
2017-01-17,29.280000686645508,31.200000762939453,31.84000015258789,29.1200008392334,29.280000686645508,4681,18146.91978045464,0,22.599355421068594,18124.32042503357,619.0,-30.204154690559083,26000,,65.00000536441867,30.528,28.416,30.8667,37.82,37.206,134.8800048828125,1.6046,MARA,11.23544251750066,159.0,181.257568359375
2017-01-18,29.280000686645508,29.1200008392334,29.280000686645508,28.639999389648438,29.280000686645508,1763,18146.91978045464,0,22.599355421068594,18124.32042503357,619.0,-30.204154690559083,26000,,62.76596041489913,30.4,28.488,30.7547,37.6533,37.1813,134.8800048828125,1.0897,MARA,11.470228272364702,159.0,181.64149475097656
2017-01-19,28.0,28.959999084472656,29.280000686645508,28.0,28.0,2206,17354.59935542107,0,22.599355421068594,17332.0,619.0,-33.251540940688194,26000,,57.0000001192093,29.888,28.48,30.6,37.4773,37.1373,134.8800048828125,0.4283,MARA,11.096666882735027,159.0,181.0306396484375
2017-01-20,28.15999984741211,28.959999084472656,28.959999084472656,28.0,28.15999984741211,256,17453.639260969165,0,22.599355421068594,17431.039905548096,619.0,-32.87061822704167,26000,,57.42574234053661,29.12,28.496,30.408,37.3173,37.1007,134.8800048828125,0.0194,MARA,11.454215699122503,159.0,181.6153106689453
2017-01-23,28.479999542236328,28.15999984741211,28.479999542236328,28.0,28.479999542236328,2706,17651.719072065356,0,22.599355421068594,17629.119716644287,619.0,-32.10877279974863,26000,,53.26086703004774,28.64,28.584,30.2533,37.16,37.0693,134.8800048828125,-0.1738,MARA,11.198042521256667,159.0,181.1964111328125
2017-01-24,33.91999816894531,28.639999389648438,34.720001220703125,28.31999969482422,33.91999816894531,76669,21019.078221998217,0,22.599355421068594,20996.47886657715,619.0,-19.157391453853013,26000,,63.86554512412894,29.568,29.056,30.2267,37.0493,37.0647,134.8800048828125,0.8905,MARA,11.902465105203497,159.0,182.34829711914065
2017-01-25,34.08000183105469,34.400001525878906,36.63999938964844,32.15999984741211,34.08000183105469,31825,21118.12048884392,0,22.599355421068594,21095.52113342285,619.0,-18.77645965829261,26000,,62.60869943802667,30.528,29.536,30.2107,36.9467,37.0627,134.8800048828125,1.5163,MARA,12.830979732513438,159.0,183.8666229248047
2017-01-26,33.279998779296875,34.880001068115234,34.880001068115234,33.119998931884766,33.279998779296875,9400,20622.918599805835,0,22.599355421068594,20600.319244384766,619.0,-20.681082308439102,26000,,51.51514969070616,31.584,29.928,30.1547,36.8467,37.0553,134.8800048828125,1.6362,MARA,12.745625998570365,159.0,183.72705078125
2017-01-27,30.399999618530273,33.7599983215332,33.7599983215332,29.760000228881836,30.399999618530273,15288,18840.19911929131,0,22.599355421068594,18817.59976387024,619.0,-27.537695695033428,26000,,50.0,32.032,30.16,30.0747,36.712,37.0353,134.8800048828125,1.0102,MARA,12.58550959748488,159.0,183.46522521972656
2017-01-30,30.559999465942383,31.200000762939453,31.84000015258789,27.200000762939453,30.559999465942383,38975,18939.239024839404,0,22.599355421068594,18916.639669418335,619.0,-27.15677298138691,26000,,50.485436331373066,32.448,30.4,30.0053,36.5747,37.0033,134.8800048828125,0.5819,MARA,11.907783966944764,159.0,182.35699462890625
2017-01-31,28.0,30.399999618530273,31.200000762939453,27.200000762939453,28.0,24719,17354.59935542107,0,22.599355421068594,17332.0,619.0,-33.251540940688194,26000,,44.82758691563179,31.264,30.424,29.9307,36.408,36.9607,134.8800048828125,-0.2698,MARA,11.902465105203497,159.0,182.34829711914065
2017-02-01,25.600000381469727,28.15999984741211,28.799999237060547,25.600000381469727,25.600000381469727,10700,16864.007591476442,0,19.207340469362748,16844.80025100708,658.0,-37.54071262416132,27000,Buy all cash Monthly invest,37.79527995123497,29.568,30.272,29.8347,36.2347,36.908,134.8800048828125,-1.3253,MARA,11.456779763963487,165.0,182.3744659423828
2017-02-02,27.040000915527344,25.600000381469727,27.200000762939453,25.600000381469727,27.040000915527344,6681,17811.527942886354,0,19.207340469362748,17792.320602416992,658.0,-34.031377989309796,27000,,37.79527995123497,28.32,30.152,29.7227,36.08,36.86,134.8800048828125,-1.6339,MARA,11.50478391435412,165.0,182.45301818847656
2017-02-03,27.68000030517578,27.040000915527344,28.15999984741211,26.559999465942383,27.68000030517578,6269,18232.647541275026,0,19.207340469362748,18213.440200805664,658.0,-32.471675773055466,27000,,41.93548759238118,27.776,29.896,29.624,35.9053,36.8213,134.8800048828125,-1.6169,MARA,12.331335563659684,165.0,183.80555725097656
2017-02-06,25.920000076293945,27.84000015258789,28.959999084472656,25.280000686645508,25.920000076293945,11350,17074.567390670778,0,19.207340469362748,17055.360050201416,658.0,-36.76086151603416,27000,,41.60000007629393,26.848,29.672,29.472,35.7173,36.7753,134.8800048828125,-1.922,MARA,12.09668590545654,165.0,183.4215850830078
2017-02-07,25.600000381469727,26.559999465942383,26.8799991607666,25.280000686645508,25.600000381469727,7263,16864.007591476442,0,19.207340469362748,16844.80025100708,658.0,-37.54071262416132,27000,,40.94488270277262,26.368,29.432,29.28,35.5267,36.7267,134.8800048828125,-2.0969,MARA,12.123354877895776,165.0,183.46522521972656
2017-02-08,25.280000686645508,25.280000686645508,25.760000228881836,24.799999237060547,25.280000686645508,7350,16653.447792282106,0,19.207340469362748,16634.240451812744,658.0,-38.32056373228849,27000,,42.97520929848101,26.304,29.2,29.08,35.3427,36.6793,134.8800048828125,-2.1774,MARA,12.267311380174428,165.0,183.70079040527344
2017-02-09,25.600000381469727,24.799999237060547,26.079999923706055,24.799999237060547,25.600000381469727,3113,16864.007591476442,0,19.207340469362748,16844.80025100708,658.0,-37.54071262416132,27000,,43.44262511330989,26.016,28.952,28.8933,35.1573,36.6393,134.8800048828125,-2.0414,MARA,12.907254820929648,165.0,184.7479705810547
2017-02-10,25.280000686645508,25.600000381469727,25.920000076293945,24.959999084472656,25.280000686645508,5044,16653.447792282106,0,19.207340469362748,16634.240451812744,658.0,-38.32056373228849,27000,,41.803282613043855,25.536,28.616,28.6613,34.976,36.5907,134.8800048828125,-1.9184,MARA,13.36052477942571,165.0,185.4896850585937
2017-02-13,22.719999313354492,25.600000381469727,25.600000381469727,22.719999313354492,22.719999313354492,23669,14968.966888656618,0,19.207340469362748,14949.759548187256,658.0,-44.55938189386438,27000,,16.346167623110773,24.896,28.208,28.416,34.7827,36.5347,134.8800048828125,-2.3432,MARA,13.963094359503849,165.0,186.4757080078125
2017-02-14,21.760000228881836,23.200000762939453,23.68000030517578,20.959999084472656,21.760000228881836,12744,14337.28749107361,0,19.207340469362748,14318.080150604248,658.0,-46.89893521824588,27000,,14.678895570806318,24.128,27.832,28.128,34.5707,36.4813,134.8800048828125,-2.7263,MARA,14.437680846320266,165.0,187.25230407714844
2017-02-15,23.200000762939453,21.760000228881836,23.520000457763672,21.1200008392334,23.200000762939453,9994,15284.807842483522,0,19.207340469362748,15265.60050201416,658.0,-43.38960058339436,27000,,22.12389623262736,23.712,27.528,27.936,34.384,36.4467,134.8800048828125,-2.4641,MARA,15.018943222893611,165.0,188.20346069335932
2017-02-16,22.079999923706055,23.520000457763672,24.639999389648438,22.079999923706055,22.079999923706055,5331,14547.847290267946,0,19.207340469362748,14528.639949798584,658.0,-46.11908411011871,27000,,24.509804379889616,23.008,27.232,27.784,34.188,36.4087,134.8800048828125,-2.4339,MARA,14.928287366231284,165.0,188.0551147460937
2017-02-17,21.440000534057617,21.760000228881836,24.31999969482422,20.479999542236328,21.440000534057617,13025,14126.727691879274,0,19.207340469362748,14107.520351409912,658.0,-47.67878632637306,27000,,22.857144803417057,22.24,26.896,27.5813,33.976,36.366,134.8800048828125,-2.4337,MARA,15.104246635437011,165.0,188.34304809570312
2017-02-21,21.600000381469727,21.760000228881836,24.0,21.600000381469727,21.600000381469727,18688,14232.007591476442,0,19.207340469362748,14212.80025100708,658.0,-47.28886077230947,27000,,27.777778513637614,22.016,26.552,27.4107,33.7693,36.3253,134.8800048828125,-2.2411,MARA,15.781489338345022,165.0,189.4512634277344
2017-02-22,22.239999771118164,21.920000076293945,23.520000457763672,21.280000686645508,22.239999771118164,6906,14653.127189865114,0,19.207340469362748,14633.919849395752,658.0,-45.72915855605514,27000,,36.70885770333484,22.112,25.968,27.296,33.5653,36.282,134.8800048828125,-1.7983,MARA,15.728170043097611,165.0,189.364013671875
2017-02-23,21.760000228881836,22.8799991607666,22.8799991607666,21.600000381469727,21.760000228881836,1738,14337.28749107361,0,19.207340469362748,14318.080150604248,658.0,-46.89893521824588,27000,,27.397254234094092,21.824,25.352,27.1547,33.3627,36.2393,134.8800048828125,-1.5109,MARA,15.792184901767303,165.0,189.46876525878903
2017-02-24,21.600000381469727,21.600000381469727,23.520000457763672,21.1200008392334,21.600000381469727,13506,14232.007591476442,0,19.207340469362748,14212.80025100708,658.0,-47.28886077230947,27000,,22.857140424299956,21.728,24.768,27.024,33.144,36.194,134.8800048828125,-1.2485,MARA,15.93081693437366,165.0,189.69561767578125
2017-02-27,21.920000076293945,22.079999923706055,23.360000610351562,21.600000381469727,21.920000076293945,14406,14442.567390670778,0,19.207340469362748,14423.360050201416,658.0,-46.5090096641823,27000,,29.508193197252325,21.824,24.344,26.9013,32.94,36.1613,134.8800048828125,-0.8797,MARA,16.10146105872261,165.0,189.974853515625
2017-02-28,22.399999618530273,22.559999465942383,22.559999465942383,22.079999923706055,22.399999618530273,3069,14758.407089462282,0,19.207340469362748,14739.19974899292,658.0,-45.33923300199155,27000,,33.870960919342224,21.984,23.936,26.792,32.74,36.12,134.8800048828125,-0.413,MARA,15.760172810024686,165.0,189.4163818359375
2017-03-01,22.079999923706055,22.8799991607666,22.8799991607666,21.760000228881836,22.079999923706055,4069,15542.879290285113,0,20.63934391975647,15522.239946365356,703.0,-44.48971682041031,28000,Buy all cash Monthly invest,33.870960919342224,21.952,23.64,26.6933,32.5467,36.0773,134.8800048828125,-0.1271,MARA,16.763943634033197,170.0,192.10401916503903
2017-03-02,21.440000534057617,22.8799991607666,22.8799991607666,21.1200008392334,21.440000534057617,3388,15092.959719362261,0,20.63934391975647,15072.320375442505,703.0,-46.09657243084907,28000,,29.687496507539606,21.888,23.432,26.6053,32.3333,36.034,134.8800048828125,-0.0605,MARA,16.0805188206264,170.0,190.97837829589844
2017-03-03,21.600000381469727,21.920000076293945,21.920000076293945,20.799999237060547,21.600000381469727,2919,15205.439612092974,0,20.63934391975647,15184.800268173218,703.0,-45.69485852823938,28000,,31.7460266400647,21.888,23.16,26.5227,32.1373,35.99,134.8800048828125,0.087,MARA,16.144043884277348,170.0,191.0830078125
2017-03-06,22.8799991607666,21.1200008392334,23.040000915527344,21.1200008392334,22.8799991607666,2525,16105.278753938677,0,20.63934391975647,16084.63941001892,703.0,-42.481147307361866,28000,,50.9090905150104,22.08,22.92,26.464,31.9427,35.9487,134.8800048828125,0.5966,MARA,15.783812212262838,170.0,190.4896850585937
2017-03-07,22.399999618530273,23.360000610351562,23.360000610351562,21.760000228881836,22.399999618530273,2138,15767.839075746539,0,20.63934391975647,15747.199731826782,703.0,-43.68628901519094,28000,,53.846152082701934,22.08,22.744,26.3973,31.7493,35.896,134.8800048828125,0.812,MARA,15.434141802106604,170.0,189.91375732421875
2017-03-08,22.399999618530273,21.920000076293945,22.399999618530273,21.280000686645508,22.399999618530273,4144,15767.839075746539,0,20.63934391975647,15747.199731826782,703.0,-43.68628901519094,28000,,44.186034261881915,22.144,22.584,26.3227,31.5507,35.85,134.8800048828125,0.9642,MARA,15.190408259800511,170.0,189.51231384277344
2017-03-09,20.959999084472656,21.920000076293945,22.239999771118164,20.799999237060547,20.959999084472656,4081,14755.518700304034,0,20.63934391975647,14734.879356384277,703.0,-47.301718927485595,28000,,42.22221103714538,22.048,22.368,26.2613,31.3413,35.8,134.8800048828125,0.6574,MARA,15.31227966308597,170.0,189.71304321289065
2017-03-10,21.1200008392334,20.959999084472656,22.079999923706055,20.959999084472656,21.1200008392334,2256,14867.999933900835,0,20.63934391975647,14847.36058998108,703.0,-46.900000236068436,28000,,47.61904897062738,21.952,22.144,26.2027,31.144,35.7513,134.8800048828125,0.5267,MARA,15.71495093209403,170.0,190.3762664794922
2017-03-13,21.1200008392334,21.440000534057617,22.239999771118164,20.959999084472656,21.1200008392334,1606,14867.999933900835,0,20.63934391975647,14847.36058998108,703.0,-46.900000236068436,28000,,46.3414655421059,21.6,21.936,26.1413,30.9427,35.7027,134.8800048828125,0.468,MARA,15.783812212262838,170.0,190.4896850585937
2017-03-14,21.440000534057617,21.1200008392334,22.399999618530273,20.959999084472656,21.440000534057617,2494,15092.959719362261,0,20.63934391975647,15072.320375442505,703.0,-46.09657243084907,28000,,43.589747508524994,21.408,21.872,26.0933,30.752,35.6593,134.8800048828125,0.5504,MARA,15.391748526436944,170.0,189.84393310546875
2017-03-15,21.1200008392334,21.920000076293945,22.399999618530273,21.1200008392334,21.1200008392334,2075,14867.999933900835,0,20.63934391975647,14847.36058998108,703.0,-46.900000236068436,28000,,44.73684540746062,21.152,21.84,26.0293,30.5613,35.616,134.8800048828125,0.5312,MARA,16.350692574637236,170.0,191.42337036132807
2017-03-16,19.520000457763672,21.1200008392334,21.440000534057617,19.520000457763672,19.520000457763672,7981,13743.199665727618,0,20.63934391975647,13722.560321807861,703.0,-50.917144050972794,28000,,36.170210607346085,20.864,21.656,25.8907,30.36,35.5667,134.8800048828125,0.0688,MARA,16.154669995989135,170.0,191.1005096435547
2017-03-17,17.1200008392334,19.200000762939453,19.520000457763672,17.1200008392334,17.1200008392334,8594,12055.999933900835,0,20.63934391975647,12035.36058998108,703.0,-56.942857378925595,28000,,25.0,20.064,21.408,25.7067,30.1267,35.5107,134.8800048828125,-0.912,MARA,15.921553301130032,170.0,190.716552734375
2017-03-20,16.799999237060547,17.1200008392334,18.079999923706055,16.31999969482422,16.799999237060547,12394,11830.954807577136,0,3.7553446865106217,11827.199462890625,704.0,-57.7465899729388,28000,Buy all cash ,20.338982708390446,19.2,21.176,25.5227,29.8987,35.454,134.8800048828125,-1.5663,MARA,15.820887799944217,170.0,190.55075073242188
2017-03-21,10.399999618530273,16.799999237060547,17.600000381469727,10.079999923706055,10.399999618530273,48338,7325.355076131823,0,3.7553446865106217,7321.5997314453125,704.0,-73.83801758524349,28000,,12.37113414731563,16.992,20.616,25.2507,29.6133,35.3687,134.8800048828125,-3.9782,MARA,14.342783617292133,170.0,188.11622619628903
2017-03-22,12.0,13.4399995803833,13.600000381469727,10.720000267028809,12.0,51938,8451.755344686511,0,3.7553446865106217,8448.0,704.0,-69.81515948326246,28000,,21.35922419990031,15.168,20.104,25.0427,29.3533,35.292,134.8800048828125,-4.8691,MARA,14.575909576416034,170.0,188.5001983642578
2017-03-23,11.680000305175781,12.640000343322754,12.640000343322754,11.199999809265137,11.680000305175781,21919,8226.475559530261,0,3.7553446865106217,8222.72021484375,704.0,-70.61973014453477,28000,,20.19230978640563,13.6,19.6,24.8293,29.0933,35.2133,134.8800048828125,-5.3466,MARA,14.458809269496388,170.0,188.3073272705078
2017-03-24,13.600000381469727,12.0,13.600000381469727,12.0,13.600000381469727,32819,9578.155613241199,0,3.7553446865106217,9574.400268554688,704.0,-65.79230138128142,28000,,23.148155711150636,12.896,19.2,24.632,28.832,35.1387,134.8800048828125,-4.6679,MARA,14.421539132254455,170.0,188.24594116210932
2017-03-27,16.959999084472656,14.239999771118164,18.079999923706055,13.920000076293945,16.959999084472656,44469,11943.594700155261,0,3.7553446865106217,11939.83935546875,704.0,-57.344304642302646,28000,,36.50793635776104,12.928,18.952,24.4853,28.6027,35.0813,134.8800048828125,-2.6599,MARA,14.235262560163232,170.0,187.9391326904297
2017-03-28,16.799999237060547,16.959999084472656,18.399999618530273,16.799999237060547,16.799999237060547,32288,11830.954807577136,0,3.7553446865106217,11827.199462890625,704.0,-57.7465899729388,28000,,36.220472588764686,14.208,18.672,24.336,28.384,35.0247,134.8800048828125,-1.2152,MARA,15.08153462001256,170.0,189.3329925537109
2017-03-29,15.520000457763672,16.799999237060547,17.1200008392334,14.5600004196167,15.520000457763672,12394,10929.835666952136,0,3.7553446865106217,10926.080322265625,704.0,-60.964872618028075,28000,,36.50793981179691,14.912,18.344,24.136,28.16,34.966,134.8800048828125,-0.6244,MARA,15.251867392403762,170.0,189.6135406494141
2017-03-30,15.199999809265137,16.15999984741211,16.15999984741211,14.5600004196167,15.199999809265137,9806,10704.555210409168,0,3.7553446865106217,10700.799865722656,704.0,-61.76944567711011,28000,,35.43306742933083,15.616,18.032,23.912,27.956,34.9027,134.8800048828125,-0.2458,MARA,15.560571223667695,170.0,190.1219940185547
2017-03-31,16.31999969482422,18.559999465942383,19.200000762939453,12.479999542236328,16.31999969482422,53006,11493.035129842761,0,3.7553446865106217,11489.27978515625,704.0,-58.95344596484728,28000,,38.8059667633804,16.16,17.768,23.6933,27.7693,34.846,134.8800048828125,0.5384,MARA,15.28381057739261,170.0,189.6661529541016
2017-04-03,14.399999618530273,16.15999984741211,16.31999969482422,14.239999771118164,14.399999618530273,9894,11136.38707626343,0,5.187371139528864,11131.199705123901,773.0,-61.59866525426403,29000,Buy all cash Monthly invest,34.72221957772591,15.648,17.344,23.3867,27.568,34.7887,134.8800048828125,0.3605,MARA,14.60169170511183,175.0,189.429443359375
2017-04-04,14.720000267028809,14.239999771118164,15.520000457763672,14.239999771118164,14.720000267028809,5413,11383.747577552798,0,5.187371139528864,11378.560206413269,773.0,-60.74569800843863,29000,,36.111109846352065,15.232,16.96,23.1253,27.3733,34.7207,134.8800048828125,0.4454,MARA,14.665180106327448,175.0,189.5346527099609
2017-04-05,14.399999618530273,14.880000114440918,15.680000305175781,14.239999771118164,14.399999618530273,8238,11136.38707626343,0,5.187371139528864,11131.199705123901,773.0,-61.59866525426403,29000,,38.23529231300818,15.008,16.56,22.8587,27.176,34.656,134.8800048828125,0.4412,MARA,14.316035335146138,175.0,188.95606994628903
2017-04-06,13.119999885559082,14.079999923706055,14.399999618530273,12.960000038146973,13.119999885559082,14388,10146.9472826767,0,5.187371139528864,10141.75991153717,773.0,-65.01052661145965,29000,,40.310075370303096,14.592,16.168,22.5787,26.964,34.5933,134.8800048828125,-0.0183,MARA,14.612271570666111,175.0,189.4469757080078
2017-04-07,13.279999732971191,12.960000038146973,14.399999618530273,12.960000038146973,13.279999732971191,3794,10270.62716472626,0,5.187371139528864,10265.439793586731,773.0,-64.58404425956462,29000,,41.40625061845643,13.984,15.776,22.2907,26.7453,34.5267,134.8800048828125,-0.1654,MARA,14.511739828175529,175.0,189.28038024902344
2017-04-10,13.600000381469727,13.279999732971191,14.399999618530273,13.119999885559082,13.600000381469727,6050,10517.987666015628,0,5.187371139528864,10512.800294876099,773.0,-63.73107701373921,29000,,61.111114054550434,13.824,15.4,21.984,26.544,34.4627,134.8800048828125,-0.0305,MARA,14.591121047447489,175.0,189.41192626953125
2017-04-11,13.4399995803833,13.600000381469727,14.239999771118164,13.279999732971191,13.4399995803833,6481,10394.30704677582,0,5.187371139528864,10389.119675636292,773.0,-64.15756190766959,29000,,55.55555392031153,13.568,15.0,21.6933,26.3467,34.3973,134.8800048828125,0.0779,MARA,14.448279050629733,175.0,189.1752166748047
2017-04-12,13.4399995803833,13.600000381469727,14.239999771118164,13.279999732971191,13.4399995803833,2175,10394.30704677582,0,5.187371139528864,10389.119675636292,773.0,-64.15756190766959,29000,,56.9620222602971,13.376,14.616,21.4293,26.148,34.334,134.8800048828125,0.2335,MARA,13.977452013739232,175.0,188.39498901367188
2017-04-13,13.4399995803833,13.600000381469727,13.760000228881836,13.119999885559082,13.4399995803833,4838,10394.30704677582,0,5.187371139528864,10389.119675636292,773.0,-64.15756190766959,29000,,49.25372762546222,13.44,14.312,21.1653,25.96,34.2747,134.8800048828125,0.4125,MARA,13.220940983213248,175.0,187.141342163086
2017-04-17,13.279999732971191,13.600000381469727,13.920000076293945,13.279999732971191,13.279999732971191,1569,10270.62716472626,0,5.187371139528864,10265.439793586731,773.0,-64.58404425956462,29000,,25.53192379788551,13.44,14.12,20.92,25.76,34.2113,134.8800048828125,0.5269,MARA,14.210218263823426,175.0,188.7807159423828
2017-04-18,10.239999771118164,13.279999732971191,13.760000228881836,10.079999923706055,10.239999771118164,68025,7920.70719421387,0,5.187371139528864,7915.519823074341,773.0,-72.68721657167632,29000,,18.4615456564176,12.768,13.792,20.6213,25.5147,34.1387,134.8800048828125,-0.7237,MARA,13.8980892102472,175.0,188.2634735107422
2017-04-19,8.640000343322754,10.079999923706055,10.5600004196167,8.319999694824219,8.640000343322754,48263,6683.907636528018,0,5.187371139528864,6678.720265388489,773.0,-76.95204263266201,29000,,17.910453736263037,11.808,13.704,20.2907,25.272,34.0633,134.8800048828125,-2.2195,MARA,13.649457765776551,175.0,187.85145568847656
2017-04-20,9.119999885559082,8.479999542236328,9.600000381469727,8.479999542236328,9.119999885559082,22288,7054.9472826767,0,5.187371139528864,7049.75991153717,773.0,-75.6725955769769,29000,,22.058826623078147,10.944,13.56,19.8773,25.052,33.992,134.8800048828125,-2.8235,MARA,14.575246645171092,175.0,189.3856201171875
2017-04-21,9.600000381469727,9.4399995803833,9.760000228881836,9.119999885559082,9.600000381469727,14219,7425.987666015628,0,5.187371139528864,7420.800294876099,773.0,-74.39314597925646,29000,,17.1875087311477,10.176,13.456,19.4693,24.84,33.9227,134.8800048828125,-2.783,MARA,14.241957860486275,175.0,188.83331298828125
2017-04-24,9.600000381469727,9.119999885559082,9.760000228881836,9.119999885559082,9.600000381469727,7831,7425.987666015628,0,5.187371139528864,7420.800294876099,773.0,-74.39314597925646,29000,,21.153856293687625,9.44,13.256,19.0747,24.6147,33.85,134.8800048828125,-2.5533,MARA,15.458697646568552,175.0,190.84962463378903
2017-04-25,9.760000228881836,9.279999732971191,9.760000228881836,9.119999885559082,9.760000228881836,8381,7549.667548065188,0,5.187371139528864,7544.480176925659,773.0,-73.96666362736141,29000,,19.607845887180574,9.344,12.896,18.7307,24.4027,33.7773,134.8800048828125,-2.1135,MARA,16.151711067988984,175.0,191.998046875
2017-04-26,9.4399995803833,9.760000228881836,9.760000228881836,9.279999732971191,9.4399995803833,5525,7302.307046775821,0,5.187371139528864,7297.1196756362915,773.0,-74.81963087318682,29000,,19.607845887180574,9.504,12.528,18.3787,24.192,33.6933,134.8800048828125,-1.8141,MARA,16.06709976722456,175.0,191.8578338623047
2017-04-27,9.4399995803833,9.119999885559082,9.600000381469727,9.119999885559082,9.4399995803833,10169,7302.307046775821,0,5.187371139528864,7297.1196756362915,773.0,-74.81963087318682,29000,,23.255815887657178,9.568,12.224,18.0693,24.0,33.6033,134.8800048828125,-1.4382,MARA,16.156987188931193,175.0,192.0067901611328
2017-04-28,8.640000343322754,9.4399995803833,9.600000381469727,8.319999694824219,8.640000343322754,6675,6683.907636528018,0,5.187371139528864,6678.720265388489,773.0,-76.95204263266201,29000,,19.14894210639251,9.376,11.896,17.7867,23.8107,33.4967,134.8800048828125,-1.4938,MARA,15.934837635961063,175.0,191.6386566162109
2017-05-01,9.279999732971191,8.800000190734863,9.4399995803833,8.319999694824219,9.279999732971191,4150,8173.66236486912,0,7.262599854471887,8166.399765014648,880.0,-72.7544587837696,30000,Buy all cash Monthly invest,22.44897264085705,9.312,11.544,17.4907,23.6067,33.3853,134.8800048828125,-0.9791,MARA,15.65866641616822,180.0,192.1032257080078
2017-05-02,8.640000343322754,8.640000343322754,9.4399995803833,8.319999694824219,8.640000343322754,2763,7610.462901978495,0,7.262599854471887,7603.200302124023,880.0,-74.63179032673834,30000,,21.153843067806037,9.088,11.256,17.1733,23.3987,33.2793,134.8800048828125,-0.8793,MARA,15.695507236480722,180.0,192.1646270751953
2017-05-03,9.119999885559082,8.319999694824219,9.760000228881836,8.0,9.119999885559082,27188,8032.862499146464,0,7.262599854471887,8025.599899291992,880.0,-73.22379166951178,30000,,25.45453974037943,9.024,10.976,16.8933,23.1827,33.1707,134.8800048828125,-0.3659,MARA,15.579775424957276,180.0,191.97174072265625
2017-05-04,8.640000343322754,9.119999885559082,9.279999732971191,8.0,8.640000343322754,8288,7610.462901978495,0,7.262599854471887,7603.200302124023,880.0,-74.63179032673834,30000,,24.137926427701288,8.864,10.688,16.6107,22.9453,33.0567,134.8800048828125,-0.2025,MARA,15.684960361480726,180.0,192.1470489501953
2017-05-05,8.0,8.319999694824219,8.479999542236328,7.199999809265137,8.0,7094,7047.262599854472,0,7.262599854471887,7040.0,880.0,-76.50912466715177,30000,,22.95081374530382,8.736,10.432,16.3227,22.7013,32.9427,134.8800048828125,-0.3882,MARA,16.147850986480726,180.0,192.9185333251953
2017-05-08,7.679999828338623,8.319999694824219,8.479999542236328,7.199999809265137,7.679999828338623,13781,6765.66244879246,0,7.262599854471887,6758.399848937988,880.0,-77.44779183735847,30000,,31.818175968550406,8.416,10.152,16.024,22.4587,32.8227,134.8800048828125,-0.5977,MARA,16.153133579254188,180.0,192.9273376464844
2017-05-09,6.71999979019165,7.679999828338623,8.0,6.71999979019165,6.71999979019165,12600,5920.862415223124,0,7.262599854471887,5913.599815368652,880.0,-80.26379194925626,30000,,34.99999143182988,8.032,9.808,15.7147,22.188,32.6933,134.8800048828125,-1.2649,MARA,16.005834384918227,180.0,192.6818389892578
2017-05-10,6.400000095367432,7.039999961853027,7.039999961853027,5.760000228881836,6.400000095367432,39488,5639.262683777812,0,7.262599854471887,5632.00008392334,880.0,-81.20245772074063,30000,,28.20512409040805,7.488,9.456,15.4427,21.9293,32.546,134.8800048828125,-1.7877,MARA,16.22151431655885,180.0,193.0413055419922
2017-05-11,6.079999923706055,6.079999923706055,6.559999942779541,6.079999923706055,6.079999923706055,7569,5357.6625327158,0,7.262599854471887,5350.399932861328,880.0,-82.14112489094734,30000,,21.052618370157518,6.976,9.088,15.1813,21.6547,32.3927,134.8800048828125,-2.2033,MARA,15.98480472183228,180.0,192.64678955078125
2017-05-12,5.920000076293945,5.920000076293945,6.400000095367432,5.119999885559082,5.920000076293945,22563,5216.862666993144,0,7.262599854471887,5209.600067138672,880.0,-82.61045777668951,30000,,20.51280797272001,6.56,8.712,14.8933,21.4147,32.2387,134.8800048828125,-2.4163,MARA,15.80596561050418,180.0,192.3487243652344
2017-05-15,6.079999923706055,6.400000095367432,6.400000095367432,5.440000057220459,6.079999923706055,27025,5357.632132716181,0,1.1521999311473028,5356.479932785034,881.0,-82.1412262242794,30000,Buy all cash ,20.51280797272001,6.24,8.352,14.6267,21.2053,32.074,134.8800048828125,-2.228,MARA,16.389834018707283,180.0,193.32183837890625
2017-05-16,5.440000057220459,5.760000228881836,5.760000228881836,4.480000019073486,5.440000057220459,56019,4793.7922503423715,0,1.1521999311473028,4792.640050411224,881.0,-84.02069249885876,30000,,19.51218519374899,5.984,8.112,14.36,20.9707,31.9087,134.8800048828125,-2.4306,MARA,16.368804355621357,180.0,193.2867889404297
2017-05-17,4.960000038146973,5.440000057220459,5.440000057220459,4.800000190734863,4.960000038146973,12581,4370.91223353863,0,1.1521999311473028,4369.760033607483,881.0,-85.43029255487123,30000,,18.181808329806714,5.696,7.928,14.0827,20.7467,31.7447,134.8800048828125,-2.7787,MARA,14.312127109527603,180.0,189.85899353027344
2017-05-18,4.800000190734863,4.480000019073486,5.440000057220459,4.480000019073486,4.800000190734863,9375,4229.952367968562,0,1.1521999311473028,4228.800168037415,881.0,-85.90015877343814,30000,,19.99998807906678,5.44,7.712,13.792,20.544,31.5787,134.8800048828125,-2.9453,MARA,14.727694126129132,180.0,190.55160522460932
2017-05-19,4.320000171661377,4.639999866485596,6.239999771118164,4.0,4.320000171661377,95600,3807.0723511648202,0,1.1521999311473028,3805.920151233673,881.0,-87.3097588294506,30000,,10.256403202604261,5.12,7.448,13.5013,20.328,31.414,134.8800048828125,-3.2897,MARA,15.437758823394775,180.0,191.73504638671875
2017-05-22,2.880000114440918,4.800000190734863,4.800000190734863,2.559999942779541,2.880000114440918,170588,2538.432300753596,0,1.1521999311473028,2537.2801008224487,881.0,-91.53855899748802,30000,,9.09090170190251,4.48,7.112,13.1893,20.1067,31.2373,134.8800048828125,-4.7451,MARA,16.079488559722876,180.0,192.8045959472656
2017-05-23,3.8399999141693115,3.359999895095825,4.480000019073486,3.0399999618530273,3.8399999141693115,123306,3384.1921243143106,0,1.1521999311473028,3383.0399243831635,881.0,-88.71935958561896,30000,,14.893613783359868,4.16,6.816,12.888,19.8947,31.0707,134.8800048828125,-4.4875,MARA,16.305642124176046,180.0,193.1815185546875
2017-05-24,4.480000019073486,4.0,6.079999923706055,4.0,4.480000019073486,340900,3948.0322167348886,0,1.1521999311473028,3946.8800168037415,881.0,-86.83989261088371,30000,,22.9166639503091,4.064,6.568,12.5893,19.6907,30.9093,134.8800048828125,-3.3273,MARA,16.584447666168224,180.0,193.6461944580078
2017-05-25,4.0,4.960000038146973,5.599999904632568,3.8399999141693115,4.0,189444,3525.152199931147,0,1.1521999311473028,3524.0,881.0,-88.24949266689617,30000,,23.40425356527743,3.904,6.296,12.288,19.4907,30.7533,134.8800048828125,-2.8236,MARA,17.126229282379146,180.0,194.54916381835932
2017-05-26,4.0,4.159999847412109,4.320000171661377,3.359999895095825,4.0,58788,3525.152199931147,0,1.1521999311473028,3524.0,881.0,-88.24949266689617,30000,,24.444443267068635,3.84,6.064,11.9973,19.3013,30.6,134.8800048828125,-2.2414,MARA,17.13147525405885,180.0,194.5579071044922
2017-05-30,4.0,3.680000066757202,4.0,3.5199999809265137,4.0,27525,3525.152199931147,0,1.1521999311473028,3524.0,881.0,-88.24949266689617,30000,,28.205127421372097,4.064,5.8,11.704,19.1133,30.4433,134.8800048828125,-1.6207,MARA,17.02102603530884,180.0,194.3738250732422
2017-05-31,3.680000066757202,3.680000066757202,4.0,3.0399999618530273,3.680000066757202,33475,3243.2322587442422,0,1.1521999311473028,3242.080058813095,881.0,-89.18922580418585,30000,,28.205126343707533,4.032,5.552,11.384,18.924,30.3007,134.8800048828125,-1.3919,MARA,16.994732089996354,180.0,194.3300018310547
2017-06-01,3.5199999809265137,3.359999895095825,3.8399999141693115,3.359999895095825,3.5199999809265137,20194,4097.291383154395,0,0.011405355932993189,4097.279977798462,1164.0,-86.7829310220826,31000,Buy all cash Monthly invest,28.947366976341584,3.84,5.272,11.0693,18.7333,30.1433,134.8800048828125,-1.2465,MARA,17.311345921178024,185.0,195.8466339111328
2017-06-02,4.320000171661377,3.5199999809265137,4.960000038146973,3.5199999809265137,4.320000171661377,157475,5028.4916051697755,0,0.011405355932993189,5028.480199813843,1164.0,-83.77905933816201,31000,,38.09523843313291,3.904,5.056,10.768,18.5453,30.0,134.8800048828125,0.1099,MARA,17.67755488980203,185.0,196.4602813720703
2017-06-05,3.5199999809265137,4.320000171661377,4.320000171661377,3.5199999809265137,3.5199999809265137,117531,4097.291383154395,0,0.011405355932993189,4097.279977798462,1164.0,-86.7829310220826,31000,,32.60869635638757,3.808,4.832,10.4773,18.3693,29.8487,134.8800048828125,0.0997,MARA,17.59906072555053,185.0,196.3287506103516
2017-06-06,3.680000066757202,3.680000066757202,4.159999847412109,3.359999895095825,3.680000066757202,134644,4283.531483061316,0,0.011405355932993189,4283.520077705383,1164.0,-86.18215650625382,31000,,37.209303050894775,3.744,4.632,10.1867,18.1947,29.6893,134.8800048828125,0.4674,MARA,17.264240316575584,185.0,195.7677001953125
2017-06-07,3.680000066757202,3.8399999141693115,3.8399999141693115,3.359999895095825,3.680000066757202,61469,4283.531483061316,0,0.011405355932993189,4283.520077705383,1164.0,-86.18215650625382,31000,,40.00000074505802,3.744,4.48,9.896,18.0187,29.5253,134.8800048828125,0.8572,MARA,17.457807654103963,185.0,196.0920562744141
2017-06-08,3.359999895095825,3.680000066757202,3.680000066757202,3.200000047683716,3.359999895095825,52456,3911.0512832474733,0,0.011405355932993189,3911.0398778915405,1164.0,-87.38370553791137,31000,,39.02438909152245,3.712,4.328,9.5947,17.844,29.3673,134.8800048828125,0.7803,MARA,17.49968638512398,185.0,196.1622314453125
2017-06-09,3.200000047683716,3.5199999809265137,3.5199999809265137,3.0399999618530273,3.200000047683716,57638,3724.811460859778,0,0.011405355932993189,3724.800055503845,1164.0,-87.98447915851685,31000,,41.025640731732544,3.488,4.184,9.296,17.6627,29.2127,134.8800048828125,0.6142,MARA,17.363678399362882,185.0,195.934326171875
2017-06-12,3.200000047683716,2.880000114440918,3.200000047683716,2.7200000286102295,3.200000047683716,69988,3724.811460859778,0,0.011405355932993189,3724.800055503845,1164.0,-87.98447915851685,31000,,53.33333233992268,3.424,4.048,9.024,17.4573,29.048,134.8800048828125,0.6335,MARA,17.316563688708886,185.0,195.8553771972656
2017-06-13,3.200000047683716,3.200000047683716,3.200000047683716,2.880000114440918,3.200000047683716,19006,3724.811460859778,0,0.011405355932993189,3724.800055503845,1164.0,-87.98447915851685,31000,,41.666669771074744,3.328,3.904,8.792,17.2493,28.878,134.8800048828125,0.7785,MARA,17.8868028480776,185.0,196.8109130859375
2017-06-14,2.880000114440918,3.0399999618530273,3.359999895095825,2.7200000286102295,2.880000114440918,95875,3352.3315385651613,0,0.011405355932993189,3352.3201332092285,1164.0,-89.18602729495109,31000,,27.272731582979944,3.168,3.776,8.56,17.0413,28.7073,134.8800048828125,0.4781,MARA,17.761248609481296,185.0,196.6005249023437
2017-06-15,2.559999942779541,2.880000114440918,2.880000114440918,2.559999942779541,2.559999942779541,78594,2979.8513387513185,0,0.011405355932993189,2979.8399333953857,1164.0,-90.38757632660865,31000,,28.57143161248132,3.008,3.656,8.4293,16.84,28.532,134.8800048828125,-0.1384,MARA,17.525820753036015,185.0,196.20602416992188
2017-06-16,2.559999942779541,2.7200000286102295,2.7200000286102295,2.4000000953674316,2.559999942779541,63481,2979.8513387513185,0,0.011405355932993189,2979.8399333953857,1164.0,-90.38757632660865,31000,,28.57143161248132,2.88,3.544,8.272,16.6573,28.3573,134.8800048828125,-0.4095,MARA,17.5572366308397,185.0,196.2586669921875
2017-06-19,2.559999942779541,2.559999942779541,2.7200000286102295,2.240000009536743,2.559999942779541,65388,2979.8513387513185,0,0.011405355932993189,2979.8399333953857,1164.0,-90.38757632660865,31000,,28.57143161248132,2.752,3.456,8.12,16.4747,28.1853,134.8800048828125,-0.4325,MARA,18.514619571316658,185.0,197.8629302978516
2017-06-20,2.4000000953674316,2.559999942779541,2.559999942779541,2.0799999237060547,2.4000000953674316,113519,2793.611516363623,0,0.011405355932993189,2793.6001110076904,1164.0,-90.98834994721412,31000,,30.000003725289687,2.592,3.432,7.9333,16.2827,28.0153,134.8800048828125,-0.5876,MARA,17.740350221203236,185.0,196.5655059814453
2017-06-21,4.800000190734863,2.559999942779541,5.440000057220459,2.240000009536743,4.800000190734863,927300,5587.211627371314,0,0.011405355932993189,5587.200222015381,1164.0,-81.97673668589898,31000,,61.76470665576954,2.976,3.48,7.7307,16.108,27.856,134.8800048828125,4.009,MARA,17.693253722652337,185.0,196.4865875244141
2017-06-22,3.5199999809265137,4.480000019073486,5.920000076293945,3.5199999809265137,3.5199999809265137,953050,4097.291383154395,0,0.011405355932993189,4097.279977798462,1164.0,-86.7829310220826,31000,,43.243242263619884,3.168,3.432,7.5093,15.9227,27.6913,134.8800048828125,4.6055,MARA,17.625231517668706,185.0,196.3726043701172
2017-06-23,5.440000057220459,4.0,7.679999828338623,3.8399999141693115,5.440000057220459,2134063,6332.171471960547,0,0.011405355932993189,6332.160066604614,1164.0,-79.5736404130305,31000,,63.63636332848843,3.744,3.504,7.3413,15.7387,27.5307,134.8800048828125,8.3166,MARA,17.82490901577858,185.0,196.7071990966797
2017-06-26,8.15999984741211,6.71999979019165,8.800000190734863,5.920000076293945,8.15999984741211,2059113,9498.251227743629,0,0.011405355932993189,9498.239822387695,1164.0,-69.36047991050442,31000,,73.33333184321724,4.864,3.712,7.224,15.568,27.3767,134.8800048828125,14.4397,MARA,17.86173388819541,185.0,196.76890563964844
2017-06-27,7.360000133514404,8.15999984741211,8.15999984741211,6.71999979019165,7.360000133514404,475525,8567.0515607667,0,0.011405355932993189,8567.040155410767,1164.0,-72.36434980397839,31000,,67.69230825661202,5.856,3.88,7.0747,15.384,27.208,134.8800048828125,15.9768,MARA,16.926269213768762,185.0,195.2013702392578
2017-06-28,6.079999923706055,6.400000095367432,7.039999961853027,5.760000228881836,6.079999923706055,330406,7077.13131654978,0,0.011405355932993189,7077.119911193848,1164.0,-77.17054414016201,31000,,61.97183122239494,6.112,4.0,6.936,15.1613,27.0267,134.8800048828125,14.357,MARA,17.956318445513354,185.0,196.92739868164065
2017-06-29,6.559999942779541,6.400000095367432,8.319999694824219,5.119999885559082,6.559999942779541,606488,7635.8513387513185,0,0.011405355932993189,7635.839933395386,1164.0,-75.36822148789896,31000,,64.38356111255008,6.72,4.152,6.8,14.9627,26.8473,134.8800048828125,13.2285,MARA,16.942040895031376,185.0,195.2277984619141
2017-06-30,6.079999923706055,6.239999771118164,6.559999942779541,5.760000228881836,6.079999923706055,218163,7077.13131654978,0,0.011405355932993189,7077.119911193848,1164.0,-77.17054414016201,31000,,61.84210466979449,6.848,4.24,6.6613,14.76,26.668,134.8800048828125,11.2579,MARA,17.136491519558827,185.0,195.5536346435547
2017-07-03,5.920000076293945,6.079999923706055,6.079999923706055,5.760000228881836,5.920000076293945,78869,7885.918694097998,0,0.4785924744633121,7885.440101623535,1332.0,-75.35650408094375,32000,Buy all cash Monthly invest,61.03896121488974,6.4,4.36,6.5413,14.56,26.492,134.8800048828125,9.2683,MARA,16.835118843317055,190.0,195.9851226806641
2017-07-05,5.440000057220459,5.760000228881836,5.920000076293945,5.28000020980835,5.440000057220459,111381,7246.558668692114,0,0.4785924744633121,7246.080076217651,1332.0,-77.35450416033714,32000,,60.2564100114865,6.016,4.448,6.4107,14.3507,26.312,134.8800048828125,6.9917,MARA,17.03903014779089,190.0,196.3285522460937
2017-07-06,6.559999942779541,5.599999904632568,7.519999980926514,5.440000057220459,6.559999942779541,660388,8738.398516256811,0,0.4785924744633121,8737.919923782349,1332.0,-72.69250463669746,32000,,65.06024126668059,6.112,4.592,6.2933,14.1387,26.134,134.8800048828125,6.5002,MARA,15.993281437158569,190.0,194.5672912597656
2017-07-07,5.920000076293945,7.039999961853027,7.039999961853027,5.760000228881836,5.920000076293945,231763,7885.918694097998,0,0.4785924744633121,7885.440101623535,1332.0,-75.35650408094375,32000,,62.06896634409934,5.984,4.72,6.168,13.9307,25.9533,134.8800048828125,5.0931,MARA,16.725339962244014,190.0,195.8002319335937
2017-07-10,6.079999923706055,6.079999923706055,6.239999771118164,5.760000228881836,6.079999923706055,84444,8099.038490850928,0,0.4785924744633121,8098.559898376465,1332.0,-74.69050471609084,32000,,62.50000042332846,5.984,4.864,6.0453,13.7373,25.7787,134.8800048828125,4.1022,MARA,16.845564914941804,190.0,196.00271606445312
2017-07-11,5.920000076293945,6.239999771118164,6.239999771118164,5.599999904632568,5.920000076293945,99150,7885.918694097998,0,0.4785924744633121,7885.440101623535,1332.0,-75.35650408094375,32000,,62.50000042332846,5.984,5.0,5.92,13.5427,25.598,134.8800048828125,3.0565,MARA,16.756687237024302,190.0,195.85302734375
2017-07-12,5.599999904632568,5.920000076293945,6.079999923706055,5.440000057220459,5.599999904632568,86731,7459.678465445044,0,0.4785924744633121,7459.199872970581,1332.0,-76.68850479548423,32000,,53.33333227369516,6.016,5.12,5.792,13.356,25.4167,134.8800048828125,1.8518,MARA,17.629871917963037,190.0,197.3236541748047
2017-07-13,5.28000020980835,5.760000228881836,5.760000228881836,4.800000190734863,5.28000020980835,153863,7033.4388719391845,0,0.4785924744633121,7032.960279464722,1332.0,-78.02050352519005,32000,,57.97101624546335,5.76,5.24,5.7093,13.1653,25.2413,134.8800048828125,0.6053,MARA,17.828573776483548,190.0,197.65830993652344
2017-07-14,5.119999885559082,5.440000057220459,5.440000057220459,4.800000190734863,5.119999885559082,74350,6820.31844003916,0,0.4785924744633121,6819.839847564697,1332.0,-78.68650487487763,32000,,48.275861005862374,5.6,5.368,5.6507,12.9707,25.0653,134.8800048828125,-0.4294,MARA,18.36193044304848,190.0,198.5565948486328
2017-07-17,4.800000190734863,5.119999885559082,5.119999885559082,4.639999866485596,4.800000190734863,72650,6394.078846533301,0,0.4785924744633121,6393.600254058838,1332.0,-80.01850360458343,32000,,25.581394865294882,5.344,5.48,5.5787,12.728,24.8887,134.8800048828125,-1.4684,MARA,18.3776040804386,190.0,198.5829925537109
2017-07-18,4.639999866485596,4.960000038146973,4.960000038146973,4.639999866485596,4.639999866485596,61088,6180.958414633276,0,0.4785924744633121,6180.4798221588135,1332.0,-80.684504954271,32000,,28.205125266043055,5.088,5.584,5.496,12.4827,24.7147,134.8800048828125,-2.2788,MARA,18.466499878168108,190.0,198.7327117919922
2017-07-19,4.800000190734863,5.119999885559082,5.119999885559082,4.480000019073486,4.800000190734863,40488,6394.078846533301,0,0.4785924744633121,6393.600254058838,1332.0,-80.01850360458343,32000,,37.50000232830649,4.928,5.704,5.416,12.2453,24.546,134.8800048828125,-2.5162,MARA,19.088725162744517,190.0,199.7806701660156
2017-07-20,4.480000019073486,4.800000190734863,4.800000190734863,4.480000019073486,4.480000019073486,43813,5967.838617880347,0,0.4785924744633121,5967.360025405884,1332.0,-81.35050431912391,32000,,29.03225899486958,4.768,5.688,5.328,12.0293,24.3707,134.8800048828125,-2.958,MARA,19.125318123102165,190.0,199.84230041503903
2017-07-21,4.159999847412109,4.800000190734863,4.800000190734863,4.159999847412109,4.159999847412109,111138,5541.5983892273925,0,0.4785924744633121,5541.11979675293,1332.0,-82.6825050336644,32000,,30.0,4.576,5.72,5.24,11.8093,24.192,134.8800048828125,-3.5195,MARA,19.041658951044106,190.0,199.701400756836
2017-07-24,4.159999847412109,4.159999847412109,4.320000171661377,4.0,4.159999847412109,46113,5541.5983892273925,0,0.4785924744633121,5541.11979675293,1332.0,-82.6825050336644,32000,,31.034481695517712,4.448,5.656,5.152,11.6107,24.0093,134.8800048828125,-3.7251,MARA,18.99984748482704,190.0,199.6309814453125
2017-07-25,4.800000190734863,4.320000171661377,5.119999885559082,4.0,4.800000190734863,186331,6394.078846533301,0,0.4785924744633121,6393.600254058838,1332.0,-80.01850360458343,32000,,43.33333565129143,4.48,5.488,5.088,11.4373,23.836,134.8800048828125,-2.836,MARA,19.282181335687643,190.0,200.1064910888672
2017-07-26,4.320000171661377,4.639999866485596,5.440000057220459,4.159999847412109,4.320000171661377,172688,5754.718821127417,0,0.4785924744633121,5754.240228652954,1332.0,-82.01650368397682,32000,,23.076931012451183,4.384,5.336,5.0053,11.248,23.664,134.8800048828125,-2.758,MARA,19.31878335595132,190.0,200.1681365966797
2017-07-27,4.159999847412109,4.320000171661377,4.800000190734863,4.0,4.159999847412109,71138,5541.5983892273925,0,0.4785924744633121,5541.11979675293,1332.0,-82.6825050336644,32000,,26.086961592075795,4.32,5.24,4.9307,11.052,23.4787,134.8800048828125,-2.78,MARA,19.17759378075601,190.0,199.9303436279297
2017-07-28,4.159999847412109,4.320000171661377,4.480000019073486,4.159999847412109,4.159999847412109,30219,5541.5983892273925,0,0.4785924744633121,5541.11979675293,1332.0,-82.6825050336644,32000,,22.727282579276178,4.32,5.12,4.848,10.8707,23.294,134.8800048828125,-2.6453,MARA,19.041658951044106,190.0,199.701400756836
2017-07-31,4.960000038146973,4.320000171661377,5.119999885559082,4.320000171661377,4.960000038146973,192894,6607.19864328623,0,0.4785924744633121,6606.720050811768,1332.0,-79.35250423973052,32000,,38.46154287016417,4.48,5.064,4.7867,10.6987,23.1127,134.8800048828125,-1.3046,MARA,18.97368247628213,190.0,199.5869140625
2017-08-01,4.639999866485596,5.119999885559082,5.119999885559082,4.480000019073486,4.639999866485596,70088,7175.993614776137,0,2.553821189406335,7173.439793586731,1546.0,-78.25456480370867,33000,Buy all cash Monthly invest,38.46154287016417,4.448,5.0,4.7307,10.5267,22.9347,134.8800048828125,-0.8028,MARA,18.642138973582888,195.0,200.0360107421875
2017-08-02,4.159999847412109,4.480000019073486,4.639999866485596,4.159999847412109,4.159999847412109,67725,6433.913585288527,0,2.553821189406335,6431.359764099121,1546.0,-80.50329216579235,33000,,37.037039081091095,4.416,4.936,4.672,10.348,22.7527,134.8800048828125,-1.0765,MARA,18.709799218611288,195.0,200.1505126953125
2017-08-03,4.320000171661377,4.480000019073486,4.800000190734863,4.159999847412109,4.320000171661377,55900,6681.274086577895,0,2.553821189406335,6678.720265388489,1546.0,-79.75371488915789,33000,,40.740748508146126,4.448,4.824,4.632,10.1733,22.5747,134.8800048828125,-0.9462,MARA,18.501651996265768,195.0,199.7982635498047
2017-08-04,4.320000171661377,4.320000171661377,4.480000019073486,4.320000171661377,4.320000171661377,19369,6681.274086577895,0,2.553821189406335,6678.720265388489,1546.0,-79.75371488915789,33000,,44.00000333785812,4.48,4.744,4.5973,10.02,22.4013,134.8800048828125,-0.784,MARA,18.69941214474766,195.0,200.1329345703125
2017-08-07,4.320000171661377,4.320000171661377,4.480000019073486,4.159999847412109,4.320000171661377,19119,6681.274086577895,0,2.553821189406335,6678.720265388489,1546.0,-79.75371488915789,33000,,45.833339542147165,4.352,4.656,4.568,9.8747,22.2227,134.8800048828125,-0.6077,MARA,18.891960723183377,195.0,200.4587860107422
2017-08-08,4.320000171661377,4.320000171661377,4.639999866485596,4.159999847412109,4.320000171661377,42181,6681.274086577895,0,2.553821189406335,6678.720265388489,1546.0,-79.75371488915789,33000,,43.47826368641856,4.288,4.576,4.5413,9.7173,22.0507,134.8800048828125,-0.4297,MARA,18.657773683721366,195.0,200.06246948242188
2017-08-09,4.320000171661377,4.480000019073486,4.639999866485596,4.159999847412109,4.320000171661377,38494,6681.274086577895,0,2.553821189406335,6678.720265388489,1546.0,-79.75371488915789,33000,,47.619050997994165,4.32,4.512,4.512,9.5693,21.8787,134.8800048828125,-0.2582,MARA,18.59009540557861,195.0,199.94793701171875
2017-08-10,4.0,3.8399999141693115,4.159999847412109,3.5199999809265137,4.0,84763,6186.553821189406,0,2.553821189406335,6184.0,1546.0,-81.25286720851696,33000,,47.619050997994165,4.256,4.448,4.488,9.424,21.7,134.8800048828125,-0.5616,MARA,16.9665560878407,195.0,197.20040893554688
2017-08-11,4.0,3.8399999141693115,4.159999847412109,3.680000066757202,4.0,18144,6186.553821189406,0,2.553821189406335,6184.0,1546.0,-81.25286720851696,33000,,47.619050997994165,4.192,4.392,4.472,9.2773,21.5233,134.8800048828125,-0.692,MARA,17.122668758739135,195.0,197.464599609375
2017-08-14,4.480000019073486,4.159999847412109,4.480000019073486,3.8399999141693115,4.480000019073486,56206,6928.633850677016,0,2.553821189406335,6926.08002948761,1546.0,-79.00413984643329,33000,,44.99999925494223,4.224,4.376,4.4667,9.1293,21.3473,134.8800048828125,0.005,MARA,18.267473973360925,195.0,199.40196228027344
2017-08-15,4.159999847412109,4.480000019073486,4.480000019073486,3.8399999141693115,4.159999847412109,79844,6433.913585288527,0,2.553821189406335,6431.359764099121,1546.0,-80.50329216579235,33000,,47.36841692488798,4.192,4.352,4.464,8.9827,21.1727,134.8800048828125,0.0163,MARA,18.2779151465676,195.0,199.4196319580078
2017-08-16,4.159999847412109,4.159999847412109,4.320000171661377,4.0,4.159999847412109,57694,6433.913585288527,0,2.553821189406335,6431.359764099121,1546.0,-80.50329216579235,33000,,50.0,4.16,4.32,4.4853,8.8373,20.9907,134.8800048828125,0.0627,MARA,18.46522510528565,195.0,199.7366180419922
2017-08-17,4.159999847412109,4.159999847412109,4.320000171661377,4.0,4.159999847412109,51456,6433.913585288527,0,2.553821189406335,6431.359764099121,1546.0,-80.50329216579235,33000,,50.0,4.192,4.304,4.4907,8.6893,20.8147,134.8800048828125,0.129,MARA,16.628326995156062,195.0,196.6280212402344
2017-08-18,4.960000038146973,4.320000171661377,5.119999885559082,4.0,4.960000038146973,189425,7670.713880164626,0,2.553821189406335,7668.16005897522,1546.0,-76.75541248434962,33000,,50.0,4.384,4.344,4.4987,8.544,20.642,134.8800048828125,1.3844,MARA,16.414941153092833,195.0,196.26690673828125
2017-08-21,4.639999866485596,4.800000190734863,4.800000190734863,4.159999847412109,4.639999866485596,64831,7175.993614776137,0,2.553821189406335,7173.439793586731,1546.0,-78.25456480370867,33000,,50.0,4.416,4.368,4.5093,8.3987,20.4727,134.8800048828125,1.666,MARA,16.555473213195793,195.0,196.50473022460932
2017-08-22,4.320000171661377,4.639999866485596,4.639999866485596,4.320000171661377,4.320000171661377,35050,6681.274086577895,0,2.553821189406335,6678.720265388489,1546.0,-79.75371488915789,33000,,52.94118162669796,4.448,4.344,4.5147,8.256,20.2947,134.8800048828125,1.3289,MARA,17.731520798423063,195.0,198.49496459960932
2017-08-23,4.320000171661377,4.480000019073486,4.639999866485596,4.320000171661377,4.320000171661377,40994,6681.274086577895,0,2.553821189406335,6678.720265388489,1546.0,-79.75371488915789,33000,,50.0,4.48,4.344,4.52,8.112,20.1247,134.8800048828125,1.08,MARA,17.33081598108466,195.0,197.8168487548828
2017-08-24,4.480000019073486,4.320000171661377,4.960000038146973,4.320000171661377,4.480000019073486,105138,6928.633850677016,0,2.553821189406335,6926.08002948761,1546.0,-79.00413984643329,33000,,52.94117337692186,4.544,4.36,4.5333,7.9587,19.9507,134.8800048828125,1.1294,MARA,17.06022008375685,195.0,197.35891723632807
2017-08-25,4.639999866485596,4.639999866485596,4.800000190734863,4.480000019073486,4.639999866485596,28538,7175.993614776137,0,2.553821189406335,7173.439793586731,1546.0,-78.25456480370867,33000,,55.55555003660719,4.48,4.384,4.552,7.8107,19.78,134.8800048828125,1.3593,MARA,17.315199304060513,195.0,197.79042053222656
2017-08-28,5.28000020980835,4.480000019073486,5.760000228881836,4.480000019073486,5.28000020980835,174625,8165.434145553115,0,2.553821189406335,8162.8803243637085,1546.0,-75.25626016499056,33000,,63.63636240486287,4.608,4.4,4.568,7.668,19.6093,134.8800048828125,2.3593,MARA,17.356855798201142,195.0,197.8609161376953
2017-08-29,6.079999923706055,5.28000020980835,6.71999979019165,5.28000020980835,6.079999923706055,377963,9402.233703238966,0,2.553821189406335,9399.67988204956,1546.0,-71.50838271745768,33000,,70.37036669107145,4.96,4.472,4.6107,7.544,19.4427,134.8800048828125,3.9358,MARA,17.445308224071155,195.0,198.01060485839844
2017-08-30,5.920000076293945,5.920000076293945,6.079999923706055,5.599999904632568,5.920000076293945,108250,9154.873939139845,0,2.553821189406335,9152.32011795044,1546.0,-72.2579577601823,33000,,73.07692484037418,5.28,4.56,4.648,7.4173,19.2807,134.8800048828125,4.4429,MARA,18.028129463195786,195.0,198.99691772460932
2017-08-31,7.039999961853027,5.920000076293945,7.679999828338623,5.599999904632568,7.039999961853027,465000,10886.393762214186,0,2.553821189406335,10883.83994102478,1546.0,-67.01092799329035,33000,,78.78787988254633,5.792,4.696,4.704,7.3,19.1213,134.8800048828125,5.8563,MARA,18.72021334214644,195.0,200.1681365966797
2017-09-01,6.559999942779541,7.039999961853027,8.0,6.400000095367432,6.559999942779541,474581,11139.328132770064,0,0.44822993040372694,11138.87990283966,1698.0,-67.23727019773511,34000,Buy all cash Monthly invest,69.69696997063659,6.176,4.808,4.7573,7.176,18.964,134.8800048828125,5.7272,MARA,18.35186854194193,200.0,200.51161193847656
2017-09-05,6.239999771118164,6.880000114440918,6.880000114440918,6.079999923706055,6.239999771118164,85813,10595.967841289046,0,0.44822993040372694,10595.519611358643,1698.0,-68.83538870209104,34000,,69.69696997063659,6.368,4.904,4.808,7.052,18.8067,134.8800048828125,4.8995,MARA,17.4815790198831,200.0,199.03211975097656
2017-09-06,6.71999979019165,6.400000095367432,7.039999961853027,6.400000095367432,6.71999979019165,88969,11411.007873675826,0,0.44822993040372694,11410.559643745422,1698.0,-66.43821213624757,34000,,72.22222268213463,6.496,5.024,4.8667,6.9453,18.6527,134.8800048828125,4.5955,MARA,17.890810766781094,200.0,199.72781372070312
2017-09-07,6.559999942779541,6.400000095367432,6.71999979019165,6.239999771118164,6.559999942779541,56713,11139.328132770064,0,0.44822993040372694,11138.87990283966,1698.0,-67.23727019773511,34000,,70.27027244721143,6.624,5.136,4.9227,6.8573,18.492,134.8800048828125,3.8989,MARA,17.864942631441004,200.0,199.683837890625
2017-09-08,7.039999961853027,6.559999942779541,7.519999980926514,6.559999942779541,7.039999961853027,252806,11954.368165156844,0,0.44822993040372694,11953.91993522644,1698.0,-64.84009363189163,34000,,68.57142978785001,6.624,5.288,4.992,6.776,18.3373,134.8800048828125,3.6826,MARA,17.68359641131234,200.0,199.37554931640625
2017-09-11,6.239999771118164,7.039999961853027,7.039999961853027,6.239999771118164,6.239999771118164,84813,10595.967841289046,0,0.44822993040372694,10595.519611358643,1698.0,-68.83538870209104,34000,,63.15789514961669,6.56,5.4,5.0533,6.7413,18.1773,134.8800048828125,2.4178,MARA,18.963099728752585,200.0,201.5507049560547
2017-09-12,5.920000076293945,6.559999942779541,6.559999942779541,5.599999904632568,5.920000076293945,107550,10052.608359477523,0,0.44822993040372694,10052.16012954712,1698.0,-70.43350482506612,34000,,63.15789514961669,6.496,5.472,5.1093,6.6907,18.022,134.8800048828125,1.0902,MARA,19.39826244129854,200.0,202.2904815673828
2017-09-13,5.760000228881836,5.599999904632568,5.920000076293945,5.599999904632568,5.760000228881836,40244,9780.928618571761,0,0.44822993040372694,9780.480388641357,1698.0,-71.23256288655364,34000,,61.53846330191277,6.304,5.552,5.1627,6.6413,17.8673,134.8800048828125,-0.0396,MARA,19.470750665103708,200.0,202.4137115478516
2017-09-14,6.079999923706055,5.599999904632568,6.079999923706055,5.440000057220459,6.079999923706055,65950,10324.288100383284,0,0.44822993040372694,10323.83987045288,1698.0,-69.63444676357857,34000,,62.5000009313227,6.208,5.648,5.224,6.5787,17.7053,134.8800048828125,-0.4772,MARA,19.429354467952955,200.0,202.3433380126953
2017-09-15,5.920000076293945,6.079999923706055,6.239999771118164,5.920000076293945,5.920000076293945,35050,10052.608359477523,0,0.44822993040372694,10052.16012954712,1698.0,-70.43350482506612,34000,,60.000002980232644,5.984,5.736,5.2427,6.4867,17.5447,134.8800048828125,-0.9686,MARA,19.59510979596306,200.0,202.6251220703125
2017-09-18,5.760000228881836,5.760000228881836,6.079999923706055,5.599999904632568,5.760000228881836,36494,9780.928618571761,0,0.44822993040372694,9780.480388641357,1698.0,-71.23256288655364,34000,,54.05405514252481,5.888,5.776,5.28,6.3947,17.3893,134.8800048828125,-1.4656,MARA,19.802324151431797,200.0,202.97738647460932
2017-09-19,5.440000057220459,5.760000228881836,5.760000228881836,5.440000057220459,5.440000057220459,56731,9237.568327090743,0,0.44822993040372694,9237.12009716034,1698.0,-72.83068139090958,34000,,44.117647316629125,5.792,5.816,5.28,6.3107,17.2353,134.8800048828125,-2.1115,MARA,19.947372405108265,200.0,203.22396850585932
2017-09-20,6.079999923706055,5.599999904632568,6.079999923706055,5.440000057220459,6.079999923706055,71169,10324.288100383284,0,0.44822993040372694,10323.83987045288,1698.0,-69.63444676357857,34000,,51.35135026288069,5.856,5.904,5.2453,6.2347,17.0953,134.8800048828125,-1.7732,MARA,20.012958270802205,200.0,203.33546447753903
2017-09-21,6.239999771118164,5.599999904632568,6.559999942779541,5.599999904632568,6.239999771118164,54956,10595.967841289046,0,0.44822993040372694,10595.519611358643,1698.0,-68.83538870209104,34000,,41.935480459671105,5.888,6.0,5.2267,6.1507,16.96,134.8800048828125,-1.3562,MARA,19.674518329395973,200.0,202.76011657714844
2017-09-22,6.400000095367432,6.400000095367432,6.400000095367432,6.079999923706055,6.400000095367432,31969,10867.648391864303,0,0.44822993040372694,10867.200161933899,1698.0,-68.03632825922263,34000,,48.27586348643645,5.984,6.096,5.232,6.084,16.826,134.8800048828125,-0.9127,MARA,19.65889153424434,200.0,202.73355102539065
2017-09-25,6.239999771118164,6.400000095367432,6.880000114440918,5.920000076293945,6.239999771118164,49013,10595.967841289046,0,0.44822993040372694,10595.519611358643,1698.0,-68.83538870209104,34000,,50.0,6.08,6.176,5.2267,6.0133,16.6933,134.8800048828125,-0.8142,MARA,19.481880605361024,200.0,202.43263244628903
2017-09-26,7.679999828338623,6.239999771118164,8.0,5.920000076293945,7.679999828338623,425419,13041.087938449386,0,0.44822993040372694,13040.639708518982,1698.0,-61.64385900456063,34000,,58.82353044298701,6.528,6.296,5.2533,5.9573,16.5667,134.8800048828125,0.7202,MARA,19.523555051018214,200.0,202.50347900390625
2017-09-27,8.15999984741211,7.360000133514404,8.960000038146973,6.71999979019165,8.15999984741211,923494,13856.127970836165,0,0.44822993040372694,13855.679740905762,1698.0,-59.24668243871716,34000,,63.888888658932686,6.944,6.4,5.2907,5.916,16.44,134.8800048828125,1.9954,MARA,19.986919596054985,200.0,203.29119873046875
2017-09-28,7.519999980926514,8.319999694824219,9.279999732971191,7.199999809265137,7.519999980926514,434569,12769.408197543624,0,0.44822993040372694,12768.95996761322,1698.0,-62.44291706604817,34000,,54.054054489442294,7.2,6.48,5.3253,5.868,16.3067,134.8800048828125,1.9533,MARA,20.12752484938678,200.0,203.5302276611328
2017-09-29,6.880000114440918,7.199999809265137,7.840000152587891,6.71999979019165,6.880000114440918,189063,11682.688424251082,0,0.44822993040372694,11682.240194320679,1698.0,-65.63915169337918,34000,,55.55555923485508,7.296,6.472,5.3307,5.812,16.178,134.8800048828125,1.1399,MARA,20.55446576735553,200.0,204.2560272216797
2017-10-02,7.199999809265137,6.880000114440918,7.360000133514404,6.71999979019165,7.199999809265137,64319,13221.079906194213,0,1.8802563834219654,13219.199649810791,1836.0,-62.225485982302246,35000,Buy all cash Monthly invest,61.11111019128623,7.488,6.504,5.352,5.76,16.0533,134.8800048828125,0.8049,MARA,20.44316229793004,205.0,205.11460876464844
2017-10-03,7.199999809265137,7.039999961853027,7.519999980926514,7.039999961853027,7.199999809265137,89675,13221.079906194213,0,1.8802563834219654,13219.199649810791,1836.0,-62.225485982302246,35000,,62.85714042429996,7.392,6.552,5.3707,5.708,15.928,134.8800048828125,0.4796,MARA,20.68684646715437,205.0,205.53065490722656
2017-10-04,7.039999961853027,7.199999809265137,7.360000133514404,6.559999942779541,7.039999961853027,95844,12927.32018634558,0,1.8802563834219654,12925.439929962158,1836.0,-63.06479946758405,35000,,58.82353044298701,7.168,6.568,5.3893,5.6547,15.8073,134.8800048828125,0.0307,MARA,20.85272258322579,205.0,205.81385803222656
2017-10-05,6.71999979019165,7.199999809265137,7.199999809265137,6.559999942779541,6.71999979019165,67581,12339.799871175292,0,1.8802563834219654,12337.91961479187,1836.0,-64.74342893949915,35000,,57.142854710014454,7.008,6.576,5.408,5.6,15.68,134.8800048828125,-0.6167,MARA,21.56816164398194,205.0,207.03533935546875
2017-10-06,6.559999942779541,6.71999979019165,6.880000114440918,6.079999923706055,6.559999942779541,60906,12046.040151326659,0,1.8802563834219654,12044.159894943237,1836.0,-65.58274242478097,35000,,57.142854710014454,6.944,6.552,5.4293,5.5693,15.542,134.8800048828125,-1.2039,MARA,21.45414862605504,205.0,206.84068298339844
2017-10-09,6.239999771118164,6.400000095367432,6.559999942779541,6.079999923706055,6.239999771118164,58163,11458.51983615637,0,1.8802563834219654,11456.63957977295,1836.0,-67.26137189669608,35000,,57.142854710014454,6.752,6.552,5.448,5.5493,15.4107,134.8800048828125,-1.8732,MARA,21.241584103175605,205.0,206.477767944336
2017-10-10,6.559999942779541,6.559999942779541,6.71999979019165,6.239999771118164,6.559999942779541,39931,12046.040151326659,0,1.8802563834219654,12044.159894943237,1836.0,-65.58274242478097,35000,,54.54545454545455,6.624,6.584,5.4773,5.528,15.29,134.8800048828125,-1.9493,MARA,21.54744500405448,205.0,206.99996948242188
2017-10-11,6.400000095367432,6.400000095367432,6.71999979019165,6.400000095367432,6.400000095367432,27156,11752.280431478026,0,1.8802563834219654,11750.400175094604,1836.0,-66.42205591006278,35000,,51.515154525486984,6.496,6.616,5.5067,5.5013,15.1707,134.8800048828125,-2.1015,MARA,21.744458641052237,205.0,207.3363342285156
2017-10-12,6.400000095367432,6.400000095367432,6.71999979019165,6.079999923706055,6.400000095367432,38538,11752.280431478026,0,1.8802563834219654,11750.400175094604,1836.0,-66.42205591006278,35000,,50.0,6.432,6.632,5.5333,5.4747,15.0447,134.8800048828125,-2.1361,MARA,21.55782119859968,205.0,207.01768493652344
2017-10-13,6.400000095367432,6.239999771118164,6.559999942779541,6.239999771118164,6.400000095367432,20156,11752.280431478026,0,1.8802563834219654,11750.400175094604,1836.0,-66.42205591006278,35000,,51.61290663710276,6.4,6.656,5.5653,5.4467,14.9247,134.8800048828125,-2.0903,MARA,21.69260448019845,205.0,207.247802734375
2017-10-16,6.559999942779541,6.400000095367432,7.039999961853027,6.400000095367432,6.559999942779541,46875,12046.040151326659,0,1.8802563834219654,12044.159894943237,1836.0,-65.58274242478097,35000,,34.78260756891011,6.464,6.696,5.6053,5.4227,14.8073,134.8800048828125,-1.8361,MARA,21.88443448856898,205.0,207.5753173828125
2017-10-17,6.400000095367432,6.71999979019165,6.71999979019165,6.239999771118164,6.400000095367432,32119,11752.280431478026,0,1.8802563834219654,11750.400175094604,1836.0,-66.42205591006278,35000,,23.809521106364656,6.432,6.744,5.6427,5.3973,14.6987,134.8800048828125,-1.7713,MARA,21.962197855268208,205.0,207.7080841064453
2017-10-18,6.079999923706055,6.400000095367432,6.71999979019165,5.599999904632568,6.079999923706055,108938,11164.760116307738,0,1.8802563834219654,11162.879859924316,1836.0,-68.10068538197788,35000,,26.31578452038879,6.368,6.744,5.664,5.376,14.5933,134.8800048828125,-1.9833,MARA,22.071045119149343,205.0,207.8939208984375
2017-10-19,5.920000076293945,6.079999923706055,6.400000095367432,5.760000228881836,5.920000076293945,31969,10871.000396459105,0,1.8802563834219654,10869.120140075684,1836.0,-68.9399988672597,35000,,31.24999534338616,6.272,6.728,5.6907,5.348,14.4773,134.8800048828125,-2.2015,MARA,22.13330228642057,205.0,208.00021362304688
2017-10-20,6.079999923706055,5.920000076293945,6.400000095367432,5.760000228881836,6.079999923706055,55344,11164.760116307738,0,1.8802563834219654,11162.879859924316,1836.0,-68.10068538197788,35000,,26.666665342118804,6.208,6.712,5.7227,5.3267,14.3627,134.8800048828125,-2.0887,MARA,22.739876208714072,205.0,209.03582763671875
2017-10-23,5.920000076293945,6.079999923706055,6.400000095367432,5.760000228881836,5.920000076293945,24406,10871.000396459105,0,1.8802563834219654,10869.120140075684,1836.0,-68.9399988672597,35000,,25.0,6.08,6.696,5.752,5.3,14.2413,134.8800048828125,-2.0894,MARA,22.293994773864775,205.0,208.27456665039065
2017-10-24,5.920000076293945,5.920000076293945,6.079999923706055,5.920000076293945,5.920000076293945,15263,10871.000396459105,0,1.8802563834219654,10869.120140075684,1836.0,-68.9399988672597,35000,,26.666665342118804,5.984,6.608,5.768,5.2773,14.1113,134.8800048828125,-1.9962,MARA,22.46509026772636,205.0,208.56668090820312
2017-10-25,6.71999979019165,5.920000076293945,7.360000133514404,5.760000228881836,6.71999979019165,212588,12339.799871175292,0,1.8802563834219654,12337.91961479187,1836.0,-64.74342893949915,35000,,50.0,6.112,6.536,5.8027,5.2667,13.984,134.8800048828125,-1.0262,MARA,21.87925979723249,205.0,207.5664825439453
2017-10-26,6.400000095367432,7.039999961853027,7.039999961853027,6.239999771118164,6.400000095367432,67725,11752.280431478026,0,1.8802563834219654,11750.400175094604,1836.0,-66.42205591006278,35000,,47.36842270373031,6.208,6.48,5.84,5.256,13.8573,134.8800048828125,-0.6957,MARA,21.993299627031604,205.0,207.7611846923828
2017-10-27,5.599999904632568,6.239999771118164,6.559999942779541,4.0,5.599999904632568,143956,10283.480081288817,0,1.8802563834219654,10281.599824905396,1836.0,-70.6186283391748,35000,,40.90909029334028,6.112,6.416,5.8613,5.2467,13.7173,134.8800048828125,-1.27,MARA,23.03017728642056,205.0,209.53146362304688
2017-10-30,6.400000095367432,5.519999980926514,7.199999809265137,4.360000133514404,6.400000095367432,220800,11752.280431478026,0,1.8802563834219654,11750.400175094604,1836.0,-66.42205591006278,35000,,48.000001430511816,6.208,6.376,5.896,5.2467,13.588,134.8800048828125,-0.7488,MARA,22.584349475315648,205.0,208.77029418945312
2017-10-31,6.159999847412109,6.119999885559082,6.400000095367432,5.800000190734863,6.159999847412109,62425,11311.639976232054,0,1.8802563834219654,11309.759719848633,1836.0,-67.68102863933699,35000,,47.05882009200387,6.256,6.324,5.9267,5.2473,13.451,134.8800048828125,-0.6275,MARA,22.72430744825091,205.0,209.00924682617188
2017-11-01,7.360000133514404,6.119999885559082,7.960000038146973,6.0,7.360000133514404,191300,14509.872501425747,0,3.3122382688552534,14506.56026315689,1971.0,-59.6947986071507,36000,Buy all cash Monthly invest,59.090909911909755,6.384,6.34,5.9773,5.2593,13.337,134.8800048828125,0.6976,MARA,22.2851882171631,210.0,209.3721466064453
2017-11-02,5.960000038146973,8.600000381469727,9.239999771118164,5.800000190734863,5.960000038146973,1040975,11750.47231345654,0,3.3122382688552534,11747.160075187683,1971.0,-67.3597991292874,36000,,46.70658631341694,6.296,6.302,6.0047,5.2583,13.2318,134.8800048828125,0.0808,MARA,22.33681378682455,210.0,209.4606475830078
2017-11-03,5.760000228881836,5.880000114440918,6.0,5.28000020980835,5.760000228881836,159475,11356.272689394955,0,3.3122382688552534,11352.960451126099,1971.0,-68.45479808501402,36000,,44.047620990514275,6.328,6.262,6.034,5.261,13.1158,134.8800048828125,-0.5167,MARA,22.744735895792644,210.0,210.15994262695312
2017-11-06,5.71999979019165,5.71999979019165,5.760000228881836,5.400000095367432,5.71999979019165,71550,11277.431824736599,0,3.3122382688552534,11274.119586467743,1971.0,-68.67380048684278,36000,,44.84848283429678,6.192,6.236,6.0627,5.2673,13.007,134.8800048828125,-0.9102,MARA,22.9305968475342,210.0,210.4785614013672
2017-11-07,5.599999904632568,5.639999866485596,6.28000020980835,5.400000095367432,5.599999904632568,250400,11040.912050299648,0,3.3122382688552534,11037.599812030792,1971.0,-69.33079986027874,36000,,46.24999990686775,6.08,6.188,6.0813,5.274,12.909,134.8800048828125,-1.2369,MARA,22.878980178833007,210.0,210.3900756835937
2017-11-08,5.199999809265137,5.519999980926514,5.71999979019165,4.760000228881836,5.199999809265137,143350,10252.51186233044,0,3.3122382688552534,10249.199624061584,1971.0,-71.52080038241544,36000,,44.578311522582624,5.648,6.128,6.0987,5.2813,12.8047,134.8800048828125,-1.8041,MARA,23.05970527648926,210.0,210.69989013671875
2017-11-09,5.239999771118164,5.159999847412109,5.440000057220459,5.039999961853027,5.239999771118164,63850,10331.351787142758,0,3.3122382688552534,10328.039548873901,1971.0,-71.30180059127011,36000,,43.558281490704026,5.504,6.07,6.1167,5.301,12.7038,134.8800048828125,-2.0295,MARA,22.61562746683761,210.0,209.9386138916016
2017-11-10,5.320000171661377,5.199999809265137,5.360000133514404,5.039999961853027,5.320000171661377,37925,10489.03257661343,0,3.3122382688552534,10485.720338344574,1971.0,-70.86379839829603,36000,,45.34161637849491,5.416,6.016,6.136,5.3133,12.604,134.8800048828125,-1.9745,MARA,22.54335166931156,210.0,209.8147125244141
2017-11-13,5.440000057220459,5.28000020980835,5.679999828338623,5.079999923706055,5.440000057220459,180675,10725.55235105038,0,3.3122382688552534,10722.240112781525,1971.0,-70.20679902486006,36000,,46.34146376921259,5.36,5.96,6.144,5.3213,12.506,134.8800048828125,-1.6918,MARA,22.68795667012533,210.0,210.06260681152344
2017-11-14,5.360000133514404,5.559999942779541,5.559999942779541,5.119999885559082,5.360000133514404,44925,10567.872501425747,0,3.3122382688552534,10564.56026315689,1971.0,-70.6447986071507,36000,,38.35616952864165,5.312,5.908,6.156,5.3327,12.4117,134.8800048828125,-1.4964,MARA,22.38847496032717,210.0,209.54920959472656
2017-11-15,5.28000020980835,5.159999847412109,5.360000133514404,5.119999885559082,5.28000020980835,38475,10410.192651801113,0,3.3122382688552534,10406.880413532257,1971.0,-71.08279818944135,36000,,40.000003405978894,5.328,5.868,6.172,5.3433,12.3223,134.8800048828125,-1.3642,MARA,21.763707656860376,210.0,208.47817993164065
2017-11-16,5.400000095367432,5.320000171661377,5.599999904632568,5.119999885559082,5.400000095367432,131425,10646.712426238064,0,3.3122382688552534,10643.400187969208,1971.0,-70.42579881600538,36000,,47.96748203865288,5.36,5.842,6.19,5.355,12.2342,134.8800048828125,-1.0485,MARA,22.80153292338052,210.0,210.2573089599609
2017-11-17,5.559999942779541,5.400000095367432,5.840000152587891,5.360000133514404,5.559999942779541,126225,10962.072125487332,0,3.3122382688552534,10958.759887218475,1971.0,-69.54979965142407,36000,,40.18691567960648,5.408,5.816,6.208,5.3707,12.1473,134.8800048828125,-0.5826,MARA,22.47107587178549,210.0,209.69081115722656
2017-11-20,5.840000152587891,5.840000152587891,6.639999866485596,5.679999828338623,5.840000152587891,752800,11513.952539019589,0,3.3122382688552534,11510.640300750732,1971.0,-68.01679850272336,36000,,46.29630038440575,5.488,5.812,6.228,5.39,12.0617,134.8800048828125,0.0923,MARA,22.63114184061688,210.0,209.9652099609375
2017-11-21,5.679999828338623,5.960000038146973,5.960000038146973,5.28000020980835,5.679999828338623,150450,11198.591899924282,0,3.3122382688552534,11195.279661655426,1971.0,-68.8928002779881,36000,,24.39024461159586,5.552,5.8,6.2347,5.4013,11.9733,134.8800048828125,0.3634,MARA,23.446950454711924,210.0,211.36373901367188
2017-11-22,8.720000267028809,5.800000190734863,10.720000267028809,5.559999942779541,8.720000267028809,3676200,17190.432764582638,0,3.3122382688552534,17187.12052631378,1971.0,-52.248797876159344,36000,,78.04877694202068,6.24,5.9,6.2787,5.4447,11.907,134.8800048828125,3.8561,MARA,23.359160283406588,210.0,211.21324157714844
2017-11-24,23.799999237060547,13.800000190734863,24.15999984741211,12.760000228881836,23.799999237060547,11099125,46913.11073451519,0,3.3122382688552534,46909.79849624634,1971.0,30.31419648476441,36000,,95.55555261211633,9.92,6.77,6.5767,5.6123,11.9035,134.8800048828125,18.247,MARA,23.617332636515307,210.0,211.65582275390625
2017-11-27,26.040000915527344,34.79999923706055,40.119998931884766,25.200000762939453,26.040000915527344,12014650,51328.15404277325,0,3.3122382688552534,51324.841804504395,1971.0,42.57820567437014,36000,,96.18181773650748,14.016,7.792,6.8933,5.7987,11.9087,134.8800048828125,23.6282,MARA,23.58118583679201,210.0,211.59385681152344
2017-11-28,15.399999618530273,18.200000762939453,18.600000381469727,14.5600004196167,15.399999618530273,4682175,30356.711486392025,0,3.3122382688552534,30353.39924812317,1971.0,-15.675801426688817,36000,,65.0676489198459,15.928,8.242,7.0407,5.899,11.8715,134.8800048828125,18.511,MARA,24.80489875793459,210.0,213.691650390625
2017-11-29,16.200000762939453,21.399999618530273,22.0,15.079999923706055,16.200000762939453,4533775,31933.51374202252,0,3.3122382688552534,31930.201503753662,1971.0,-11.295795161048561,36000,,66.70716836805195,18.032,8.744,7.2067,6.0073,11.835,134.8800048828125,14.4611,MARA,24.75843574523926,210.0,213.61199951171875
2017-11-30,16.68000030517578,15.920000076293945,17.799999237060547,14.760000228881836,16.68000030517578,1763275,32879.59283977032,0,3.3122382688552534,32876.280601501465,1971.0,-8.667797667304677,36000,,67.14628198985955,19.624,9.21,7.3727,6.1197,11.7885,134.8800048828125,11.0982,MARA,25.80142356872559,210.0,215.3999786376953
2017-12-01,19.799999237060547,19.600000381469727,20.600000381469727,17.84000015258789,19.799999237060547,4329450,40024.160734705925,0,8.362276606562773,40015.798458099365,2021.0,8.173407391097086,37000,Buy all cash Monthly invest,69.89010751197034,18.824,9.902,7.5933,6.258,11.7537,134.8800048828125,9.4474,MARA,24.866403825089755,214.0,215.00167846679688
2017-12-04,18.639999389648438,21.360000610351562,21.600000381469727,18.040000915527344,18.639999389648438,1790500,37679.80104308605,0,8.362276606562773,37671.43876647949,2021.0,1.8373001164487812,37000,,67.62820331168737,17.344,10.546,7.7867,6.3893,11.7153,134.8800048828125,7.0149,MARA,24.73331749168606,214.0,214.7715759277344
2017-12-05,20.440000534057617,17.959999084472656,21.520000457763672,17.639999389648438,20.440000534057617,1539100,41317.603355937004,0,8.362276606562773,41309.241079330444,2021.0,11.669198259289203,37000,,69.25434010972538,18.352,11.282,8.0233,6.5383,11.6892,134.8800048828125,5.4918,MARA,24.293002946183464,214.0,214.01028442382807
2017-12-06,18.600000381469727,21.399999618530273,22.280000686645508,18.0,18.600000381469727,1967975,37598.96304755688,0,8.362276606562773,37590.60077095032,2021.0,1.6188190474510256,37000,,66.27565867584221,18.832,11.932,8.2347,6.672,11.6647,134.8800048828125,3.1983,MARA,24.287910717113583,214.0,214.00148010253903
2017-12-07,18.31999969482422,19.920000076293945,20.399999618530273,17.639999389648438,18.31999969482422,742300,37033.081659846306,0,8.362276606562773,37024.719383239746,2021.0,0.08940989147649958,37000,,65.72541172557078,19.16,12.588,8.444,6.8033,11.639,134.8800048828125,1.2185,MARA,24.697460079708637,214.0,214.70957946777344
2017-12-08,17.639999389648438,17.8799991607666,18.520000457763672,17.31999969482422,17.639999389648438,527125,35658.80104308605,0,8.362276606562773,35650.43876647949,2021.0,-3.624862045713373,37000,,64.51922847343822,18.728,13.208,8.6367,6.9303,11.6065,134.8800048828125,-0.591,MARA,25.37321741052576,214.0,215.87794494628903
2017-12-11,25.200000762939453,18.84000015258789,25.399999618530273,18.440000534057617,25.200000762939453,4275250,50937.563818507195,0,8.362276606562773,50929.201541900635,2021.0,37.6690914013708,37000,,69.80359891436444,20.04,14.202,8.958,7.1003,11.6042,134.8800048828125,0.7283,MARA,25.77767454405091,214.0,216.5772399902344
2017-12-12,23.200000762939453,23.799999237060547,28.1200008392334,22.0,23.200000762939453,4862025,46895.563818507195,0,8.362276606562773,46887.201541900635,2021.0,26.744767077046472,37000,,67.271292419688,20.592,15.09,9.2487,7.2643,11.5935,134.8800048828125,0.3787,MARA,25.99272193702493,214.0,216.9490509033203
2017-12-13,22.760000228881836,23.600000381469727,26.520000457763672,22.15999984741211,22.760000228881836,2293350,46006.32273917675,0,8.362276606562773,45997.96046257019,2021.0,24.341412808585815,37000,,64.58852693861087,21.424,15.96,9.5373,7.4087,11.5737,134.8800048828125,-0.3346,MARA,25.96198323017842,214.0,216.8959045410156
2017-12-14,21.719999313354492,22.600000381469727,23.799999237060547,21.15999984741211,21.719999313354492,901650,43904.48088889599,0,8.362276606562773,43896.11861228943,2021.0,18.660759159178355,37000,,46.948357595776386,22.104,16.782,9.798,7.5217,11.5448,134.8800048828125,-1.3793,MARA,25.465371753589537,214.0,216.0372772216797
2017-12-15,22.959999084472656,23.440000534057617,24.719999313354492,22.600000381469727,22.959999084472656,1570850,46410.5204263258,0,8.362276606562773,46402.15814971924,2021.0,25.433838990069724,37000,,45.34461713211616,23.168,17.66,10.0767,7.6517,11.5178,134.8800048828125,-1.8341,MARA,26.514865161792688,214.0,217.8518218994141
2017-12-18,25.360000610351562,25.200000762939453,27.360000610351562,23.600000381469727,25.360000610351562,2668800,51260.92351012707,0,8.362276606562773,51252.56123352051,2021.0,38.54303651385693,37000,,70.04830643376032,23.2,18.65,10.3927,7.8123,11.4868,134.8800048828125,-1.576,MARA,27.29814177641994,214.0,219.20608520507807
2017-12-19,23.280000686645508,23.239999771118164,25.399999618530273,22.68000030517578,23.280000686645508,1994625,47057.24366431713,0,8.362276606562773,47048.88138771057,2021.0,27.18173963328954,37000,,63.5528305172806,23.216,19.522,10.6767,7.9517,11.4572,134.8800048828125,-2.2334,MARA,26.83743183857688,214.0,218.40953063964844
2017-12-20,22.799999237060547,24.040000915527344,24.15999984741211,21.399999618530273,22.799999237060547,919750,46087.160734705925,0,8.362276606562773,46078.798458099365,2021.0,24.559893877583573,37000,,61.71515580887554,23.224,20.378,10.9287,8.091,11.4255,134.8800048828125,-2.9028,MARA,26.7401323143212,214.0,218.2413024902344
2017-12-21,19.600000381469727,23.399999618530273,23.399999618530273,18.399999618530273,19.600000381469727,1001575,39619.96304755688,0,8.362276606562773,39611.60077095032,2021.0,7.08098120961318,37000,,49.618322889146164,22.8,20.922,11.1193,8.205,11.3825,134.8800048828125,-4.3199,MARA,26.99611169763514,214.0,218.6838836669922
2017-12-22,17.760000228881836,16.15999984741211,18.799999237060547,15.680000305175781,17.760000228881836,771300,35901.32273917675,0,8.362276606562773,35892.96046257019,2021.0,-2.969398002224999,37000,,48.36309721266755,21.76,20.62,11.29,8.3077,11.3292,134.8800048828125,-5.7298,MARA,26.970509346626905,214.0,218.63961791992188
2017-12-26,18.1200008392334,18.8799991607666,19.520000457763672,18.1200008392334,18.1200008392334,442700,36628.88397269726,0,8.362276606562773,36620.5216960907,2021.0,-1.003016290007408,37000,,45.44025329343697,20.312,20.224,11.4773,8.404,11.2713,134.8800048828125,-6.3903,MARA,26.823399526235203,214.0,218.38526916503903
2017-12-27,18.8799991607666,18.31999969482422,19.399999618530273,18.239999771118164,18.8799991607666,263525,38164.84058051586,0,8.362276606562773,38156.4783039093,2021.0,3.148217785177998,37000,,50.5747100337325,19.432,20.398,11.672,8.512,11.2213,134.8800048828125,-6.4003,MARA,26.895396761507584,214.0,218.5097503662109
2017-12-28,17.239999771118164,18.399999618530273,18.520000457763672,16.719999313354492,17.239999771118164,372200,34850.40181403637,0,8.362276606562773,34842.03953742981,2021.0,-5.809724826928731,37000,,47.90046696664639,18.32,20.45,11.8393,8.605,11.1712,134.8800048828125,-6.7538,MARA,27.1320309695682,214.0,218.9188842773437
2017-12-29,16.399999618530273,17.600000381469727,17.719999313354492,16.31999969482422,16.399999618530273,298600,33152.76150565624,0,8.362276606562773,33144.39922904968,2021.0,-10.397941876604754,37000,,47.60432838378385,17.68,20.436,11.9953,8.6923,11.1175,134.8800048828125,-7.0479,MARA,26.694769996436875,214.0,218.16287231445312
2018-01-02,17.280000686645508,16.399999618530273,17.280000686645508,15.5600004196167,17.280000686645508,504625,35926.23246411801,0,1.1110365819961316,35925.12142753601,2079.0,-5.4572829891631365,38000,Buy all cash Monthly invest,29.375002669791016,17.584,20.31,12.1713,8.7897,11.0728,134.8800048828125,-6.7025,MARA,26.879406744304468,219.0,219.76382446289065
2018-01-03,16.760000228881836,17.31999969482422,18.520000457763672,16.399999618530273,16.760000228881836,598675,34845.151512427336,0,1.1110365819961316,34844.04047584534,2079.0,-8.302232862033332,38000,,31.82844413875206,17.312,20.216,12.3413,8.8853,11.0253,134.8800048828125,-6.427,MARA,27.632919237237232,219.0,221.0712890625
2018-01-04,16.280000686645508,16.639999389648438,17.040000915527344,16.040000915527344,16.280000686645508,302875,33847.23246411801,0,1.1110365819961316,33846.12142753601,2079.0,-10.92833562074208,38000,,31.756760239861947,16.792,20.008,12.5087,8.9783,10.9745,134.8800048828125,-6.1874,MARA,28.19161208905672,219.0,222.04071044921875
2018-01-05,15.720000267028809,16.799999237060547,17.079999923706055,15.680000305175781,15.720000267028809,340325,32682.991591734888,0,1.1110365819961316,32681.880555152893,2079.0,-13.99212739017135,38000,,32.638893296382136,16.488,19.864,12.6613,9.0693,10.8987,134.8800048828125,-6.0034,MARA,29.011738231056626,219.0,223.46376037597656
2018-01-08,15.5600004196167,16.0,16.079999923706055,14.279999732971191,15.5600004196167,429775,32350.351908965113,0,1.1110365819961316,32349.240872383118,2079.0,-14.867494976407603,38000,,27.1605003681359,16.32,19.726,12.814,9.1603,10.8215,134.8800048828125,-5.7124,MARA,29.278280766135744,219.0,223.9262542724609
2018-01-09,15.279999732971191,15.760000228881836,15.760000228881836,14.800000190734863,15.279999732971191,204900,31768.230481429102,0,1.1110365819961316,31767.119444847107,2079.0,-16.399393469923417,38000,,14.20454456940422,15.92,19.608,12.962,9.2477,10.7465,134.8800048828125,-5.4014,MARA,29.549950133875804,219.0,224.39764404296875
2018-01-10,15.920000076293945,15.199999809265137,17.15999984741211,14.399999618530273,15.920000076293945,737900,33098.79119519711,0,1.1110365819961316,33097.68015861511,2079.0,-12.897917907376023,38000,,20.886076522396777,15.752,19.144,13.1207,9.343,10.6862,134.8800048828125,-4.7372,MARA,29.329540298863456,219.0,224.01519775390625
2018-01-11,15.359999656677246,16.559999465942383,16.559999465942383,15.279999732971191,15.359999656677246,334425,31934.55032281399,0,1.1110365819961316,31933.439286231995,2079.0,-15.961709676805292,38000,,20.754719244510014,15.568,18.752,13.2673,9.4363,10.6228,134.8800048828125,-4.3224,MARA,30.282946502284,219.0,225.6695098876953
2018-01-12,16.68000030517578,20.0,20.239999771118164,16.520000457763672,16.68000030517578,2714350,34678.83167104245,0,1.1110365819961316,34677.72063446045,2079.0,-8.739916655151458,38000,,36.5313675212021,15.76,18.448,13.4387,9.5407,10.5757,134.8800048828125,-3.3595,MARA,31.14406092392772,219.0,227.16368103027344
2018-01-16,14.359999656677246,15.84000015258789,15.880000114440918,13.880000114440918,14.359999656677246,636875,29855.55032281399,0,1.1110365819961316,29854.439286231995,2079.0,-21.432762308384234,38000,,34.98233301878376,15.52,18.08,13.5767,9.6203,10.5288,134.8800048828125,-3.4892,MARA,30.66740618856329,219.0,226.33660888671875
2018-01-17,13.880000114440918,14.15999984741211,14.640000343322754,12.279999732971191,13.880000114440918,554100,28857.631274504663,0,1.1110365819961316,28856.52023792267,2079.0,-24.058865067092995,38000,,31.468530710684846,15.24,17.626,13.7093,9.7,10.474,134.8800048828125,-3.6027,MARA,31.92835200058788,219.0,228.5245513916016
2018-01-18,14.920000076293945,16.079999923706055,16.799999237060547,14.920000076293945,14.920000076293945,2006100,31019.791195197107,0,1.1110365819961316,31018.680158615112,2079.0,-18.368970538954976,38000,,33.10581046265072,15.04,17.104,13.8567,9.7897,10.4208,134.8800048828125,-3.0849,MARA,31.748895269695087,219.0,228.21316528320312
2018-01-19,14.0,15.479999542236328,15.479999542236328,14.0,14.0,341475,29107.111036581995,0,1.1110365819961316,29106.0,2079.0,-23.402339377415803,38000,,35.27273342037776,14.768,16.64,13.9913,9.8717,10.3712,134.8800048828125,-2.9703,MARA,32.30763209091989,219.0,229.1826629638672
2018-01-22,13.399999618530273,14.0,14.239999771118164,13.039999961853027,13.399999618530273,317700,27859.710243506433,0,1.1110365819961316,27858.59920692444,2079.0,-26.684973043404124,38000,,36.05948479271152,14.112,16.17,14.116,9.942,10.3203,134.8800048828125,-2.9913,MARA,33.368666604694575,219.0,231.0237274169922
2018-01-23,13.600000381469727,13.239999771118164,14.0,13.0,13.600000381469727,229325,28275.511829657557,0,1.1110365819961316,28274.40079307556,2079.0,-25.590758343006424,38000,,31.746037002171306,13.96,15.87,14.2307,10.0167,10.2717,134.8800048828125,-2.7609,MARA,33.67111455616198,219.0,231.54852294921875
2018-01-24,14.039999961853027,13.600000381469727,14.359999656677246,13.199999809265137,14.039999961853027,396225,29190.27095727444,0,1.1110365819961316,29189.159920692444,2079.0,-23.18349748085674,38000,,36.40000255584644,13.992,15.684,14.358,10.099,10.2235,134.8800048828125,-2.2687,MARA,33.6044481438085,219.0,231.432846069336
2018-01-25,14.0,13.680000305175781,14.359999656677246,13.680000305175781,14.0,183200,29107.111036581995,0,1.1110365819961316,29106.0,2079.0,-23.402339377415803,38000,,38.07531430840181,13.808,15.478,14.498,10.1797,10.1765,134.8800048828125,-1.8312,MARA,33.66598772350111,219.0,231.5396270751953
2018-01-26,13.199999809265137,14.0,14.079999923706055,13.199999809265137,13.199999809265137,214800,27443.910640044214,0,1.1110365819961316,27442.79960346222,2079.0,-27.77918252619943,38000,,37.14285881109158,13.648,15.194,14.6113,10.2537,10.1368,134.8800048828125,-1.7777,MARA,35.21906626450391,219.0,234.2344665527344
2018-01-29,12.520000457763672,13.039999961853027,13.279999732971191,12.399999618530273,12.520000457763672,206700,26030.19198827267,0,1.1110365819961316,26029.080951690674,2079.0,-31.499494767703506,38000,,35.2713216619767,13.472,14.958,14.7173,10.322,10.0983,134.8800048828125,-1.9252,MARA,34.28619377337003,219.0,232.61578369140625
2018-01-30,11.600000381469727,12.399999618530273,12.720000267028809,11.479999542236328,11.600000381469727,211775,24117.511829657557,0,1.1110365819961316,24116.40079307556,2079.0,-36.53286360616433,38000,,33.211684770667915,13.072,14.718,14.788,10.3827,10.05,134.8800048828125,-2.3118,MARA,32.8561064529419,219.0,230.1343536376953
2018-01-31,12.84000015258789,11.760000228881836,14.399999618530273,11.760000228881836,12.84000015258789,900600,26695.47135381222,0,1.1110365819961316,26694.360317230225,2079.0,-29.748759595231,38000,,36.67820260461954,12.832,14.496,14.9027,10.4537,10.0115,134.8800048828125,-1.8404,MARA,32.97909767351652,219.0,230.34776306152344
2018-02-01,12.279999732971191,12.4399995803833,13.199999809265137,12.199999809265137,12.279999732971191,191700,26526.25708153725,0,1.4576583194763089,26524.799423217773,2160.0,-31.983956201186537,39000,Buy all cash Monthly invest,36.67820260461954,12.488,14.272,15.0113,10.5227,9.9733,134.8800048828125,-1.6641,MARA,31.99185058476377,223.0,230.11656188964844
2018-02-02,11.039999961853027,12.039999961853027,12.239999771118164,11.039999961853027,11.039999961853027,208800,23847.857575922015,0,1.4576583194763089,23846.39991760254,2160.0,-38.851647241225606,39000,,25.43553963550869,12.056,14.01,15.1,10.5813,9.9293,134.8800048828125,-2.016,MARA,29.174424186902197,223.0,225.1892242431641
2018-02-05,9.479999542236328,10.800000190734863,11.0,9.399999618530273,9.479999542236328,180225,20478.256669549944,0,1.4576583194763089,20476.79901123047,2160.0,-47.49164956525655,39000,,27.23880600334408,11.448,13.698,15.1647,10.623,9.8762,134.8800048828125,-2.8797,MARA,23.88539142197832,223.0,215.93934631347656
2018-02-06,10.4399995803833,9.199999809265137,10.5600004196167,9.0,10.4399995803833,211375,22551.856751947405,0,1.4576583194763089,22550.39909362793,2160.0,-42.17472627705794,39000,,34.64285580479378,11.216,13.442,15.252,10.6753,9.829,134.8800048828125,-2.7841,MARA,26.16884537799544,223.0,219.93283081054688
2018-02-07,10.600000381469727,11.359999656677246,11.5600004196167,10.520000457763672,10.600000381469727,211650,22897.458482294085,0,1.4576583194763089,22896.00082397461,2160.0,-41.28856799411773,39000,,29.069772169828667,10.768,13.208,15.3413,10.729,9.7832,134.8800048828125,-2.4548,MARA,25.482283206646272,223.0,218.73211669921875
2018-02-08,10.239999771118164,11.399999618530273,11.399999618530273,10.119999885559082,10.239999771118164,74700,22119.85716393471,0,1.4576583194763089,22118.399505615234,2160.0,-43.28241752837254,39000,,30.73770796153724,10.36,12.924,15.4233,10.7797,9.7345,134.8800048828125,-2.2565,MARA,20.834059251442905,223.0,210.6029357910156
2018-02-09,9.84000015258789,10.199999809265137,10.199999809265137,9.239999771118164,9.84000015258789,120250,21255.85798790932,0,1.4576583194763089,21254.400329589844,2160.0,-45.497800031001745,39000,,31.380758605911907,10.12,12.648,15.4967,10.8203,9.6822,134.8800048828125,-2.176,MARA,22.69029860941572,223.0,213.84927368164065
2018-02-12,10.119999885559082,10.119999885559082,10.5600004196167,9.920000076293945,10.119999885559082,108750,21860.657411127093,0,1.4576583194763089,21859.199752807617,2160.0,-43.947032279161306,39000,,31.95020553956151,10.248,12.32,15.576,10.866,9.6323,134.8800048828125,-1.7996,MARA,24.368550061739437,223.0,216.78433227539065
2018-02-13,9.84000015258789,10.0,10.119999885559082,9.600000381469727,9.84000015258789,58200,21255.85798790932,0,1.4576583194763089,21254.400329589844,2160.0,-45.497800031001745,39000,,27.84810343060174,10.128,12.094,15.652,10.912,9.584,134.8800048828125,-1.5549,MARA,24.785547805003617,223.0,217.5136108398437
2018-02-14,10.600000381469727,9.720000267028809,11.079999923706055,9.720000267028809,10.600000381469727,163675,22897.458482294085,0,1.4576583194763089,22896.00082397461,2160.0,-41.28856799411773,39000,,33.333336449915834,10.128,11.93,15.7387,10.9643,9.5382,134.8800048828125,-0.8103,MARA,26.41296800544932,223.0,220.3597717285156
2018-02-15,11.199999809265137,11.600000381469727,12.0,11.0,11.199999809265137,381875,24193.45724633217,0,1.4576583194763089,24191.999588012695,2160.0,-37.965494240173925,39000,,39.99999999999999,10.32,11.744,15.8327,11.0203,9.4895,134.8800048828125,0.1372,MARA,28.04541374676046,223.0,223.2147216796875
2018-02-16,10.600000381469727,11.800000190734863,11.800000190734863,10.600000381469727,10.600000381469727,189575,22897.458482294085,0,1.4576583194763089,22896.00082397461,2160.0,-41.28856799411773,39000,,40.32258033504347,10.472,11.574,15.912,11.07,9.4403,134.8800048828125,0.4825,MARA,28.03016262621758,223.0,223.18804931640625
2018-02-20,10.720000267028809,11.399999618530273,11.399999618530273,10.600000381469727,10.720000267028809,132725,23156.658235101702,0,1.4576583194763089,23155.200576782227,2160.0,-40.62395324332897,39000,,45.17543790853364,10.592,11.44,15.996,11.1153,9.3917,134.8800048828125,0.8377,MARA,27.257145447168615,223.0,221.8361358642578
2018-02-21,10.039999961853027,10.800000190734863,10.800000190734863,10.0,10.039999961853027,86800,21687.857575922015,0,1.4576583194763089,21686.39991760254,2160.0,-44.39010877968714,39000,,33.6448595007181,10.632,11.262,16.018,11.1483,9.3462,134.8800048828125,0.7164,MARA,26.590947186201078,223.0,220.6710357666016
2018-02-22,9.720000267028809,10.0,10.399999618530273,9.600000381469727,9.720000267028809,74200,20996.658235101702,0,1.4576583194763089,20995.200576782227,2160.0,-46.1624147817905,39000,,34.61538726056125,10.456,11.046,15.7833,11.18,9.2987,134.8800048828125,0.4981,MARA,26.74351946591109,223.0,220.9378662109375
2018-02-23,9.4399995803833,9.680000305175781,9.920000076293945,9.399999618530273,9.4399995803833,65675,20391.856751947405,0,1.4576583194763089,20390.39909362793,2160.0,-47.713187815519476,39000,,39.130433092496034,10.104,10.818,15.5067,11.2,9.25,134.8800048828125,0.2463,MARA,28.818439650706782,223.0,224.566650390625
2018-02-26,9.920000076293945,9.84000015258789,10.319999694824219,8.880000114440918,9.920000076293945,129050,21428.657823114398,0,1.4576583194763089,21427.200164794922,2160.0,-45.054723530475904,39000,,53.503188582393655,9.968,10.654,15.4153,11.228,9.202,134.8800048828125,0.4434,MARA,30.29833928699981,223.0,227.15481567382807
2018-02-27,9.5600004196167,10.0,10.15999984741211,9.399999618530273,9.5600004196167,97025,20651.058564691546,0,1.4576583194763089,20649.60090637207,2160.0,-47.048567782842184,39000,,42.253528930581915,9.736,10.506,15.3047,11.2557,9.1538,134.8800048828125,0.4101,MARA,28.640434295263063,223.0,224.25534057617188
2018-02-28,8.920000076293945,9.720000267028809,9.760000228881836,8.760000228881836,8.920000076293945,135400,19268.657823114398,0,1.4576583194763089,19267.200164794922,2160.0,-50.593185068937444,39000,,36.36363354877704,9.512,10.372,15.1753,11.274,9.1097,134.8800048828125,0.05,MARA,27.216478700686757,223.0,221.7650146484375
2018-03-01,8.399999618530273,8.920000076293945,9.199999809265137,8.279999732971191,8.399999618530273,126775,19140.500834569935,0,5.301703557971223,19135.199131011963,2278.0,-52.14874791357516,40000,Buy all cash Monthly invest,35.44303606458428,9.248,10.15,14.9853,11.2893,9.0733,134.8800048828125,-0.4414,MARA,24.891036577034026,228.0,218.8388214111328
2018-03-02,8.4399995803833,8.239999771118164,8.760000228881836,7.800000190734863,8.4399995803833,244350,19231.62074767113,0,5.301703557971223,19226.31904411316,2278.0,-51.920948130822175,40000,,38.25502883184658,9.048,9.958,14.8153,11.301,9.0385,134.8800048828125,-0.6412,MARA,25.555178422737136,228.0,220.0039825439453
2018-03-05,8.279999732971191,8.279999732971191,8.720000267028809,8.079999923706055,8.279999732971191,181300,18867.141095266346,0,5.301703557971223,18861.839391708374,2278.0,-52.83214726183414,40000,,34.24657444766909,8.72,9.82,14.6127,11.318,9.0297,134.8800048828125,-0.772,MARA,26.994946794319176,228.0,222.52989196777344
2018-03-06,7.880000114440918,8.4399995803833,8.4399995803833,7.840000152587891,7.880000114440918,205425,17955.941964254383,0,5.301703557971223,17950.64026069641,2278.0,-55.110145089364046,40000,,33.55704676508394,8.384,9.74,14.434,11.3343,9.0125,134.8800048828125,-1.0167,MARA,27.314328050422688,228.0,223.0902099609375
2018-03-07,7.28000020980835,7.679999828338623,7.840000152587891,7.28000020980835,7.28000020980835,157900,16589.142181501393,0,5.301703557971223,16583.84047794342,2278.0,-58.527144546246525,40000,,21.379307453187124,8.056,9.582,14.25,11.347,8.9942,134.8800048828125,-1.4736,MARA,27.2585596178055,228.0,222.99237060546875
2018-03-08,6.760000228881836,7.28000020980835,7.519999980926514,6.71999979019165,6.760000228881836,231475,15404.582224950793,0,5.301703557971223,15399.280521392822,2278.0,-61.48854443762302,40000,,11.188816668625705,7.728,9.39,14.0687,11.3527,8.9657,134.8800048828125,-2.0105,MARA,27.8517123888016,228.0,224.03298950195312
2018-03-09,6.119999885559082,6.920000076293945,6.920000076293945,6.119999885559082,6.119999885559082,283025,13946.66144286156,0,5.301703557971223,13941.359739303589,2278.0,-65.13334639284611,40000,,11.111114790409417,7.264,9.184,13.7507,11.3543,8.9205,134.8800048828125,-2.6864,MARA,30.062088823127752,228.0,227.9108428955078
2018-03-12,9.720000267028809,6.400000095367432,10.199999809265137,6.320000171661377,9.720000267028809,3574375,22147.4623118496,0,5.301703557971223,22142.160608291626,2278.0,-44.631344220376,40000,,44.58874557171113,7.552,9.178,13.526,11.3873,8.891,134.8800048828125,-0.2072,MARA,29.935348710823064,228.0,227.68849182128903
2018-03-13,7.880000114440918,9.4399995803833,9.4399995803833,7.800000190734863,7.880000114440918,946200,17955.941964254383,0,5.301703557971223,17950.64026069641,2278.0,-55.110145089364046,40000,,39.615386872601604,7.552,9.066,13.278,11.4077,8.8592,134.8800048828125,0.1117,MARA,29.078539628791837,228.0,226.1853179931641
2018-03-14,7.119999885559082,8.039999961853027,8.119999885559082,6.760000228881836,7.119999885559082,590675,16224.66144286156,0,5.301703557971223,16219.359739303589,2278.0,-59.43834639284611,40000,,38.00738059322401,7.52,8.93,13.0347,11.4163,8.8255,134.8800048828125,-0.1707,MARA,28.399238023567182,228.0,224.9935607910156
2018-03-15,6.480000019073486,6.840000152587891,7.199999809265137,6.440000057220459,6.480000019073486,427775,14766.741747007372,0,5.301703557971223,14761.440043449402,2278.0,-63.08314563248156,40000,,36.78571770689888,7.464,8.724,12.76,11.4183,8.7845,134.8800048828125,-0.7595,MARA,28.27755986194611,228.0,224.78009033203125
2018-03-16,6.599999904632568,6.440000057220459,6.960000038146973,6.440000057220459,6.599999904632568,422000,15040.101486310961,0,5.301703557971223,15034.79978275299,2278.0,-62.3997462842226,40000,,34.68634696086052,7.56,8.494,12.4473,11.42,8.752,134.8800048828125,-0.9313,MARA,28.409388017463712,228.0,225.0113677978516
2018-03-19,6.119999885559082,6.760000228881836,6.760000228881836,6.039999961853027,6.119999885559082,346025,13946.66144286156,0,5.301703557971223,13941.359739303589,2278.0,-65.13334639284611,40000,,34.30656832684295,6.84,8.27,12.1613,11.419,8.7162,134.8800048828125,-1.3109,MARA,26.695848130989084,228.0,222.00515747070312
2018-03-20,5.360000133514404,6.119999885559082,6.199999809265137,5.320000171661377,5.360000133514404,477150,12215.382007703784,0,5.301703557971223,12210.080304145813,2278.0,-69.46154498074054,40000,,33.935018889507404,6.336,8.002,11.8707,11.3997,8.6785,134.8800048828125,-2.07,MARA,26.9189044664383,228.0,222.396484375
2018-03-21,6.440000057220459,6.400000095367432,7.880000114440918,6.199999809265137,6.440000057220459,2891225,14675.621833906176,0,5.301703557971223,14670.320130348206,2278.0,-63.31094541523456,40000,,41.5807578015824,6.2,7.822,11.6513,11.3853,8.6507,134.8800048828125,-1.4503,MARA,26.624867753791847,228.0,221.8806304931641
2018-03-22,6.360000133514404,6.159999847412109,6.400000095367432,5.760000228881836,6.360000133514404,574100,14493.382007703784,0,5.301703557971223,14488.080304145813,2278.0,-63.76654498074055,40000,,41.09589264795068,6.176,7.654,11.4613,11.3757,8.6218,134.8800048828125,-0.9524,MARA,23.481700792121927,228.0,216.3663024902344
2018-03-23,5.639999866485596,6.239999771118164,6.239999771118164,5.599999904632568,5.639999866485596,425750,12853.221399412158,0,5.301703557971223,12847.919695854187,2278.0,-67.8669465014696,40000,,39.21568703837811,5.984,7.464,11.2533,11.3653,8.5887,134.8800048828125,-1.1382,MARA,20.855626878547675,228.0,211.7591552734375
2018-03-26,5.28000020980835,5.71999979019165,5.71999979019165,5.159999847412109,5.28000020980835,430225,12033.142181501391,0,5.301703557971223,12027.84047794342,2278.0,-69.91714454624652,40000,,39.34426293581986,5.816,7.232,11.0267,11.3493,8.5547,134.8800048828125,-1.4538,MARA,24.178188676643387,228.0,217.5882110595703
2018-03-27,4.800000190734863,5.840000152587891,5.840000152587891,4.760000228881836,4.800000190734863,507125,10939.70213805199,0,5.301703557971223,10934.400434494019,2278.0,-72.65074465487002,40000,,39.735099599160755,5.704,6.994,10.8193,11.3293,8.5187,134.8800048828125,-1.9743,MARA,22.028999223518376,228.0,213.8177032470703
2018-03-28,4.960000038146973,4.880000114440918,5.159999847412109,4.800000190734863,4.960000038146973,236825,11304.181790456774,0,5.301703557971223,11298.880086898804,2278.0,-71.73954552385806,40000,,42.320818473875384,5.408,6.796,10.6287,11.312,8.4833,134.8800048828125,-1.9855,MARA,21.68779591541292,228.0,213.21910095214844
2018-03-29,4.480000019073486,4.960000038146973,5.0,4.400000095367432,4.480000019073486,248425,10210.741747007372,0,5.301703557971223,10205.440043449402,2278.0,-74.47314563248158,40000,,42.90657493683661,5.032,6.6,10.4153,11.2933,8.4467,134.8800048828125,-2.3103,MARA,23.43972660999301,228.0,216.29266357421875
2018-04-02,4.559999942779541,4.71999979019165,4.71999979019165,4.480000019073486,4.559999942779541,183875,11387.988373272423,0,1.668516151908193,11386.319857120514,2497.0,-72.22441860177457,41000,Buy all cash Monthly invest,17.910443689294084,4.816,6.406,10.212,11.2767,8.423,134.8800048828125,-2.2495,MARA,20.07532215490575,232.0,211.2892303466797
2018-04-03,4.480000019073486,3.9600000381469727,4.559999942779541,3.680000066757202,4.480000019073486,588825,11188.228563778404,0,1.668516151908193,11186.560047626495,2497.0,-72.71163764932096,41000,,22.929932339988284,4.656,6.216,10.0153,11.262,8.4057,134.8800048828125,-2.101,MARA,21.59203030562984,232.0,213.96961975097656
2018-04-04,4.920000076293945,4.320000171661377,4.960000038146973,3.880000114440918,4.920000076293945,495475,12286.90870665789,0,1.668516151908193,12285.240190505981,2497.0,-70.03192998376124,41000,,31.543622926078058,4.68,6.068,9.8353,11.2483,8.3882,134.8800048828125,-1.3059,MARA,22.987435995892813,232.0,216.4356384277344
2018-04-05,4.71999979019165,4.800000190734863,5.400000095367432,4.400000095367432,4.71999979019165,506700,11787.50799226046,0,1.668516151908193,11785.839476108551,2497.0,-71.24998050668181,41000,,34.05796750907329,4.632,5.94,9.6547,11.2343,8.3678,134.8800048828125,-0.8363,MARA,23.87219536851093,232.0,217.9992218017578
2018-04-06,4.519999980926514,4.71999979019165,5.039999961853027,4.480000019073486,4.519999980926514,191000,11288.108468525414,0,1.668516151908193,11286.439952373505,2497.0,-72.46802812554778,41000,,31.428570212149978,4.64,5.828,9.4753,11.2187,8.3467,134.8800048828125,-0.6055,MARA,21.15724443482192,232.0,213.2012481689453
2018-04-09,4.639999866485596,4.639999866485596,4.880000114440918,4.480000019073486,4.639999866485596,198775,11587.748182766441,0,1.668516151908193,11586.079666614532,2497.0,-71.7371995542282,41000,,35.87786051146253,4.656,5.754,9.2873,11.204,8.3253,134.8800048828125,-0.1617,MARA,21.64763482163592,232.0,214.06788635253903
2018-04-10,4.679999828338623,4.800000190734863,4.800000190734863,4.559999942779541,4.679999828338623,158075,11687.62808751345,0,1.668516151908193,11685.959571361542,2497.0,-71.493590030455,41000,,42.47787190506804,4.696,5.502,9.1093,11.1883,8.3055,134.8800048828125,0.3113,MARA,23.644674467691583,232.0,217.59713745117188
2018-04-11,4.71999979019165,4.639999866485596,4.800000190734863,4.559999942779541,4.71999979019165,141150,11787.50799226046,0,1.668516151908193,11785.839476108551,2497.0,-71.24998050668181,41000,,25.287349234484424,4.656,5.344,8.91,11.1743,8.2858,134.8800048828125,0.7847,MARA,22.99249566147969,232.0,216.444580078125
2018-04-12,5.679999828338623,5.440000057220459,6.599999904632568,5.239999771118164,5.679999828338623,3366100,14184.62808751345,0,1.668516151908193,14182.959571361542,2497.0,-65.40334612801597,41000,,42.20183074860596,4.848,5.272,8.7653,11.171,8.2735,134.8800048828125,2.3706,MARA,24.01879615690652,232.0,218.25830078125
2018-04-13,6.0,6.559999942779541,6.880000114440918,5.760000228881836,6.0,1515550,14983.668516151909,0,1.668516151908193,14982.0,2497.0,-63.45446703377583,41000,,54.54545673478977,5.144,5.248,8.634,11.1717,8.2598,134.8800048828125,3.7884,MARA,23.675032461212897,232.0,217.6507873535156
2018-04-16,5.639999866485596,6.079999923706055,6.159999847412109,5.440000057220459,5.639999866485596,330150,14084.748182766441,0,1.668516151908193,14083.079666614532,2497.0,-65.64695565178917,41000,,54.54545016678463,5.344,5.2,8.4793,11.168,8.2473,134.8800048828125,4.2056,MARA,24.67606916567173,232.0,219.4198608398437
2018-04-17,5.800000190734863,5.880000114440918,6.119999885559082,5.519999980926514,5.800000190734863,368200,14484.268992416863,0,1.668516151908193,14482.600476264954,2497.0,-64.6725146526418,41000,,63.73626244066718,5.568,5.184,8.3427,11.167,8.2335,134.8800048828125,4.5791,MARA,26.01078477161689,232.0,221.77862548828125
2018-04-18,5.71999979019165,5.880000114440918,5.880000114440918,5.400000095367432,5.71999979019165,171975,14284.50799226046,0,1.668516151908193,14282.839476108551,2497.0,-65.15973660424278,41000,,60.67415113296346,5.768,5.202,8.2147,11.1653,8.2213,134.8800048828125,4.6135,MARA,26.081551015900416,232.0,221.9036865234375
2018-04-19,5.400000095367432,5.679999828338623,5.760000228881836,5.28000020980835,5.400000095367432,187050,13485.468754284386,0,1.668516151908193,13483.800238132477,2497.0,-67.10861279442832,41000,,63.529410609737184,5.712,5.15,8.078,11.1543,8.2105,134.8800048828125,4.1448,MARA,25.39394591633868,232.0,220.6885223388672
2018-04-20,5.71999979019165,5.760000228881836,5.800000190734863,5.599999904632568,5.71999979019165,193200,14284.50799226046,0,1.668516151908193,14282.839476108551,2497.0,-65.15973660424278,41000,,65.93406233518664,5.656,5.118,7.9393,11.1487,8.2023,134.8800048828125,4.1162,MARA,24.382824417672545,232.0,218.9016265869141
2018-04-23,6.119999885559082,6.0,6.360000133514404,5.800000190734863,6.119999885559082,375350,15283.308230392937,0,1.668516151908193,15281.639714241028,2497.0,-62.72363846245626,41000,,70.70706632840132,5.752,5.142,7.808,11.153,8.1998,134.8800048828125,4.4439,MARA,24.3272026331832,232.0,218.80332946777344
2018-04-24,7.71999979019165,6.400000095367432,7.760000228881836,6.28000020980835,7.71999979019165,2220750,19278.50799226046,0,1.668516151908193,19276.83947610855,2497.0,-52.97924879936473,41000,,77.34374527062789,6.136,5.264,7.7167,11.164,8.2053,134.8800048828125,6.2684,MARA,22.638595366129067,232.0,215.81915283203125
2018-04-25,7.039999961853027,7.159999847412109,7.400000095367432,6.440000057220459,7.039999961853027,1011850,17580.54842089892,0,1.668516151908193,17578.87990474701,2497.0,-57.12061360756362,41000,,70.7142875997388,6.4,5.376,7.6253,11.1713,8.2093,134.8800048828125,6.3683,MARA,22.95205287375101,232.0,216.37310791015625
2018-04-26,7.199999809265137,6.880000114440918,7.519999980926514,6.599999904632568,7.199999809265137,425100,17980.068039886955,0,1.668516151908193,17978.399523735046,2497.0,-56.14617551247084,41000,,74.10071812877433,6.76,5.488,7.552,11.17,8.2147,134.8800048828125,6.3005,MARA,24.2109253013425,232.0,218.59783935546875
2018-04-27,7.599999904632568,7.199999809265137,8.399999618530273,7.199999809265137,7.599999904632568,1417275,18978.868278019432,0,1.668516151908193,18977.199761867523,2497.0,-53.71007737068432,41000,,75.3424654178759,7.136,5.644,7.4647,11.1837,8.221,134.8800048828125,6.3501,MARA,24.34236436146062,232.0,218.8301239013672
2018-04-30,7.239999771118164,7.679999828338623,7.71999979019165,7.0,7.239999771118164,433725,18079.947944633965,0,1.668516151908193,18078.279428482056,2497.0,-55.90256598869765,41000,,70.7792192209952,7.36,5.778,7.3807,11.196,8.2285,134.8800048828125,5.6977,MARA,23.331216960069632,232.0,217.04318237304688
2018-05-01,6.440000057220459,6.760000228881836,6.840000152587891,6.239999771118164,6.440000057220459,470800,17077.389858987335,0,4.9497072958979516,17072.440151691437,2651.0,-59.33954795479206,42000,Buy all cash Monthly invest,62.42774745712118,7.104,5.876,7.304,11.202,8.2347,134.8800048828125,4.2249,MARA,23.01942616053989,237.0,217.50782775878903
2018-05-02,6.28000020980835,6.559999942779541,6.71999979019165,6.199999809265137,6.28000020980835,321650,16653.230263497833,0,4.9497072958979516,16648.280556201935,2651.0,-60.34945175357659,42000,,54.901963992560724,6.952,5.944,7.2507,11.2077,8.2408,134.8800048828125,2.9358,MARA,22.182460327148437,237.0,216.02459716796875
2018-05-03,7.039999961853027,6.239999771118164,7.079999923706055,6.239999771118164,7.039999961853027,729225,18667.989606168274,0,4.9497072958979516,18663.039898872375,2651.0,-55.55240569959935,42000,,57.926829622871196,6.92,6.06,7.194,11.223,8.2522,134.8800048828125,2.722,MARA,21.895108228411008,237.0,215.515365600586
2018-05-04,6.599999904632568,7.199999809265137,7.199999809265137,6.440000057220459,6.599999904632568,477150,17501.549454476837,0,4.9497072958979516,17496.59974718094,2651.0,-58.32964415600753,42000,,57.228916614386925,6.72,6.164,7.1273,11.2343,8.2677,134.8800048828125,2.0135,MARA,23.50847492762973,237.0,218.3744964599609
2018-05-07,6.360000133514404,6.320000171661377,6.559999942779541,6.239999771118164,6.360000133514404,255725,16865.310061242584,0,4.9497072958979516,16860.360353946686,2651.0,-59.84449985418432,42000,,54.16666696232468,6.544,6.25,7.0627,11.243,8.2782,134.8800048828125,1.2253,MARA,23.891634020124176,237.0,219.0535125732422
2018-05-08,5.800000190734863,6.239999771118164,6.360000133514404,5.800000190734863,5.800000190734863,427400,15380.750212934021,0,4.9497072958979516,15375.800505638123,2651.0,-63.3791661596809,42000,,50.55555846220247,6.416,6.306,6.9953,11.246,8.2837,134.8800048828125,0.1068,MARA,23.88657976422992,237.0,219.0445556640625
2018-05-09,6.039999961853027,5.920000076293945,6.320000171661377,5.840000152587891,6.039999961853027,292350,16016.989606168274,0,4.9497072958979516,16012.039898872375,2651.0,-61.86431046150411,42000,,54.49438206009636,6.368,6.372,6.9273,11.2517,8.2922,134.8800048828125,-0.3762,MARA,25.086530718122237,237.0,221.17105102539065
2018-05-10,5.71999979019165,6.039999961853027,6.159999847412109,5.599999904632568,5.71999979019165,277900,15168.669151093964,0,4.9497072958979516,15163.719443798065,2651.0,-63.884121068823895,42000,,50.0,6.104,6.374,6.8587,11.2553,8.2993,134.8800048828125,-0.9933,MARA,26.256199188232436,237.0,223.243881225586
2018-05-11,5.480000019073486,5.400000095367432,5.679999828338623,5.400000095367432,5.480000019073486,230300,14532.42975785971,0,4.9497072958979516,14527.480050563812,2651.0,-65.39897676700068,42000,,45.40229888994891,5.88,6.348,6.7733,11.256,8.3055,134.8800048828125,-1.5894,MARA,26.563751089913488,237.0,223.78890991210932
2018-05-14,5.760000228881836,5.480000019073486,5.800000190734863,5.360000133514404,5.760000228881836,272675,15274.710314061645,0,4.9497072958979516,15269.760606765747,2651.0,-63.63164210937704,42000,,32.62411401483014,5.76,6.354,6.6827,11.2577,8.3142,134.8800048828125,-1.601,MARA,26.70492584228512,237.0,224.03909301757807
2018-05-15,5.559999942779541,5.639999866485596,5.71999979019165,5.519999980926514,5.559999942779541,173075,14744.509555604462,0,4.9497072958979516,14739.559848308563,2651.0,-64.89402486760842,42000,,35.658912794512815,5.712,6.342,6.5987,11.2553,8.3227,134.8800048828125,-1.7377,MARA,25.83774640764509,237.0,222.5023193359375
2018-05-16,5.599999904632568,5.519999980926514,5.679999828338623,5.320000171661377,5.599999904632568,197625,14850.549454476837,0,4.9497072958979516,14845.599747180939,2651.0,-64.64154891791229,42000,,34.126983451194434,5.624,6.336,6.5133,11.2547,8.328,134.8800048828125,-1.691,MARA,26.37218876429968,237.0,223.44943237304688
2018-05-17,5.920000076293945,5.639999866485596,6.320000171661377,5.519999980926514,5.920000076293945,297100,15698.869909551147,0,4.9497072958979516,15693.920202255249,2651.0,-62.6217383105925,42000,,33.06451636162065,5.664,6.362,6.4447,11.2313,8.338,134.8800048828125,-1.2244,MARA,26.26629908970424,237.0,223.26177978515625
2018-05-18,5.880000114440918,5.840000152587891,6.119999885559082,5.71999979019165,5.880000114440918,190725,15592.830010678772,0,4.9497072958979516,15587.880303382874,2651.0,-62.87421426028863,42000,,35.34482935804556,5.744,6.37,6.3807,11.082,8.3472,134.8800048828125,-0.8983,MARA,25.953710152762287,237.0,222.70782470703125
2018-05-21,5.559999942779541,5.800000190734863,5.880000114440918,5.559999942779541,5.559999942779541,166900,14744.509555604462,0,4.9497072958979516,14739.559848308563,2651.0,-64.89402486760842,42000,,39.42307515962583,5.704,6.342,6.316,10.9113,8.355,134.8800048828125,-0.9778,MARA,26.876340026855484,237.0,224.3428649902344
2018-05-22,5.400000095367432,5.519999980926514,5.559999942779541,5.28000020980835,5.400000095367432,183425,14320.34996011496,0,4.9497072958979516,14315.400252819061,2651.0,-65.90392866639296,42000,,39.42307515962583,5.672,6.226,6.2407,10.828,8.3635,134.8800048828125,-1.1391,MARA,26.51332907540456,237.0,223.69955444335932
2018-05-23,5.159999847412109,5.239999771118164,5.239999771118164,5.0,5.159999847412109,211625,13684.1093027854,0,4.9497072958979516,13679.159595489502,2651.0,-67.41878737432047,42000,,24.175825039555207,5.584,6.132,6.1673,10.736,8.3717,134.8800048828125,-1.4347,MARA,26.906605290004173,237.0,224.39649963378903
2018-05-24,5.199999809265137,5.079999923706055,5.28000020980835,5.079999923706055,5.199999809265137,93175,13790.149201657776,0,4.9497072958979516,13785.199494361877,2651.0,-67.16631142462435,42000,,28.395061910088828,5.44,6.032,6.1053,10.6403,8.38,134.8800048828125,-1.4897,MARA,26.66460372924806,237.0,223.96763610839844
2018-05-25,5.199999809265137,5.199999809265137,5.400000095367432,5.159999847412109,5.199999809265137,75400,13790.149201657776,0,4.9497072958979516,13785.199494361877,2651.0,-67.16631142462435,42000,,30.66666433546314,5.304,5.912,6.052,10.5187,8.3883,134.8800048828125,-1.4292,MARA,26.34695192609515,237.0,223.4047088623047
2018-05-29,5.28000020980835,5.320000171661377,5.400000095367432,5.199999809265137,5.28000020980835,83375,14002.230263497833,0,4.9497072958979516,13997.280556201935,2651.0,-66.66135651548134,42000,,39.68254388745134,5.248,5.814,5.9993,10.4073,8.3983,134.8800048828125,-1.2023,MARA,24.88987969534737,237.0,220.8225555419922
2018-05-30,5.199999809265137,5.320000171661377,5.360000133514404,5.119999885559082,5.199999809265137,74400,13790.149201657776,0,4.9497072958979516,13785.199494361877,2651.0,-67.16631142462435,42000,,32.203398391928374,5.208,5.752,5.948,10.2803,8.4093,134.8800048828125,-1.0619,MARA,26.533503047398167,237.0,223.7353057861328
2018-05-31,5.559999942779541,5.199999809265137,5.639999866485596,5.079999923706055,5.559999942779541,362025,14744.509555604462,0,4.9497072958979516,14739.559848308563,2651.0,-64.89402486760842,42000,,46.66667196485395,5.288,5.716,5.9093,10.1717,8.4218,134.8800048828125,-0.4699,MARA,25.71673701695034,237.0,222.28787231445312
2018-06-01,5.400000095367432,5.519999980926514,5.559999942779541,5.28000020980835,5.400000095367432,102675,15315.354960026745,0,0.9546895647083602,15314.400270462036,2836.0,-64.38289544179827,43000,Buy all cash Monthly invest,48.275864903905045,5.328,5.634,5.878,10.064,8.4337,134.8800048828125,-0.2239,MARA,26.398457440753308,241.0,224.62879943847656
2018-06-04,5.119999885559082,5.440000057220459,5.480000019073486,5.039999961853027,5.119999885559082,161250,14521.274365010266,0,0.9546895647083602,14520.319675445557,2836.0,-66.22959449997612,43000,,36.206898677928784,5.312,5.56,5.8507,9.9597,8.445,134.8800048828125,-0.3499,MARA,26.954313018798825,241.0,225.62057495117188
2018-06-05,5.320000171661377,5.079999923706055,5.440000057220459,5.0,5.320000171661377,204800,15088.475176396374,0,0.9546895647083602,15087.520486831665,2836.0,-64.91052284558982,43000,,44.827594711715136,5.32,5.508,5.8373,9.794,8.4472,134.8800048828125,-0.1434,MARA,27.129560991863897,241.0,225.93325805664065
2018-06-06,5.320000171661377,5.400000095367432,5.599999904632568,5.159999847412109,5.320000171661377,317925,15088.475176396374,0,0.9546895647083602,15087.520486831665,2836.0,-64.91052284558982,43000,,43.85965939629949,5.344,5.484,5.764,9.645,8.4547,134.8800048828125,0.0296,MARA,28.1411194536076,241.0,227.7381134033203
2018-06-07,5.239999771118164,5.320000171661377,5.440000057220459,5.199999809265137,5.239999771118164,109675,14861.594040455822,0,0.9546895647083602,14860.639350891113,2836.0,-65.43815339428878,43000,,33.33334112478303,5.28,5.444,5.72,9.499,8.4538,134.8800048828125,0.0781,MARA,28.08103296821063,241.0,227.6309051513672
2018-06-08,5.159999847412109,5.320000171661377,5.400000095367432,5.159999847412109,5.159999847412109,75775,14634.714256825451,0,0.9546895647083602,14633.759567260742,2836.0,-65.96578079808036,43000,,32.69231650955507,5.232,5.416,5.6873,9.361,8.4413,134.8800048828125,0.0444,MARA,28.481618089542813,241.0,228.3456420898437
2018-06-11,4.800000190734863,5.039999961853027,5.079999923706055,4.800000190734863,4.800000190734863,301825,13613.755230488781,0,0.9546895647083602,13612.800540924072,2836.0,-68.34010411514238,43000,,32.07548867343759,5.168,5.382,5.6593,9.2097,8.4307,134.8800048828125,-0.3778,MARA,28.646885856450982,241.0,228.64051818847656
2018-06-12,4.679999828338623,4.920000076293945,4.920000076293945,4.639999866485596,4.679999828338623,129175,13273.434202733044,0,0.9546895647083602,13272.479513168335,2836.0,-69.1315483657371,43000,,32.69231650955507,5.04,5.328,5.6273,9.0373,8.4248,134.8800048828125,-0.7435,MARA,28.862200038466334,241.0,229.02468872070312
2018-06-13,4.71999979019165,4.71999979019165,4.800000190734863,4.639999866485596,4.71999979019165,123000,13386.87409454823,0,0.9546895647083602,13385.91940498352,2836.0,-68.86773466384133,43000,,38.29788043520993,4.92,5.286,5.604,8.8827,8.4172,134.8800048828125,-0.858,MARA,28.351405048459032,241.0,228.11331176757807
2018-06-14,4.840000152587891,4.760000228881836,4.840000152587891,4.599999904632568,4.840000152587891,155775,13727.195122303967,0,0.9546895647083602,13726.240432739258,2836.0,-68.07629041324658,43000,,40.81634440454045,4.84,5.248,5.5953,8.733,8.412,134.8800048828125,-0.7024,MARA,28.721972583149743,241.0,228.7744903564453
2018-06-15,4.840000152587891,4.920000076293945,5.0,4.71999979019165,4.840000152587891,103900,13727.195122303967,0,0.9546895647083602,13726.240432739258,2836.0,-68.07629041324658,43000,,40.81634440454045,4.776,5.194,5.5687,8.61,8.4075,134.8800048828125,-0.5297,MARA,28.61179692255065,241.0,228.57791137695312
2018-06-18,4.760000228881836,4.71999979019165,4.800000190734863,4.679999828338623,4.760000228881836,72125,13500.315338673596,0,0.9546895647083602,13499.360649108887,2836.0,-68.60391781703815,43000,,36.734704304011686,4.768,5.138,5.542,8.5017,8.4047,134.8800048828125,-0.4549,MARA,28.30634446042084,241.0,228.0329132080078
2018-06-19,4.679999828338623,4.800000190734863,4.840000152587891,4.679999828338623,4.679999828338623,57575,13273.434202733044,0,0.9546895647083602,13272.479513168335,2836.0,-69.1315483657371,43000,,36.734704304011686,4.768,5.094,5.526,8.3897,8.3968,134.8800048828125,-0.4463,MARA,27.82061543806209,241.0,227.166259765625
2018-06-20,4.599999904632568,4.639999866485596,4.71999979019165,4.599999904632568,4.599999904632568,117325,13046.554419102673,0,0.9546895647083602,13045.599729537964,2836.0,-69.65917576952867,43000,,21.42859170224493,4.744,5.054,5.5147,8.2707,8.3913,134.8800048828125,-0.481,MARA,28.050964069455176,241.0,227.57725524902344
2018-06-21,4.599999904632568,4.679999828338623,4.679999828338623,4.559999942779541,4.599999904632568,62925,13046.554419102673,0,0.9546895647083602,13045.599729537964,2836.0,-69.65917576952867,43000,,23.68422868837905,4.696,5.026,5.5113,8.1653,8.3852,134.8800048828125,-0.4373,MARA,27.254736893764765,241.0,226.15660095214844
2018-06-22,4.400000095367432,4.440000057220459,4.519999980926514,4.199999809265137,4.400000095367432,91150,12479.354960026745,0,0.9546895647083602,12478.400270462036,2836.0,-70.97824427900757,43000,,25.000024835251224,4.608,4.986,5.502,8.0653,8.3788,134.8800048828125,-0.609,MARA,27.48012535414585,241.0,226.55874633789065
2018-06-25,4.119999885559082,4.480000019073486,4.480000019073486,4.119999885559082,4.119999885559082,114300,11685.274365010266,0,0.9546895647083602,11684.319675445557,2836.0,-72.82494333718543,43000,,10.526330649348282,4.48,4.932,5.496,7.9557,8.3727,134.8800048828125,-1.0236,MARA,25.722420339894867,241.0,223.422592163086
2018-06-26,3.9200000762939453,4.079999923706055,4.119999885559082,3.7200000286102295,3.9200000762939453,207100,11118.074905934338,0,0.9546895647083602,11117.120216369629,2836.0,-74.14401184666433,43000,,9.302340410018786,4.328,4.864,5.4853,7.8487,8.367,134.8800048828125,-1.4759,MARA,25.997846663364157,241.0,223.9140167236328
2018-06-27,3.9200000762939453,3.880000114440918,4.079999923706055,3.8399999141693115,3.9200000762939453,86925,11118.074905934338,0,0.9546895647083602,11117.120216369629,2836.0,-74.14401184666433,43000,,9.75611528989657,4.192,4.8,5.476,7.7457,8.362,134.8800048828125,-1.6564,MARA,24.956253510940883,241.0,222.0555725097656
2018-06-28,3.799999952316284,3.9200000762939453,4.0,3.799999952316284,3.799999952316284,71875,10777.754554333691,0,0.9546895647083602,10776.799864768982,2836.0,-74.93545452480537,43000,,9.523825742755236,4.032,4.712,5.4573,7.6463,8.3578,134.8800048828125,-1.8212,MARA,25.714441306180746,241.0,223.40835571289065
2018-06-29,3.680000066757202,3.799999952316284,3.880000114440918,3.5999999046325684,3.680000066757202,132125,10437.434878888134,0,0.9546895647083602,10436.480189323425,2836.0,-75.7268956304927,43000,,11.111127667948011,3.888,4.626,5.44,7.5473,8.3538,134.8800048828125,-1.9706,MARA,26.03137057779001,241.0,223.9738311767578
2018-07-02,3.759999990463257,3.640000104904175,3.759999990463257,3.5199999809265137,3.759999990463257,262775,11659.351462531093,0,3.35149209499707,11655.999970436096,3100.0,-73.50147394879298,44000,Buy all cash Monthly invest,17.142870766772702,3.816,4.558,5.4273,7.4513,8.3495,134.8800048828125,-1.8037,MARA,25.569622962778272,246.0,224.2342071533203
2018-07-03,3.7200000286102295,3.799999952316284,3.799999952316284,3.5999999046325684,3.7200000286102295,93225,11535.351580786708,0,3.35149209499707,11532.000088691711,3100.0,-73.7832918618484,44000,,14.285731315608729,3.776,4.478,5.412,7.3497,8.3463,134.8800048828125,-1.6145,MARA,25.062716488057912,246.0,223.3275451660156
2018-07-05,3.7200000286102295,3.799999952316284,3.799999952316284,3.640000104904175,3.7200000286102295,66850,11535.351580786708,0,3.35149209499707,11532.000088691711,3100.0,-73.7832918618484,44000,,6.249994179233781,3.736,4.398,5.396,7.2527,8.3445,134.8800048828125,-1.3551,MARA,26.131725332606926,246.0,225.23959350585932
2018-07-06,3.559999942779541,3.759999990463257,3.759999990463257,3.5199999809265137,3.559999942779541,85375,11039.351314711574,0,3.35149209499707,11035.999822616577,3100.0,-74.91056519383733,44000,,5.555550036607187,3.688,4.314,5.3767,7.1433,8.342,134.8800048828125,-1.3108,MARA,27.18060942961953,246.0,227.1156463623047
2018-07-09,3.640000104904175,3.440000057220459,3.7200000286102295,3.440000057220459,3.640000104904175,93425,11287.351817297938,0,3.35149209499707,11284.000325202942,3100.0,-74.34692768795924,44000,,11.111114790409417,3.68,4.238,5.3427,7.054,8.3372,134.8800048828125,-1.0273,MARA,28.304780045075866,246.0,229.12635803222656
2018-07-10,3.5199999809265137,3.680000066757202,3.680000066757202,3.5199999809265137,3.5199999809265137,84800,10915.351432967189,0,3.35149209499707,10911.999940872192,3100.0,-75.19238310689276,44000,,10.810816470857361,3.632,4.174,5.3013,6.9677,8.3338,134.8800048828125,-0.9204,MARA,28.751491429242225,246.0,229.92535400390625
2018-07-11,3.4000000953674316,3.5199999809265137,3.559999942779541,3.4000000953674316,3.4000000953674316,88525,10543.351787734035,0,3.35149209499707,10540.000295639038,3100.0,-76.03783684605901,44000,,10.526321568317442,3.568,4.11,5.264,6.8717,8.3307,134.8800048828125,-0.9355,MARA,27.87320274405045,246.0,228.3544311523437
2018-07-12,3.359999895095825,3.4000000953674316,3.4000000953674316,3.2799999713897705,3.359999895095825,82875,10419.351166892055,0,3.35149209499707,10415.999674797058,3100.0,-76.3196564388817,44000,,10.256414567067822,3.496,4.042,5.2233,6.783,8.3273,134.8800048828125,-0.8977,MARA,28.9672758142298,246.0,230.31130981445312
2018-07-13,3.559999942779541,3.319999933242798,3.680000066757202,3.319999933242798,3.559999942779541,105925,11039.351314711574,0,3.35149209499707,11035.999822616577,3100.0,-74.91056519383733,44000,,23.076925428190492,3.496,3.978,5.1873,6.701,8.3215,134.8800048828125,-0.418,MARA,29.077701728647387,246.0,230.50881958007807
2018-07-16,4.039999961853027,3.559999942779541,4.519999980926514,3.559999942779541,4.039999961853027,812850,12527.351373839381,0,3.35149209499707,12523.999881744385,3100.0,-71.52874687763777,44000,,47.727275190274256,3.576,3.938,5.1647,6.6213,8.319,134.8800048828125,0.801,MARA,28.997407483707786,246.0,230.36520385742188
2018-07-17,5.0,4.119999885559082,5.400000095367432,3.5999999046325684,5.0,1968650,15503.351492094997,0,3.35149209499707,15500.0,3100.0,-64.76511024523865,44000,,71.42856602225542,3.872,3.95,5.1527,6.546,8.3225,134.8800048828125,3.1829,MARA,29.54945174529337,246.0,231.35260009765625
2018-07-18,4.360000133514404,4.920000076293945,5.28000020980835,4.320000171661377,4.360000133514404,1381775,13519.35190598965,0,3.35149209499707,13516.000413894653,3100.0,-69.27420021365988,44000,,56.9620255074656,4.064,3.934,5.1233,6.4657,8.3227,134.8800048828125,3.539,MARA,29.78534381571685,246.0,231.77452087402344
2018-07-19,4.559999942779541,4.480000019073486,4.760000228881836,4.360000133514404,4.559999942779541,553750,14139.351314711574,0,3.35149209499707,14135.999822616577,3100.0,-67.86511064838278,44000,,61.72839488003462,4.304,3.932,5.0707,6.3937,8.3237,134.8800048828125,3.9598,MARA,29.29348611363498,246.0,230.894775390625
2018-07-20,4.360000133514404,4.559999942779541,4.920000076293945,4.360000133514404,4.360000133514404,352475,13519.35190598965,0,3.35149209499707,13516.000413894653,3100.0,-69.27420021365988,44000,,60.240965066722374,4.464,3.92,5.026,6.3257,8.3238,134.8800048828125,3.7654,MARA,29.173070339376284,246.0,230.6793975830078
2018-07-23,4.760000228881836,4.599999904632568,5.0,4.559999942779541,4.760000228881836,739700,14759.352201628688,0,3.35149209499707,14756.000709533691,3100.0,-66.45601772357116,44000,,63.73626661536738,4.608,3.938,4.9853,6.2687,8.3257,134.8800048828125,4.1083,MARA,29.41896933174135,246.0,231.1192169189453
2018-07-24,5.679999828338623,5.559999942779541,6.239999771118164,5.320000171661377,5.679999828338623,4455700,17611.350959944728,0,3.35149209499707,17607.99946784973,3100.0,-59.97420236376199,44000,,71.6814149489407,4.744,4.016,4.9533,6.209,8.3313,134.8800048828125,5.4818,MARA,30.026235081585973,246.0,232.20538330078125
2018-07-25,5.0,5.360000133514404,5.480000019073486,4.920000076293945,5.0,701175,15503.351492094997,0,3.35149209499707,15500.0,3100.0,-64.76511024523865,44000,,62.307693048341804,4.872,4.07,4.916,6.1483,8.3355,134.8800048828125,5.0619,MARA,31.215659700393683,246.0,234.3328094482422
2018-07-26,4.960000038146973,5.119999885559082,5.28000020980835,4.840000152587891,4.960000038146973,235000,15379.351610350612,0,3.35149209499707,15376.000118255615,3100.0,-65.04692815829407,44000,,63.77952999808233,4.952,4.122,4.8913,6.0977,8.3395,134.8800048828125,4.4877,MARA,30.829220186233503,246.0,233.64161682128903
2018-07-27,4.679999828338623,4.71999979019165,4.800000190734863,4.320000171661377,4.679999828338623,346375,14511.350959944728,0,3.35149209499707,14507.999467849731,3100.0,-67.01965690921654,44000,,59.8484831722751,5.016,4.166,4.8647,6.0577,8.3403,134.8800048828125,3.5108,MARA,29.98105463946949,246.0,232.12457275390625
2018-07-30,4.519999980926514,4.559999942779541,4.679999828338623,4.159999847412109,4.519999980926514,198950,14015.351432967189,0,3.35149209499707,14011.999940872192,3100.0,-68.1469285614382,44000,,59.39849762213285,4.968,4.208,4.8227,6.0083,8.3418,134.8800048828125,2.4969,MARA,29.233265429930256,246.0,230.7870635986328
2018-07-31,4.199999809265137,4.400000095367432,4.400000095367432,4.079999923706055,4.199999809265137,175250,13023.35090081692,0,3.35149209499707,13019.999408721924,3100.0,-70.40147522541609,44000,,57.24637487109415,4.672,4.23,4.7827,5.955,8.342,134.8800048828125,1.2817,MARA,29.885711621891357,246.0,231.9540405273437
2018-08-01,4.039999961853027,4.199999809265137,4.199999809265137,4.039999961853027,4.039999961853027,103650,13522.361973886493,0,0.48210156441098206,13521.879872322083,3347.0,-69.95030672469669,45000,Buy all cash Monthly invest,56.02837029336185,4.48,4.246,4.744,5.9033,8.3415,134.8800048828125,0.2166,MARA,29.05424351518422,250.0,231.6667633056641
2018-08-02,4.199999809265137,4.0,4.320000171661377,3.9200000762939453,4.199999809265137,153550,14057.881463174823,0,0.48210156441098206,14057.399361610413,3347.0,-68.76026341516706,45000,,55.714285592643556,4.328,4.27,4.7173,5.8563,8.3383,134.8800048828125,-0.2432,MARA,29.707548568895128,250.0,232.8427124023437
2018-08-03,4.119999885559082,4.199999809265137,4.320000171661377,4.039999961853027,4.119999885559082,158600,13790.121718530658,0,0.48210156441098206,13789.639616966248,3347.0,-69.35528506993187,45000,,50.76923020492632,4.216,4.298,4.6853,5.8063,8.3362,134.8800048828125,-0.6413,MARA,30.340881563144272,250.0,233.9827117919922
2018-08-06,4.0,4.039999961853027,4.199999809265137,3.9600000381469727,4.0,175900,13388.48210156441,0,0.48210156441098206,13388.0,3347.0,-70.2478175520791,45000,,38.53210668031559,4.112,4.316,4.6567,5.7577,8.3348,134.8800048828125,-1.0398,MARA,30.82963753102621,250.0,234.8624725341797
2018-08-07,3.9600000381469727,4.0,4.119999885559082,3.9600000381469727,3.9600000381469727,127875,13254.602229242328,0,0.48210156441098206,13254.120127677917,3347.0,-70.5453283794615,45000,,44.68084809573879,4.064,4.338,4.6313,5.7023,8.3333,134.8800048828125,-1.3008,MARA,31.193661375427272,250.0,235.5177154541016
2018-08-08,3.880000114440918,3.9200000762939453,3.9600000381469727,3.680000066757202,3.880000114440918,172275,12986.842484598163,0,0.48210156441098206,12986.360383033752,3347.0,-71.1403500342263,45000,,40.65934022747497,4.032,4.362,4.6,5.6413,8.3308,134.8800048828125,-1.5202,MARA,31.123843938361297,250.0,235.3920440673828
2018-08-09,3.8399999141693115,3.8399999141693115,3.9600000381469727,3.7200000286102295,3.8399999141693115,92250,12852.961814289096,0,0.48210156441098206,12852.479712724686,3347.0,-71.43786263491312,45000,,42.52873098602887,3.96,4.386,4.5713,5.585,8.3275,134.8800048828125,-1.6404,MARA,30.959269421217183,250.0,235.09580993652344
2018-08-10,3.8399999141693115,3.8399999141693115,3.9200000762939453,3.799999952316284,3.8399999141693115,74725,12852.961814289096,0,0.48210156441098206,12852.479712724686,3347.0,-71.43786263491312,45000,,35.064926117701546,3.904,4.4,4.542,5.5277,8.3215,134.8800048828125,-1.6269,MARA,30.071589367506245,250.0,233.4979858398437
2018-08-13,3.8399999141693115,3.880000114440918,3.880000114440918,3.7200000286102295,3.8399999141693115,69750,12852.961814289096,0,0.48210156441098206,12852.479712724686,3347.0,-71.43786263491312,45000,,7.4074016840522745,3.872,4.39,4.5073,5.476,8.3122,134.8800048828125,-1.5252,MARA,29.582858830939408,250.0,232.61827087402344
2018-08-14,3.5999999046325684,3.759999990463257,3.799999952316284,3.4800000190734863,3.5999999046325684,187050,12049.681782369616,0,0.48210156441098206,12049.199680805206,3347.0,-73.22292937251196,45000,,9.302317844717962,3.8,4.32,4.4693,5.425,8.3025,134.8800048828125,-1.7495,MARA,30.415692015075702,250.0,234.11737060546875
2018-08-15,3.559999942779541,3.5999999046325684,3.7200000286102295,3.319999933242798,3.559999942779541,256200,11915.801910047534,0,0.48210156441098206,11915.319808483124,3347.0,-73.52044019989437,45000,,9.302317844717962,3.736,4.28,4.436,5.376,8.288,134.8800048828125,-1.855,MARA,29.458203001403803,250.0,232.39389038085932
2018-08-16,3.440000057220459,3.5999999046325684,3.640000104904175,3.319999933242798,3.440000057220459,114050,11514.162293081286,0,0.48210156441098206,11513.680191516876,3347.0,-74.41297268204158,45000,,10.256403986359999,3.656,4.224,4.4033,5.322,8.275,134.8800048828125,-2.0082,MARA,30.505473034498443,250.0,234.2789764404297
2018-08-17,3.559999942779541,3.4000000953674316,3.5999999046325684,3.319999933242798,3.559999942779541,170725,11915.801910047534,0,0.48210156441098206,11915.319808483124,3347.0,-73.52044019989437,45000,,18.42104107388782,3.6,4.184,4.3767,5.272,8.2638,134.8800048828125,-1.7852,MARA,30.93931431596546,250.0,235.0598907470703
2018-08-20,3.5199999809265137,3.559999942779541,3.680000066757202,3.4000000953674316,3.5199999809265137,80650,11781.922037725451,0,0.48210156441098206,11781.439936161041,3347.0,-73.81795102727678,45000,,22.58063647798646,3.536,4.122,4.3487,5.227,8.2505,134.8800048828125,-1.5929,MARA,31.22857857106529,250.0,235.58056640625
2018-08-21,3.4800000190734863,3.5999999046325684,3.5999999046325684,3.440000057220459,3.4800000190734863,46425,11648.042165403369,0,0.48210156441098206,11647.560063838959,3347.0,-74.11546185465919,45000,,24.99998935630782,3.512,4.012,4.32,5.186,8.2377,134.8800048828125,-1.4271,MARA,31.51282437998455,250.0,236.0922088623047
2018-08-22,3.559999942779541,3.559999942779541,3.5999999046325684,3.440000057220459,3.559999942779541,129375,11915.801910047534,0,0.48210156441098206,11915.319808483124,3347.0,-73.52044019989437,45000,,19.230760413509728,3.512,3.94,4.2913,5.1453,8.2232,134.8800048828125,-1.078,MARA,31.47293960079618,250.0,236.0204162597656
2018-08-23,3.440000057220459,3.5999999046325684,3.680000066757202,3.4000000953674316,3.440000057220459,134075,11514.162293081286,0,0.48210156441098206,11513.680191516876,3347.0,-74.41297268204158,45000,,18.518510342294206,3.512,3.864,4.262,5.105,8.2115,134.8800048828125,-0.9704,MARA,31.28340848642988,250.0,235.67926025390625
2018-08-24,3.5199999809265137,3.4000000953674316,3.5199999809265137,3.4000000953674316,3.5199999809265137,111000,11781.922037725451,0,0.48210156441098206,11781.439936161041,3347.0,-73.81795102727678,45000,,26.92306457891361,3.504,3.806,4.228,5.0687,8.2015,134.8800048828125,-0.6739,MARA,32.106272595045326,250.0,237.1604156494141
2018-08-27,3.640000104904175,3.559999942779541,3.7200000286102295,3.4000000953674316,3.640000104904175,294750,12183.562452678683,0,0.48210156441098206,12183.080351114273,3347.0,-72.92541677182514,45000,,35.71428419375859,3.528,3.762,4.1987,5.0383,8.1927,134.8800048828125,-0.1988,MARA,33.09868728146024,250.0,238.9467620849609
2018-08-28,4.0,3.799999952316284,4.28000020980835,3.799999952316284,4.0,996200,13388.48210156441,0,0.48210156441098206,13388.0,3347.0,-70.2478175520791,45000,,54.285711366302316,3.632,3.752,4.18,5.0153,8.184,134.8800048828125,0.7808,MARA,33.173514687601724,250.0,239.0814514160156
2018-08-29,3.880000114440918,4.039999961853027,4.159999847412109,3.7200000286102295,3.880000114440918,419125,12986.842484598163,0,0.48210156441098206,12986.360383033752,3347.0,-71.1403500342263,45000,,51.35135875295425,3.696,3.744,4.156,4.9967,8.1755,134.8800048828125,1.1925,MARA,33.901596284823945,250.0,240.3919982910156
2018-08-30,3.7200000286102295,3.799999952316284,3.799999952316284,3.5999999046325684,3.7200000286102295,153250,12451.322197322848,0,0.48210156441098206,12450.840095758438,3347.0,-72.33039511706035,45000,,46.3414655421059,3.752,3.72,4.1293,4.9467,8.167,134.8800048828125,1.1585,MARA,33.358010401577445,250.0,239.41354370117188
2018-08-31,3.9200000762939453,3.7200000286102295,4.0,3.7200000286102295,3.9200000762939453,167000,13120.722356920245,0,0.48210156441098206,13120.240255355835,3347.0,-70.8428392068439,45000,,52.17391811381822,3.832,3.71,4.1073,4.9137,8.1607,134.8800048828125,1.4579,MARA,33.36296950802276,250.0,239.42247009277344
2018-09-04,4.0,4.159999847412109,4.28000020980835,3.9200000762939453,4.0,528700,14383.522101564411,0,3.5221015644110594,14380.0,3595.0,-68.73147369225127,46000,Buy all cash Monthly invest,61.90476933845063,3.904,3.71,4.088,4.8877,8.152,134.8800048828125,1.7405,MARA,32.44683226726368,254.0,239.0904235839844
2018-09-05,3.640000104904175,3.9200000762939453,3.9200000762939453,3.5999999046325684,3.640000104904175,363750,13089.32247869492,0,3.5221015644110594,13085.800377130508,3595.0,-71.54495113327192,46000,,52.000004768373294,3.832,3.694,4.0687,4.864,8.1412,134.8800048828125,1.2533,MARA,32.07504842194267,254.0,238.4171142578125
2018-09-06,3.5999999046325684,3.4800000190734863,3.680000066757202,3.4800000190734863,3.5999999046325684,144575,12945.521758718494,0,3.5221015644110594,12941.999657154083,3595.0,-71.85756139409023,46000,,54.16666356225743,3.776,3.68,4.0507,4.839,8.1295,134.8800048828125,0.843,MARA,31.68846096387117,254.0,237.7169952392578
2018-09-07,3.5199999809265137,3.5999999046325684,3.5999999046325684,3.4800000190734863,3.5199999809265137,109825,12657.922032995228,0,3.5221015644110594,12654.399931430817,3595.0,-72.48277818914082,46000,,48.93617102224522,3.736,3.664,4.0307,4.8173,8.1182,134.8800048828125,0.4308,MARA,31.3712069886249,254.0,237.14244079589844
2018-09-10,3.559999942779541,3.4800000190734863,3.5999999046325684,3.4800000190734863,3.559999942779541,86125,12801.721895856861,0,3.5221015644110594,12798.19979429245,3595.0,-72.17016979161552,46000,,51.06382897775478,3.664,3.65,4.0093,4.8023,8.101,134.8800048828125,0.2428,MARA,31.61904322599329,254.0,237.59127807617188
2018-09-11,3.4000000953674316,3.4800000190734863,3.5199999809265137,3.359999895095825,3.4000000953674316,112800,12226.522444410328,0,3.5221015644110594,12223.000342845917,3595.0,-73.42060338171667,46000,,48.000001430511816,3.544,3.628,3.9853,4.777,8.0812,134.8800048828125,-0.1414,MARA,32.1147241262353,254.0,238.4889678955078
2018-09-12,3.319999933242798,3.4000000953674316,3.4000000953674316,3.240000009536743,3.319999933242798,120525,11938.92186157227,0,3.5221015644110594,11935.399760007858,3595.0,-74.04582204006029,46000,,43.99999904632557,3.48,3.614,3.9613,4.7517,8.0637,134.8800048828125,-0.4952,MARA,32.12956144100687,254.0,238.51583862304688
2018-09-13,3.440000057220459,3.359999895095825,3.5199999809265137,3.359999895095825,3.440000057220459,88200,12370.322307271961,0,3.5221015644110594,12366.80020570755,3595.0,-73.10799498419138,46000,,50.0,3.448,3.608,3.9407,4.7333,8.0493,134.8800048828125,-0.4565,MARA,32.87801592470252,254.0,239.87130737304688
2018-09-14,3.359999895095825,3.359999895095825,3.4800000190734863,3.359999895095825,3.359999895095825,101675,12082.721724433903,0,3.5221015644110594,12079.199622869492,3595.0,-73.733213642535,46000,,45.999998331070145,3.416,3.604,3.92,4.7173,8.0333,134.8800048828125,-0.5251,MARA,32.947442088085666,254.0,239.99703979492188
2018-09-17,3.319999933242798,3.4000000953674316,3.4000000953674316,3.319999933242798,3.319999933242798,71250,11938.905261572603,0,0.1855016315020479,11938.719759941101,3596.0,-74.04585812701607,46000,Buy all cash ,41.66666252745538,3.368,3.592,3.8987,4.705,8.0172,134.8800048828125,-0.5867,MARA,32.19897075337948,254.0,238.6415405273437
2018-09-18,3.440000057220459,3.319999933242798,3.5199999809265137,3.319999933242798,3.440000057220459,181300,12370.425707396273,0,0.1855016315020479,12370.24020576477,3596.0,-73.10777020131245,46000,,33.33333806385984,3.376,3.588,3.8827,4.6923,8.0022,134.8800048828125,-0.3486,MARA,32.917674777984644,254.0,239.9431304931641
2018-09-19,3.319999933242798,3.359999895095825,3.440000057220459,3.319999933242798,3.319999933242798,152125,11938.905261572603,0,0.1855016315020479,11938.719759941101,3596.0,-74.04585812701607,46000,,33.33333333333333,3.376,3.58,3.8693,4.6827,7.988,134.8800048828125,-0.3685,MARA,33.06638494591092,254.0,240.2124481201172
2018-09-20,3.319999933242798,3.4000000953674316,3.4000000953674316,3.319999933242798,3.319999933242798,89800,11938.905261572603,0,0.1855016315020479,11938.719759941101,3596.0,-74.04585812701607,46000,,36.84210608870674,3.352,3.568,3.8593,4.6723,7.9745,134.8800048828125,-0.3316,MARA,34.132068128337025,254.0,242.14242553710932
2018-09-21,3.2799999713897705,3.4800000190734863,3.4800000190734863,3.2799999713897705,3.2799999713897705,248500,11795.065398749117,0,0.1855016315020479,11794.879897117615,3596.0,-74.35855348098018,46000,,26.470590813348977,3.336,3.56,3.8487,4.6623,7.9622,134.8800048828125,-0.3337,MARA,34.03789625599074,254.0,241.9718780517578
2018-09-24,3.0399999618530273,3.319999933242798,3.4000000953674316,3.0,3.0399999618530273,256000,10932.025364454988,0,0.1855016315020479,10931.839862823486,3596.0,-76.23472746857611,46000,,18.421060887067426,3.28,3.536,3.836,4.6467,7.9475,134.8800048828125,-0.7368,MARA,33.59177417771713,254.0,241.1639404296875
2018-09-25,2.9200000762939453,3.0799999237060547,3.119999885559082,2.799999952316284,2.9200000762939453,272600,10500.50577598453,0,0.1855016315020479,10500.320274353027,3596.0,-77.1728135304684,46000,,21.87500873114608,3.176,3.5,3.8233,4.6317,7.933,134.8800048828125,-1.1578,MARA,33.428243546029805,254.0,240.86778259277344
2018-09-26,3.0799999237060547,3.0399999618530273,3.200000047683716,2.9200000762939453,3.0799999237060547,170050,11075.865227278475,0,0.1855016315020479,11075.679725646973,3596.0,-75.92203211461201,46000,,31.428573374845413,3.128,3.454,3.812,4.6197,7.9192,134.8800048828125,-1.0282,MARA,33.03837014090498,254.0,240.1617126464844
2018-09-27,3.0799999237060547,3.0399999618530273,3.1600000858306885,2.9200000762939453,3.0799999237060547,179650,11075.865227278475,0,0.1855016315020479,11075.679725646973,3596.0,-75.92203211461201,46000,,33.33333333333333,3.08,3.414,3.8013,4.6067,7.9053,134.8800048828125,-0.8575,MARA,33.406758507604195,254.0,240.8288726806641
2018-09-28,2.9200000762939453,3.0,3.0799999237060547,2.880000114440918,2.9200000762939453,158225,10500.50577598453,0,0.1855016315020479,10500.320274353027,3596.0,-77.1728135304684,46000,,27.77778329672614,3.008,3.374,3.788,4.592,7.8902,134.8800048828125,-0.9841,MARA,33.3918790653063,254.0,240.8019256591797
2018-10-01,2.880000114440918,2.9600000381469727,2.9600000381469727,2.8399999141693115,2.880000114440918,86950,11351.697912963633,0,1.6174619519748603,11350.080451011658,3941.0,-75.84745124901356,47000,Buy all cash Monthly invest,30.303033587032346,2.976,3.322,3.7767,4.5767,7.8755,134.8800048828125,-1.0584,MARA,33.15356665347484,258.0,241.6946258544922
2018-10-02,2.759999990463257,2.8399999141693115,2.9600000381469727,2.680000066757202,2.759999990463257,157600,10878.77742436767,0,1.6174619519748603,10877.159962415695,3941.0,-76.85366505453686,47000,,29.411768830770853,2.944,3.26,3.762,4.5523,7.8617,134.8800048828125,-1.259,MARA,33.138740954297674,258.0,241.6676177978516
2018-10-03,2.680000066757202,2.7200000286102295,2.759999990463257,2.5999999046325684,2.680000066757202,193975,10563.497725042109,0,1.6174619519748603,10561.880263090134,3941.0,-77.52447292544232,47000,,21.21212011745368,2.864,3.212,3.748,4.5247,7.8482,134.8800048828125,-1.4524,MARA,33.252547041710365,258.0,241.8749389648437
2018-10-04,2.799999952316284,2.680000066757202,2.880000114440918,2.640000104904175,2.799999952316284,144025,11036.417274030451,0,1.6174619519748603,11034.799812078476,3941.0,-76.51826111908416,47000,,29.41176161221489,2.808,3.172,3.738,4.501,7.8345,134.8800048828125,-1.2092,MARA,32.16359524909487,258.0,239.8911895751953
2018-10-05,2.680000066757202,2.7200000286102295,2.880000114440918,2.640000104904175,2.680000066757202,56825,10563.497725042109,0,1.6174619519748603,10561.880263090134,3941.0,-77.52447292544232,47000,,27.777775938127718,2.76,3.13,3.7267,4.475,7.821,134.8800048828125,-1.2022,MARA,31.42112088386049,258.0,238.5386199951172
2018-10-08,2.8399999141693115,2.799999952316284,2.880000114440918,2.680000066757202,2.8399999141693115,115350,11194.057123693232,0,1.6174619519748603,11192.439661741257,3941.0,-76.18285718363143,47000,,29.729715361912326,2.752,3.094,3.7147,4.451,7.8082,134.8800048828125,-0.7427,MARA,31.38646057697052,258.0,238.47547912597656
2018-10-09,2.680000066757202,2.799999952316284,2.799999952316284,2.640000104904175,2.680000066757202,103200,10563.497725042109,0,1.6174619519748603,10561.880263090134,3941.0,-77.52447292544232,47000,,28.947359340006756,2.736,3.058,3.692,4.4283,7.7913,134.8800048828125,-0.7062,MARA,31.21819307936,258.0,238.1689453125
2018-10-10,2.5199999809265137,2.640000104904175,2.7200000286102295,2.5199999809265137,2.5199999809265137,99575,9932.937386783366,0,1.6174619519748603,9931.31992483139,3941.0,-78.86609066641836,47000,,26.190465039941515,2.704,3.018,3.6507,4.4017,7.7752,134.8800048828125,-0.9493,MARA,26.99597634741602,258.0,230.4773101806641
2018-10-11,2.359999895095825,2.5199999809265137,2.5199999809265137,2.2799999713897705,2.359999895095825,182925,9302.377048524622,0,1.6174619519748603,9300.759586572647,3941.0,-80.20770840739442,47000,,24.44443149330627,2.616,2.964,3.6173,4.3703,7.7617,134.8800048828125,-1.3713,MARA,24.33299598775012,258.0,225.6261444091797
2018-10-12,2.440000057220459,2.4000000953674316,2.7200000286102295,2.359999895095825,2.440000057220459,174725,9617.657687457804,0,1.6174619519748603,9616.040225505829,3941.0,-79.53689853732382,47000,,31.707313172805854,2.568,2.918,3.582,4.3263,7.7452,134.8800048828125,-1.3423,MARA,26.00602169523849,258.0,228.6739044189453
2018-10-15,2.4800000190734863,2.559999942779541,2.640000104904175,2.4000000953674316,2.4800000190734863,91575,9775.297537120585,0,1.6174619519748603,9773.68007516861,3941.0,-79.20149460187109,47000,,35.897429235507516,2.496,2.876,3.5507,4.2883,7.7298,134.8800048828125,-1.1075,MARA,25.31800036410068,258.0,227.4205322265625
2018-10-16,2.5999999046325684,2.4000000953674316,2.680000066757202,2.4000000953674316,2.5999999046325684,204275,10248.217086108927,0,1.6174619519748603,10246.599624156952,3941.0,-78.19528279551292,47000,,34.21052053694392,2.48,2.834,3.5147,4.25,7.71,134.8800048828125,-0.5563,MARA,27.97603882404085,258.0,232.2626953125
2018-10-17,2.440000057220459,2.4800000190734863,2.559999942779541,2.4000000953674316,2.440000057220459,58350,9617.657687457804,0,1.6174619519748603,9616.040225505829,3941.0,-79.53689853732382,47000,,30.952377573431534,2.464,2.79,3.4607,4.207,7.6953,134.8800048828125,-0.4915,MARA,28.020582930382275,258.0,232.3438415527344
2018-10-18,2.440000057220459,2.559999942779541,2.559999942779541,2.359999895095825,2.440000057220459,54600,9617.657687457804,0,1.6174619519748603,9616.040225505829,3941.0,-79.53689853732382,47000,,34.21052053694392,2.48,2.746,3.418,4.167,7.6815,134.8800048828125,-0.3609,MARA,26.228767355249303,258.0,229.0796813964844
2018-10-19,2.5199999809265137,2.559999942779541,2.5999999046325684,2.4000000953674316,2.5199999809265137,101350,9932.937386783366,0,1.6174619519748603,9931.31992483139,3941.0,-78.86609066641836,47000,,38.4615302320975,2.496,2.708,3.3773,4.1343,7.6682,134.8800048828125,0.0024,MARA,26.129753462608814,258.0,228.89930725097656
2018-10-22,2.5999999046325684,2.559999942779541,2.759999990463257,2.559999942779541,2.5999999046325684,172525,10248.217086108927,0,1.6174619519748603,10246.599624156952,3941.0,-78.19528279551292,47000,,44.73683673919143,2.52,2.686,3.3427,4.1037,7.6557,134.8800048828125,0.499,MARA,25.61001638128402,258.0,227.95249938964844
2018-10-23,2.5199999809265137,2.5999999046325684,2.680000066757202,2.4000000953674316,2.5199999809265137,86200,9932.937386783366,0,1.6174619519748603,9931.31992483139,3941.0,-78.86609066641836,47000,,44.73683673919143,2.504,2.666,3.3093,4.066,7.6445,134.8800048828125,0.6646,MARA,24.857674968800648,258.0,226.5819549560547
2018-10-24,2.4800000190734863,2.5199999809265137,2.759999990463257,2.440000057220459,2.4800000190734863,102950,9775.297537120585,0,1.6174619519748603,9773.68007516861,3941.0,-79.20149460187109,47000,,38.88888612941332,2.512,2.636,3.2807,4.0317,7.633,134.8800048828125,0.707,MARA,21.14529476652753,258.0,219.819091796875
2018-10-25,2.559999942779541,2.640000104904175,2.680000066757202,2.5199999809265137,2.559999942779541,82325,10090.577236446146,0,1.6174619519748603,10088.959774494171,3941.0,-78.53068673096566,47000,,45.71427938889204,2.536,2.61,3.256,4.0,7.6215,134.8800048828125,0.9635,MARA,23.30834752427773,258.0,223.7595367431641
2018-10-26,2.640000104904175,2.559999942779541,2.7200000286102295,2.4800000190734863,2.640000104904175,86525,10405.857875379328,0,1.6174619519748603,10404.240413427353,3941.0,-77.85987686089506,47000,,42.42424789758113,2.56,2.596,3.23,3.9737,7.6098,134.8800048828125,1.3414,MARA,21.13538583877241,258.0,219.8010406494141
2018-10-29,2.319999933242798,2.7200000286102295,2.7200000286102295,2.319999933242798,2.319999933242798,115250,9144.737198861842,0,1.6174619519748603,9143.119736909866,3941.0,-80.54311234284714,47000,,37.83783348395588,2.504,2.568,3.2,3.9427,7.5972,134.8800048828125,0.7851,MARA,20.509391871026228,259.0,218.66490173339844
2018-10-30,2.359999895095825,2.4000000953674316,2.4000000953674316,2.200000047683716,2.359999895095825,84675,9302.377048524622,0,1.6174619519748603,9300.759586572647,3941.0,-80.20770840739442,47000,,44.117643449545454,2.472,2.548,3.1727,3.9147,7.585,134.8800048828125,0.5495,MARA,22.352894451384863,259.0,222.01025390625
2018-10-31,2.359999895095825,2.319999933242798,2.359999895095825,2.240000009536743,2.359999895095825,53650,9302.377048524622,0,1.6174619519748603,9300.759586572647,3941.0,-80.20770840739442,47000,,50.0,2.448,2.532,3.146,3.8887,7.5723,134.8800048828125,0.4302,MARA,23.634906579200287,259.0,224.3366851806641
2018-11-01,2.559999942779541,2.4000000953674316,2.640000104904175,2.359999895095825,2.559999942779541,99325,11085.59803655744,0,0.7982843220273708,11084.799752235413,4330.0,-76.90500409050533,48000,Buy all cash Monthly invest,54.545451261451326,2.448,2.52,3.124,3.862,7.5598,134.8800048828125,0.9007,MARA,24.38833900642397,263.0,226.66305541992188
2018-11-02,2.640000104904175,2.5999999046325684,2.680000066757202,2.5199999809265137,2.640000104904175,73125,11431.998738557104,0,0.7982843220273708,11431.200454235077,4330.0,-76.18333596133937,48000,,55.88235655045455,2.448,2.518,3.104,3.8377,7.5465,134.8800048828125,1.413,MARA,23.61760545921325,263.0,225.2563934326172
2018-11-05,2.9200000762939453,2.759999990463257,3.0799999237060547,2.7200000286102295,2.9200000762939453,361800,12644.39861467481,0,0.7982843220273708,12643.600330352783,4330.0,-73.65750288609414,48000,,60.52632156831743,2.568,2.522,3.0887,3.8153,7.535,134.8800048828125,2.4144,MARA,24.319197300593064,263.0,226.536865234375
2018-11-06,3.240000009536743,2.9200000762939453,3.440000057220459,2.9200000762939453,3.240000009536743,568025,14029.998325616125,0,0.7982843220273708,14029.200041294098,4330.0,-70.77083682163308,48000,,73.80952144426023,2.744,2.55,3.0787,3.793,7.5122,134.8800048828125,3.7246,MARA,25.10474573326111,263.0,227.97056579589844
2018-11-07,3.4800000190734863,3.4800000190734863,3.5999999046325684,3.240000009536743,3.4800000190734863,399525,15069.198366910223,0,0.7982843220273708,15068.400082588196,4330.0,-68.6058367356037,48000,,77.0833312637277,2.968,2.598,3.0767,3.773,7.4275,134.8800048828125,4.906,MARA,27.74305778694155,263.0,232.7857360839844
2018-11-08,3.0399999618530273,3.319999933242798,3.4000000953674316,3.0399999618530273,3.0399999618530273,217275,13163.998119145635,0,0.7982843220273708,13163.199834823608,4330.0,-72.5750039184466,48000,,61.403507304287125,3.064,2.632,3.068,3.752,7.3317,134.8800048828125,4.3841,MARA,27.52565017890931,263.0,232.38894653320312
2018-11-09,2.9200000762939453,2.880000114440918,3.0,2.799999952316284,2.9200000762939453,109200,12644.39861467481,0,0.7982843220273708,12643.600330352783,4330.0,-73.65750288609414,48000,,56.89655491344687,3.12,2.656,3.0593,3.7313,7.2797,134.8800048828125,3.5768,MARA,26.349798070907603,263.0,230.242904663086
2018-11-12,2.799999952316284,3.0,3.0,2.799999952316284,2.799999952316284,86650,12124.798077851538,0,0.7982843220273708,12123.99979352951,4330.0,-74.74000400447596,48000,,55.93220184877415,3.096,2.672,3.0467,3.7117,7.2238,134.8800048828125,2.6292,MARA,23.91405365816752,263.0,225.7974395751953
2018-11-13,2.7200000286102295,2.680000066757202,2.799999952316284,2.680000066757202,2.7200000286102295,75800,11778.39840820432,0,0.7982843220273708,11777.600123882294,4330.0,-75.46166998290767,48000,,54.9999995032947,2.992,2.678,3.0333,3.691,7.1657,134.8800048828125,1.7266,MARA,23.706536574681603,263.0,225.418701171875
2018-11-14,2.640000104904175,2.799999952316284,2.8399999141693115,2.5999999046325684,2.640000104904175,96675,11431.998738557104,0,0.7982843220273708,11431.200454235077,4330.0,-76.18333596133937,48000,,51.66666981246692,2.824,2.688,3.0193,3.6697,7.0942,134.8800048828125,0.8928,MARA,22.861720239639283,263.0,223.8768310546875
2018-11-15,2.680000066757202,2.799999952316284,2.799999952316284,2.4800000190734863,2.680000066757202,82975,11605.198573380712,0,0.7982843220273708,11604.400289058685,4330.0,-75.82250297212352,48000,,50.847456770976144,2.752,2.7,3.0047,3.648,7.0277,134.8800048828125,0.4161,MARA,24.13144454511007,263.0,226.19419860839844
2018-11-16,2.680000066757202,2.7200000286102295,2.799999952316284,2.5999999046325684,2.680000066757202,52500,11605.198573380712,0,0.7982843220273708,11604.400289058685,4330.0,-75.82250297212352,48000,,58.823532849172196,2.704,2.708,2.992,3.627,6.9537,134.8800048828125,0.0969,MARA,24.44764035097757,263.0,226.7712860107422
2018-11-19,2.559999942779541,2.640000104904175,2.7200000286102295,2.4800000190734863,2.559999942779541,87250,11085.59803655744,0,0.7982843220273708,11084.799752235413,4330.0,-76.90500409050533,48000,,54.716981980842164,2.656,2.706,2.976,3.602,6.8868,134.8800048828125,-0.386,MARA,22.387393088658648,263.0,223.0111389160156
2018-11-20,2.4800000190734863,2.5199999809265137,2.559999942779541,2.440000057220459,2.4800000190734863,53975,10739.198366910223,0,0.7982843220273708,10738.400082588196,4330.0,-77.62667006893705,48000,,52.72727548583474,2.608,2.704,2.9567,3.5777,6.8208,134.8800048828125,-0.8585,MARA,20.13940143140158,263.0,218.9083404541016
2018-11-21,2.440000057220459,2.4000000953674316,2.559999942779541,2.4000000953674316,2.440000057220459,81375,10565.998532086614,0,0.7982843220273708,10565.200247764587,4330.0,-77.98750305815288,48000,,47.05882627933776,2.568,2.702,2.9307,3.5553,6.7575,134.8800048828125,-1.2075,MARA,20.53961235237123,263.0,219.6387634277344
2018-11-23,2.319999933242798,2.4000000953674316,2.4000000953674316,2.2799999713897705,2.319999933242798,41525,10046.397995263342,0,0.7982843220273708,10045.599710941315,4330.0,-79.07000417653471,48000,,42.307687899064575,2.496,2.69,2.9047,3.5303,6.6622,134.8800048828125,-1.6555,MARA,19.763929362614952,263.0,218.2230682373047
2018-11-26,2.359999895095825,2.4000000953674316,2.559999942779541,2.319999933242798,2.359999895095825,45950,10219.59783008695,0,0.7982843220273708,10218.799545764923,4330.0,-78.70917118731886,48000,,34.78260306194257,2.432,2.676,2.882,3.5057,6.5753,134.8800048828125,-1.7532,MARA,21.63643222999572,263.0,221.6405639648437
2018-11-27,2.4000000953674316,2.359999895095825,2.440000057220459,2.319999933242798,2.4000000953674316,39750,10392.798697263006,0,0.7982843220273708,10392.000412940979,4330.0,-78.34833604736873,48000,,23.076928955092498,2.4,2.68,2.8567,3.482,6.4905,134.8800048828125,-1.6158,MARA,22.016887183507293,263.0,222.33493041992188
2018-11-28,2.640000104904175,2.4000000953674316,2.680000066757202,2.4000000953674316,2.640000104904175,171500,11431.998738557104,0,0.7982843220273708,11431.200454235077,4330.0,-76.18333596133937,48000,,23.076928955092498,2.432,2.694,2.834,3.461,6.411,134.8800048828125,-0.8293,MARA,24.86264943631489,263.0,227.5287170410156
2018-11-29,2.5999999046325684,2.5999999046325684,2.7200000286102295,2.5199999809265137,2.5999999046325684,48950,11258.797871381048,0,0.7982843220273708,11257.999587059021,4330.0,-76.54417110128948,48000,,31.0344855935614,2.464,2.706,2.8167,3.4427,6.3262,134.8800048828125,-0.3708,MARA,24.605754975001016,263.0,227.0598602294922
2018-11-30,2.4800000190734863,2.5199999809265137,2.5999999046325684,2.440000057220459,2.4800000190734863,41200,10739.198366910223,0,0.7982843220273708,10738.400082588196,4330.0,-77.62667006893705,48000,,31.0344855935614,2.496,2.702,2.798,3.4243,6.2308,134.8800048828125,-0.3401,MARA,25.430798621495576,263.0,228.56564331054688
2018-12-03,2.440000057220459,2.440000057220459,2.5199999809265137,2.319999933242798,2.440000057220459,70625,11561.020931969884,0,0.300660859350387,11560.720271110535,4738.0,-76.40607973067371,49000,Buy all cash Monthly invest,33.333340691930346,2.512,2.692,2.78,3.4053,6.144,134.8800048828125,-0.3821,MARA,26.41721533888215,267.0,231.38800048828125
2018-12-04,2.319999933242798,2.359999895095825,2.440000057220459,2.319999933242798,2.319999933242798,37975,10992.460344563726,0,0.300660859350387,10992.159683704376,4738.0,-77.56640746007403,49000,,32.14285866338331,2.496,2.662,2.7593,3.3843,6.0587,134.8800048828125,-0.6713,MARA,22.50616567121235,267.0,224.21041870117188
2018-12-06,2.240000009536743,2.2799999713897705,2.319999933242798,2.200000047683716,2.240000009536743,56625,10613.420706044439,0,0.300660859350387,10613.12004518509,4738.0,-78.33995774276646,49000,,32.14285866338331,2.416,2.612,2.74,3.3627,5.9863,134.8800048828125,-1.0059,MARA,22.196642411835366,267.0,223.6423797607422
2018-12-07,2.0,2.240000009536743,2.2799999713897705,1.9600000381469727,2.0,179550,9476.30066085935,0,0.300660859350387,9476.0,4738.0,-80.66061089620541,49000,,24.242429715759982,2.296,2.538,2.718,3.3397,5.9207,134.8800048828125,-1.7792,MARA,19.36650879466779,267.0,218.4485015869141
2018-12-10,2.0,2.0399999618530273,2.1600000858306885,2.0,2.0,63900,9476.30066085935,0,0.300660859350387,9476.0,4738.0,-80.66061089620541,49000,,24.242429715759982,2.2,2.486,2.694,3.3173,5.8535,134.8800048828125,-2.1731,MARA,19.509002404660603,267.0,218.7100067138672
2018-12-11,2.0,2.0799999237060547,2.119999885559082,1.9600000381469727,2.0,51725,9476.30066085935,0,0.300660859350387,9476.0,4738.0,-80.66061089620541,49000,,26.666674613950747,2.112,2.44,2.6713,3.2957,5.7832,134.8800048828125,-2.2975,MARA,19.543391106430374,267.0,218.7731170654297
2018-12-12,2.0799999237060547,2.0799999237060547,2.1600000858306885,2.0,2.0799999237060547,130050,9855.340299378637,0,0.300660859350387,9855.039638519287,4738.0,-79.88706061351299,49000,,33.33333333333333,2.064,2.404,2.6507,3.2747,5.72,134.8800048828125,-2.0111,MARA,20.201781758833917,267.0,219.9813995361328
2018-12-13,1.7999999523162842,2.0,2.119999885559082,1.7999999523162842,1.7999999523162842,104250,8528.700434933904,0,0.300660859350387,8528.399774074554,4738.0,-82.59448890829816,49000,,27.777778697602358,1.976,2.358,2.6233,3.253,5.6592,134.8800048828125,-2.4941,MARA,20.16247919759948,267.0,219.9092712402344
2018-12-14,1.7200000286102295,1.8799999952316284,1.8799999952316284,1.6399999856948853,1.7200000286102295,66125,8149.660796414618,0,0.300660859350387,8149.360135555267,4738.0,-83.36803919099057,49000,,28.571433437113527,1.92,2.312,2.5967,3.233,5.5943,134.8800048828125,-2.8954,MARA,17.951458615050008,267.0,215.85159301757807
2018-12-17,1.840000033378601,1.840000033378601,2.0,1.6799999475479126,1.840000033378601,185225,8718.220819007161,0,0.300660859350387,8717.920158147812,4738.0,-82.2077126142711,49000,,32.43243874556076,1.888,2.27,2.572,3.2157,5.5322,134.8800048828125,-2.62,MARA,15.550119516178064,267.0,211.44464111328125
2018-12-18,1.6799999475479126,1.9199999570846558,2.0,1.6799999475479126,1.6799999475479126,129725,7960.14041234136,0,0.300660859350387,7959.83975148201,4738.0,-83.75481548501763,49000,,27.499995715916228,1.824,2.22,2.5453,3.197,5.4713,134.8800048828125,-2.7659,MARA,15.5056370320223,267.0,211.36300659179688
2018-12-19,1.840000033378601,1.840000033378601,2.0799999237060547,1.840000033378601,1.840000033378601,245875,8718.220819007161,0,0.300660859350387,8717.920158147812,4738.0,-82.2077126142711,49000,,23.684209907154,1.776,2.184,2.5253,3.1807,5.4135,134.8800048828125,-2.1762,MARA,13.667961680509633,267.0,207.9904937744141
2018-12-20,1.7200000286102295,1.9199999570846558,2.0,1.600000023841858,1.7200000286102295,149900,8149.660796414618,0,0.300660859350387,8149.360135555267,4738.0,-83.36803919099057,49000,,22.500002235174307,1.76,2.146,2.5053,3.1643,5.3558,134.8800048828125,-2.0164,MARA,11.805575685462188,267.0,204.5726318359375
2018-12-21,1.6799999475479126,1.7999999523162842,1.7999999523162842,1.6399999856948853,1.6799999475479126,109625,7960.14041234136,0,0.300660859350387,7959.83975148201,4738.0,-83.75481548501763,49000,,23.684209907154,1.752,2.108,2.482,3.147,5.2992,134.8800048828125,-1.888,MARA,9.587521050278047,267.0,200.5020446777344
2018-12-24,1.559999942779541,1.440000057220459,1.600000023841858,1.440000057220459,1.559999942779541,74425,7391.580389748816,0,0.300660859350387,7391.279728889465,4738.0,-84.91514206173711,49000,,22.49999888241301,1.696,2.07,2.4567,3.129,5.2393,134.8800048828125,-2.0552,MARA,6.579091659234515,267.0,194.98095703125
2018-12-26,1.559999942779541,1.440000057220459,1.600000023841858,1.440000057220459,1.559999942779541,58475,7391.580389748816,0,0.300660859350387,7391.279728889465,4738.0,-84.91514206173711,49000,,24.32432497740662,1.672,2.03,2.434,3.111,5.1818,134.8800048828125,-2.0061,MARA,11.95377303080658,267.0,204.8446044921875
2018-12-27,1.559999942779541,1.559999942779541,1.600000023841858,1.440000057220459,1.559999942779541,92800,7391.580389748816,0,0.300660859350387,7391.279728889465,4738.0,-84.91514206173711,49000,,25.71428498443298,1.616,1.988,2.412,3.0943,5.1188,134.8800048828125,-1.8125,MARA,12.991187706149354,267.0,206.7484741210937
2018-12-28,1.600000023841858,1.5199999809265137,1.6799999475479126,1.4800000190734863,1.600000023841858,79075,7581.100773822073,0,0.300660859350387,7580.800112962723,4738.0,-84.52836576771006,49000,,33.33333664470203,1.592,1.936,2.3927,3.0773,5.0657,134.8800048828125,-1.3849,MARA,12.847920849235717,267.0,206.4855499267578
2018-12-31,1.440000057220459,1.6399999856948853,1.6399999856948853,1.440000057220459,1.440000057220459,126250,6823.020931969885,0,0.300660859350387,6822.720271110535,4738.0,-86.07546748577575,49000,,29.411768830770853,1.544,1.878,2.372,3.06,5.0138,134.8800048828125,-1.5461,MARA,13.860616566560724,267.0,208.34405517578125
2019-01-02,1.5199999809265137,1.5199999809265137,1.559999942779541,1.440000057220459,1.5199999809265137,66175,8197.090170551543,0,1.2502733957809369,8195.839897155762,5392.0,-83.60581965889692,50000,Buy all cash Monthly invest,33.33333333333333,1.536,1.83,2.3507,3.0443,4.958,134.8800048828125,-1.2053,MARA,13.660123800811784,272.0,208.5072479248047
2019-01-03,1.5199999809265137,1.559999942779541,1.600000023841858,1.5199999809265137,1.5199999809265137,33225,8197.090170551543,0,1.2502733957809369,8195.839897155762,5392.0,-83.60581965889692,50000,,29.411768830770853,1.528,1.784,2.3313,3.029,4.906,134.8800048828125,-0.8431,MARA,10.952541769561774,272.0,203.5300750732422
2019-01-04,1.600000023841858,1.5199999809265137,1.6399999856948853,1.5199999809265137,1.600000023841858,53200,8628.450401951079,0,1.2502733957809369,8627.200128555298,5392.0,-82.74309919609784,50000,,41.379314951606695,1.536,1.748,2.3107,3.0127,4.8568,134.8800048828125,-0.1753,MARA,14.607043722686775,272.0,210.24790954589844
2019-01-07,1.6799999475479126,1.6399999856948853,1.7200000286102295,1.5199999809265137,1.6799999475479126,143100,9059.809990574126,0,1.2502733957809369,9058.559717178345,5392.0,-81.88038001885175,50000,,48.27585887965691,1.552,1.72,2.294,2.993,4.8072,134.8800048828125,0.6615,MARA,15.465195089874271,272.0,211.8253936767578
2019-01-08,1.7200000286102295,1.6399999856948853,1.8799999952316284,1.6399999856948853,1.7200000286102295,70725,9275.490427662138,0,1.2502733957809369,9274.240154266357,5392.0,-81.44901914467573,50000,,44.44444567087714,1.608,1.706,2.2807,2.9657,4.7558,134.8800048828125,1.4118,MARA,16.58472975784302,272.0,213.88336181640625
2019-01-09,1.6799999475479126,1.7999999523162842,1.7999999523162842,1.600000023841858,1.6799999475479126,31250,9059.809990574126,0,1.2502733957809369,9058.559717178345,5392.0,-81.88038001885175,50000,,50.0,1.64,1.69,2.2693,2.9433,4.7045,134.8800048828125,1.7635,MARA,17.122280050811778,272.0,214.8715057373047
2019-01-10,1.600000023841858,1.7200000286102295,1.7599999904632568,1.600000023841858,1.600000023841858,53625,8628.450401951079,0,1.2502733957809369,8627.200128555298,5392.0,-82.74309919609784,50000,,36.363637595137135,1.656,1.67,2.2553,2.9187,4.6562,134.8800048828125,1.6886,MARA,17.61057350784303,272.0,215.76910400390625
2019-01-11,1.559999942779541,1.6399999856948853,1.6799999475479126,1.5199999809265137,1.559999942779541,59550,8412.769964863066,0,1.2502733957809369,8411.519691467285,5392.0,-83.17446007027387,50000,,39.99999701976847,1.648,1.644,2.24,2.8953,4.6105,134.8800048828125,1.4919,MARA,17.55631130081179,272.0,215.6693572998047
2019-01-14,1.5199999809265137,1.600000023841858,1.6399999856948853,1.5199999809265137,1.5199999809265137,58075,8197.090170551543,0,1.2502733957809369,8195.839897155762,5392.0,-83.60581965889692,50000,,40.00000298023197,1.616,1.63,2.222,2.8683,4.5685,134.8800048828125,1.2216,MARA,16.910236593780525,272.0,214.48171997070312
2019-01-15,1.5199999809265137,1.559999942779541,1.600000023841858,1.4800000190734863,1.5199999809265137,42200,8197.090170551543,0,1.2502733957809369,8195.839897155762,5392.0,-83.60581965889692,50000,,47.05882662307815,1.576,1.62,2.2067,2.8337,4.5213,134.8800048828125,1.069,MARA,18.27634596878054,272.0,216.99295043945312
2019-01-16,1.4800000190734863,1.4800000190734863,1.5199999809265137,1.440000057220459,1.4800000190734863,31900,7981.410376240019,0,1.2502733957809369,7980.160102844238,5392.0,-84.03717924751997,50000,,44.44444996339282,1.536,1.602,2.1907,2.8043,4.4763,134.8800048828125,0.8391,MARA,18.53776247268677,272.0,217.47349548339844
2019-01-17,1.4800000190734863,1.4800000190734863,1.4800000190734863,1.4800000190734863,1.4800000190734863,35875,7981.410376240019,0,1.2502733957809369,7980.160102844238,5392.0,-84.03717924751997,50000,,44.44444996339282,1.512,1.592,2.1733,2.7753,4.4365,134.8800048828125,0.7266,MARA,19.420517355499257,272.0,219.09620666503903
2019-01-18,1.5199999809265137,1.4800000190734863,1.559999942779541,1.440000057220459,1.5199999809265137,45800,8197.090170551543,0,1.2502733957809369,8195.839897155762,5392.0,-83.60581965889692,50000,,44.44444076514492,1.504,1.576,2.1553,2.749,4.4033,134.8800048828125,0.8559,MARA,21.02340651565553,272.0,222.04269409179688
2019-01-22,1.4800000190734863,1.559999942779541,1.559999942779541,1.4800000190734863,1.4800000190734863,25275,7981.410376240019,0,1.2502733957809369,7980.160102844238,5392.0,-84.03717924751997,50000,,53.33333068423758,1.496,1.564,2.138,2.7237,4.366,134.8800048828125,0.8088,MARA,19.415594992218036,272.0,219.087158203125
2019-01-23,1.6399999856948853,1.5199999809265137,1.7200000286102295,1.4800000190734863,1.6399999856948853,229450,8844.130196262602,0,1.2502733957809369,8842.879922866821,5392.0,-82.3117396074748,50000,,58.82353044298701,1.52,1.562,2.124,2.7023,4.3287,134.8800048828125,1.4634,MARA,19.59317360549926,272.0,219.41358947753903
2019-01-24,1.600000023841858,1.6399999856948853,1.6399999856948853,1.5199999809265137,1.600000023841858,74475,8628.450401951079,0,1.2502733957809369,8627.200128555298,5392.0,-82.74309919609784,50000,,55.55555923485508,1.544,1.564,2.108,2.682,4.2927,134.8800048828125,1.7149,MARA,19.711526144561773,272.0,219.6311492919922
2019-01-25,1.5199999809265137,1.559999942779541,1.600000023841858,1.4800000190734863,1.5199999809265137,34175,8197.090170551543,0,1.2502733957809369,8195.839897155762,5392.0,-83.60581965889692,50000,,44.44444076514492,1.552,1.562,2.0893,2.6597,4.258,134.8800048828125,1.5341,MARA,20.727475363311783,272.0,221.4987030029297
2019-01-28,1.4800000190734863,1.4800000190734863,1.559999942779541,1.440000057220459,1.4800000190734863,51225,7981.410376240019,0,1.2502733957809369,7980.160102844238,5392.0,-84.03717924751997,50000,,35.294121771948056,1.544,1.558,2.0753,2.6377,4.222,134.8800048828125,1.245,MARA,19.795397238311786,272.0,219.7853240966797
2019-01-29,1.440000057220459,1.4800000190734863,1.4800000190734863,1.399999976158142,1.440000057220459,32175,7765.730581928496,0,1.2502733957809369,7764.480308532715,5392.0,-84.468538836143,50000,,29.41176161221489,1.536,1.55,2.06,2.6163,4.187,134.8800048828125,0.8961,MARA,19.64741921096802,272.0,219.5133056640625
2019-01-30,1.399999976158142,1.440000057220459,1.4800000190734863,1.3600000143051147,1.399999976158142,70850,7550.050144840483,0,1.2502733957809369,7548.799871444702,5392.0,-84.89989971031903,50000,,29.41176161221489,1.488,1.548,2.044,2.595,4.1487,134.8800048828125,0.5213,MARA,21.536320089874277,272.0,222.9855499267578
2019-01-31,1.3600000143051147,1.399999976158142,1.399999976158142,1.3200000524520874,1.3600000143051147,63325,7334.3703505289595,0,1.2502733957809369,7333.120077133179,5392.0,-85.33125929894207,50000,,31.24999534338616,1.44,1.54,2.024,2.574,4.1077,134.8800048828125,0.1434,MARA,22.547338644561776,272.0,224.8440399169922
2019-02-01,1.3600000143051147,1.3600000143051147,1.3600000143051147,1.3200000524520874,1.3600000143051147,15550,8329.392750476603,0,0.7526628720803501,8328.640087604523,6124.0,-83.66785735200666,51000,Buy all cash Monthly invest,33.33333333333333,1.408,1.532,2.0027,2.5533,4.0692,134.8800048828125,-0.0505,MARA,22.19796344667322,276.0,225.03445434570312
2019-02-04,1.8799999952316284,1.3600000143051147,1.8799999952316284,1.3600000143051147,1.8799999952316284,343250,11513.872633670573,0,0.7526628720803501,11513.119970798492,6124.0,-77.42377914966553,51000,,66.6666703459664,1.488,1.546,1.9853,2.537,4.0323,134.8800048828125,2.0923,MARA,23.06635944276696,276.0,226.6390991210937
2019-02-05,1.6399999856948853,1.8799999952316284,1.8799999952316284,1.559999942779541,1.6399999856948853,287850,10044.112575267558,0,0.7526628720803501,10043.359912395477,6124.0,-80.30566161712244,51000,,54.545455366455286,1.528,1.544,1.9587,2.5187,3.9973,134.8800048828125,2.3733,MARA,23.610962857863484,276.0,227.6454315185547
2019-02-06,1.600000023841858,1.6799999475479126,1.6799999475479126,1.5199999809265137,1.600000023841858,82275,9799.152808879619,0,0.7526628720803501,9798.400146007538,6124.0,-80.78597488454977,51000,,54.545455366455286,1.568,1.538,1.9273,2.502,3.9635,134.8800048828125,2.3148,MARA,23.458864325579487,276.0,227.3643798828125
2019-02-07,1.559999942779541,1.600000023841858,1.600000023841858,1.440000057220459,1.559999942779541,33050,9554.19231245399,0,0.7526628720803501,9553.43964958191,6124.0,-81.26628958342354,51000,,52.94117389253247,1.608,1.532,1.9027,2.4853,3.9307,134.8800048828125,2.0427,MARA,22.25192750055649,276.0,225.13417053222656
2019-02-08,2.0799999237060547,1.4800000190734863,2.319999933242798,1.4800000190734863,2.0799999237060547,956750,12738.67219564796,0,0.7526628720803501,12737.919532775879,6124.0,-75.02221138108243,51000,,65.21739045929138,1.752,1.556,1.8887,2.474,3.898,134.8800048828125,3.8849,MARA,22.408922847523407,276.0,225.4242706298828
2019-02-11,2.0,2.200000047683716,2.2799999713897705,2.0,2.0,376175,12248.75266287208,0,0.7526628720803501,12248.0,6124.0,-75.9828379159371,51000,,63.82978763878213,1.776,1.578,1.8753,2.461,3.8665,134.8800048828125,4.4986,MARA,22.47273007695816,276.0,225.54217529296875
2019-02-12,2.2799999713897705,2.0,2.319999933242798,2.0,2.2799999713897705,136300,13963.472487663035,0,0.7526628720803501,13962.719824790955,6124.0,-72.62064218105287,51000,,66.00000059604648,1.904,1.616,1.868,2.4507,3.8388,134.8800048828125,5.652,MARA,24.052534979876363,276.0,228.4613800048828
2019-02-13,2.119999885559082,2.359999895095825,2.359999895095825,2.0799999237060547,2.119999885559082,131400,12983.631962035899,0,0.7526628720803501,12982.879299163818,6124.0,-74.54189811365511,51000,,62.264147654425095,2.008,1.646,1.8593,2.4393,3.8127,134.8800048828125,5.4453,MARA,24.425394800073956,276.0,229.15036010742188
2019-02-14,2.0799999237060547,2.119999885559082,2.240000009536743,2.0,2.0799999237060547,224575,12738.67219564796,0,0.7526628720803501,12737.919532775879,6124.0,-75.02221138108243,51000,,63.46153757981292,2.112,1.676,1.8493,2.427,3.7862,134.8800048828125,4.8601,MARA,24.150619912091425,276.0,228.6426239013672
2019-02-15,2.1600000858306885,2.119999885559082,2.240000009536743,2.0799999237060547,2.1600000858306885,105250,13228.593188499217,0,0.7526628720803501,13227.840525627136,6124.0,-74.06158198333486,51000,,66.03773648563163,2.128,1.71,1.8407,2.4163,3.7607,134.8800048828125,4.4751,MARA,25.51457685717416,276.0,231.16297912597656
2019-02-19,2.9200000762939453,2.4000000953674316,3.1600000858306885,2.4000000953674316,2.9200000762939453,1368575,17882.8331300962,0,0.7526628720803501,17882.08046722412,6124.0,-64.93562131353686,51000,,76.05633696401156,2.312,1.78,1.8467,2.4113,3.74,134.8800048828125,6.3599,MARA,25.730466103497672,276.0,231.56190490722656
2019-02-20,2.8399999141693115,2.759999990463257,2.9200000762939453,2.4800000190734863,2.8399999141693115,626650,17392.912137244944,0,0.7526628720803501,17392.159474372864,6124.0,-65.89625071128442,51000,,74.99999689559166,2.424,1.848,1.8527,2.4047,3.7215,134.8800048828125,6.7157,MARA,26.019939693226533,276.0,232.0968017578125
2019-02-21,2.5199999809265137,2.5999999046325684,2.759999990463257,2.4800000190734863,2.5199999809265137,127275,15433.23254606605,0,0.7526628720803501,15432.47988319397,6124.0,-69.73875971359598,51000,,68.35442866065769,2.504,1.892,1.854,2.3923,3.7038,134.8800048828125,5.5069,MARA,25.563660611769755,276.0,231.2536773681641
2019-02-22,2.9600000381469727,2.5999999046325684,2.9600000381469727,2.5999999046325684,2.9600000381469727,387600,18127.79289648414,0,0.7526628720803501,18127.04023361206,6124.0,-64.45530804610952,51000,,72.22222093446764,2.68,1.96,1.8647,2.3847,3.6907,134.8800048828125,5.5688,MARA,26.31429358224309,276.0,232.6407165527344
2019-02-25,2.759999990463257,2.759999990463257,2.9200000762939453,2.5199999809265137,2.759999990463257,378200,16902.992604469066,0,0.7526628720803501,16902.239941596985,6124.0,-66.85687724613909,51000,,63.41463272802763,2.8,2.022,1.8713,2.3767,3.6617,134.8800048828125,4.61,MARA,26.500760651981125,276.0,232.9852752685547
2019-02-26,2.5999999046325684,2.7200000286102295,2.759999990463257,2.559999942779541,2.5999999046325684,143775,15923.15207884193,0,0.7526628720803501,15922.399415969849,6124.0,-68.77813317874131,51000,,64.99999683350364,2.736,2.078,1.8747,2.3657,3.6397,134.8800048828125,3.2266,MARA,26.407514730565683,276.0,232.8129730224609
2019-02-27,2.559999942779541,2.559999942779541,2.680000066757202,2.559999942779541,2.559999942779541,77050,15678.19231245399,0,0.7526628720803501,15677.43964958191,6124.0,-69.25844644616865,51000,,64.99999683350364,2.68,2.134,1.8733,2.3537,3.6207,134.8800048828125,1.981,MARA,26.343748789619003,276.0,232.6951446533203
2019-02-28,2.5199999809265137,2.640000104904175,2.680000066757202,2.440000057220459,2.5199999809265137,124600,15433.23254606605,0,0.7526628720803501,15432.47988319397,6124.0,-69.73875971359598,51000,,64.999999254942,2.68,2.19,1.872,2.3443,3.6042,134.8800048828125,0.8888,MARA,26.049386642904835,276.0,232.15121459960932
2019-03-01,2.559999942779541,2.5999999046325684,2.759999990463257,2.559999942779541,2.559999942779541,80400,16673.225912564998,0,2.5062851846263356,16670.71962738037,6512.0,-67.93610401429808,52000,Buy all cash Monthly invest,58.82352889615364,2.6,2.25,1.8733,2.3357,3.5873,134.8800048828125,0.157,MARA,26.38407630392223,281.0,233.7467803955078
2019-03-04,2.4800000190734863,2.559999942779541,2.5999999046325684,2.440000057220459,2.4800000190734863,89900,16152.254009391074,0,0.013885165457482085,16152.240124225616,6513.0,-68.93797305886332,52000,Buy all cash ,58.82352889615364,2.544,2.306,1.874,2.327,3.5722,134.8800048828125,-0.6197,MARA,25.89907748354401,281.0,232.84927368164065
2019-03-05,2.5999999046325684,2.5999999046325684,2.680000066757202,2.5999999046325684,2.5999999046325684,157200,16933.813264037377,0,0.013885165457482085,16933.799378871918,6513.0,-67.43497449223581,52000,,56.24999825377029,2.544,2.342,1.8787,2.319,3.5607,134.8800048828125,-0.8667,MARA,25.752115889916062,281.0,232.5773162841797
2019-03-06,2.440000057220459,2.640000104904175,2.640000104904175,2.4000000953674316,2.440000057220459,71225,15891.734257842307,0,0.013885165457482085,15891.72037267685,6513.0,-69.43897258107249,52000,,56.25000349245973,2.52,2.382,1.882,2.311,3.544,134.8800048828125,-1.4866,MARA,24.948663178077112,281.0,231.0904998779297
2019-03-07,2.559999942779541,2.4800000190734863,2.680000066757202,2.4000000953674316,2.559999942779541,109225,16673.29351248861,0,0.013885165457482085,16673.27962732315,6513.0,-67.93597401444498,52000,,59.090909911909755,2.528,2.43,1.8913,2.3047,3.5282,134.8800048828125,-1.5831,MARA,23.944330797048696,281.0,229.23194885253903
2019-03-08,2.5199999809265137,2.559999942779541,2.640000104904175,2.440000057220459,2.5199999809265137,78300,16412.773760939843,0,0.013885165457482085,16412.759875774384,6513.0,-68.43697353665415,52000,,56.92307579446812,2.52,2.478,1.9,2.297,3.5152,134.8800048828125,-1.7557,MARA,23.694505158057577,281.0,228.76963806152344
2019-03-11,2.4800000190734863,2.5199999809265137,2.559999942779541,2.440000057220459,2.4800000190734863,93350,16152.254009391074,0,0.013885165457482085,16152.240124225616,6513.0,-68.93797305886332,52000,,38.29786856285565,2.52,2.498,1.908,2.2897,3.5035,134.8800048828125,-1.9611,MARA,25.49735937323938,281.0,232.1058807373047
2019-03-12,2.4800000190734863,2.440000057220459,2.559999942779541,2.440000057220459,2.4800000190734863,71425,16152.254009391074,0,0.013885165457482085,16152.240124225616,6513.0,-68.93797305886332,52000,,39.99999999999999,2.496,2.522,1.9147,2.2827,3.4938,134.8800048828125,-2.0689,MARA,25.943158540579,281.0,232.93084716796875
2019-03-13,2.440000057220459,2.5999999046325684,2.5999999046325684,2.319999933242798,2.440000057220459,51425,15891.734257842307,0,0.013885165457482085,15891.72037267685,6513.0,-69.43897258107249,52000,,47.36842270373031,2.496,2.53,1.9253,2.2743,3.4833,134.8800048828125,-2.2078,MARA,26.80049634552004,281.0,234.5173797607422
2019-03-14,2.359999895095825,2.440000057220459,2.4800000190734863,2.319999933242798,2.359999895095825,40675,15370.693201924567,0,0.013885165457482085,15370.67931675911,6513.0,-70.44097461168353,52000,,24.13791615103493,2.456,2.542,1.936,2.2663,3.4745,134.8800048828125,-2.4575,MARA,26.756398797255358,281.0,234.435775756836
2019-03-15,2.4000000953674316,2.2799999713897705,2.4800000190734863,2.2799999713897705,2.4000000953674316,108550,15631.21450629354,0,0.013885165457482085,15631.200621128082,6513.0,-69.93997210328166,52000,,32.000000953674544,2.432,2.558,1.9453,2.2587,3.4655,134.8800048828125,-2.448,MARA,27.37367377119797,281.0,235.5780639648437
2019-03-18,2.4800000190734863,2.559999942779541,2.559999942779541,2.4000000953674316,2.4800000190734863,86500,16152.254009391074,0,0.013885165457482085,16152.240124225616,6513.0,-68.93797305886332,52000,,43.47826424979229,2.432,2.574,1.9587,2.252,3.4572,134.8800048828125,-2.1665,MARA,27.829318202679,281.0,236.42124938964844
2019-03-19,2.5199999809265137,2.5999999046325684,2.5999999046325684,2.5199999809265137,2.5199999809265137,103325,16412.773760939843,0,0.013885165457482085,16412.759875774384,6513.0,-68.43697353665415,52000,,47.826088083264096,2.44,2.554,1.97,2.2477,3.4472,134.8800048828125,-1.8298,MARA,27.868517855717624,281.0,236.4937896728516
2019-03-20,2.559999942779541,2.5199999809265137,2.5999999046325684,2.4800000190734863,2.559999942779541,55975,16673.29351248861,0,0.013885165457482085,16673.27962732315,6513.0,-67.93597401444498,52000,,52.1739119167359,2.464,2.54,1.984,2.2447,3.4382,134.8800048828125,-1.4733,MARA,27.412906406696045,281.0,235.65066528320312
2019-03-21,2.440000057220459,2.559999942779541,2.559999942779541,2.4000000953674316,2.440000057220459,67300,15891.734257842307,0,0.013885165457482085,15891.72037267685,6513.0,-69.43897258107249,52000,,44.00000286102432,2.48,2.536,1.9967,2.2393,3.4295,134.8800048828125,-1.5322,MARA,28.868727429316586,281.0,238.3447113037109
2019-03-22,2.2799999713897705,2.440000057220459,2.4800000190734863,2.2799999713897705,2.2799999713897705,115000,14849.653698827033,0,0.013885165457482085,14849.639813661575,6513.0,-71.44297365610186,52000,,40.740735835007236,2.456,2.502,2.0087,2.2327,3.4197,134.8800048828125,-1.9496,MARA,26.42017560577394,281.0,233.81358337402344
2019-03-25,2.0,2.4000000953674316,2.4000000953674316,1.8799999952316284,2.0,116525,13026.013885165457,0,0.013885165457482085,13026.0,6513.0,-74.94997329775875,52000,,25.80645099266748,2.36,2.464,2.016,2.225,3.4085,134.8800048828125,-2.8981,MARA,26.30685612076981,281.0,233.6038818359375
2019-03-26,2.0,1.9199999570846558,2.1600000858306885,1.9199999570846558,2.0,55600,13026.013885165457,0,0.013885165457482085,13026.0,6513.0,-74.94997329775875,52000,,29.629625541519275,2.256,2.434,2.0233,2.2177,3.3972,134.8800048828125,-3.3987,MARA,27.21828515918436,281.0,235.2905120849609
2019-03-27,2.0399999618530273,2.119999885559082,2.2799999713897705,2.0399999618530273,2.0399999618530273,71375,13286.533636714224,0,0.013885165457482085,13286.519751548767,6513.0,-74.44897377554958,52000,,24.000000953674316,2.152,2.408,2.0307,2.2117,3.382,134.8800048828125,-3.4682,MARA,26.62709106504002,281.0,234.1964874267578
2019-03-28,2.119999885559082,2.119999885559082,2.200000047683716,2.0799999237060547,2.119999885559082,28625,13807.573139811759,0,0.013885165457482085,13807.559254646301,6513.0,-73.44697473113123,52000,,30.769225478877487,2.088,2.388,2.042,2.207,3.3658,134.8800048828125,-3.1339,MARA,27.11975830723692,281.0,235.10818481445312
2019-03-29,2.0799999237060547,2.200000047683716,2.240000009536743,2.0399999618530273,2.0799999237060547,59975,13547.053388262992,0,0.013885165457482085,13547.039503097534,6513.0,-73.9479742533404,52000,,30.769225478877487,2.048,2.364,2.0513,2.201,3.351,134.8800048828125,-2.8904,MARA,27.937591371389537,281.0,236.62161254882807
2019-04-01,2.2799999713897705,2.119999885559082,2.4000000953674316,2.0799999237060547,2.2799999713897705,132325,15844.683298889404,0,0.9634977018879454,15843.719801187515,6949.0,-70.10437113417095,53000,Buy all cash Monthly invest,41.93548201026085,2.104,2.354,2.064,2.1977,3.3363,134.8800048828125,-2.0233,MARA,28.84671208104548,285.0,239.3475799560547
2019-04-02,2.7200000286102295,2.8399999141693115,3.0799999237060547,2.5999999046325684,2.7200000286102295,1005075,18902.24369651437,0,0.9634977018879454,18901.280198812485,6949.0,-64.33538925185968,53000,,58.536583947539775,2.248,2.36,2.0827,2.1967,3.3238,134.8800048828125,-0.1408,MARA,28.890823224913387,285.0,239.4296112060547
2019-04-03,3.0399999618530273,2.9600000381469727,3.200000047683716,2.7200000286102295,3.0399999618530273,885425,21125.923232618574,0,0.9634977018879454,21124.959734916687,6949.0,-60.13976748562533,53000,,68.08510935106897,2.448,2.39,2.1053,2.1997,3.314,134.8800048828125,1.8683,MARA,29.131055008798267,285.0,239.87635803222656
2019-04-04,2.5999999046325684,2.880000114440918,3.0,2.559999942779541,2.5999999046325684,389375,18068.362834993604,0,0.9634977018879454,18067.399337291718,6949.0,-65.90874936793661,53000,,54.38596124317318,2.544,2.392,2.12,2.2003,3.301,134.8800048828125,1.8207,MARA,29.439915067852663,285.0,240.4507293701172
2019-04-05,2.5999999046325684,2.799999952316284,2.9200000762939453,2.440000057220459,2.5999999046325684,373825,18068.362834993604,0,0.9634977018879454,18067.399337291718,6949.0,-65.90874936793661,53000,,52.72727036279074,2.648,2.396,2.1353,2.2023,3.2863,134.8800048828125,1.6813,MARA,30.062525483905134,285.0,241.6085662841797
2019-04-08,2.7699999809265137,2.309999942779541,2.869999885559082,2.1500000953674316,2.7699999809265137,1646000,19249.69336516023,0,0.9634977018879454,19248.729867458344,6949.0,-63.67982383932031,53000,,55.364807042619006,2.746,2.4105,2.1548,2.2051,3.2657,134.8800048828125,1.9227,MARA,30.175289518536232,285.0,241.8182678222656
2019-04-09,2.7100000381469727,2.7699999809265137,2.890000104904175,2.609999895095825,2.7100000381469727,429300,18832.7537627852,0,0.9634977018879454,18831.790265083313,6949.0,-64.46650233436755,53000,,53.191491520313164,2.744,2.422,2.174,2.207,3.2477,134.8800048828125,1.7922,MARA,29.484026211720597,285.0,240.5327606201172
2019-04-10,3.859999895095825,2.5799999237060547,3.9700000286102295,2.569999933242798,3.859999895095825,2794300,26824.102768722776,0,0.9634977018879454,26823.13927102089,6949.0,-49.388485342032496,53000,,71.0059155319623,2.908,2.493,2.213,2.2175,3.2337,134.8800048828125,4.3501,MARA,29.93015923150979,285.0,241.36241149902344
2019-04-11,3.190000057220459,3.4000000953674316,3.4700000286102295,3.049999952316284,3.190000057220459,1108900,22168.273895326856,0,0.9634977018879454,22167.31039762497,6949.0,-58.17306812202481,53000,,61.69666031925661,3.026,2.5345,2.2408,2.2237,3.2154,134.8800048828125,4.0002,MARA,29.905633895010286,285.0,241.3168029785156
2019-04-12,3.309999942779541,3.25,3.7899999618530273,3.200000047683716,3.309999942779541,1427500,23002.153100076917,0,0.9634977018879454,23001.18960237503,6949.0,-56.59971113193034,53000,,67.56032310387535,3.168,2.58,2.2713,2.231,3.199,134.8800048828125,3.7669,MARA,30.78320442516398,285.0,242.9487762451172
2019-04-15,3.0,3.2899999618530273,3.4700000286102295,3.0,3.0,641200,20847.963497701887,0,0.9634977018879454,20847.0,6949.0,-60.664219815656814,53000,,62.37623920137791,3.214,2.606,2.2967,2.235,3.1847,134.8800048828125,2.6659,MARA,30.694949316636546,285.0,242.7846527099609
2019-04-16,3.1700000762939453,2.990000009536743,3.2799999713897705,2.5999999046325684,3.1700000762939453,812700,22029.294027868513,0,0.9634977018879454,22028.330530166626,6949.0,-58.43529428704054,53000,,63.549163345101036,3.306,2.6385,2.3242,2.2397,3.1717,134.8800048828125,2.1471,MARA,30.788102928305563,285.0,242.9578857421875
2019-04-17,2.9800000190734863,3.259999990463257,3.3499999046325684,2.799999952316284,2.9800000190734863,895400,20708.983630243543,0,0.9634977018879454,20708.020132541656,6949.0,-60.92644598067256,53000,,60.04673115852496,3.13,2.6595,2.3492,2.2436,3.1548,134.8800048828125,1.2294,MARA,30.46943765777013,285.0,242.3652801513672
2019-04-18,3.299999952316284,3.069999933242798,3.4000000953674316,2.9800000190734863,3.299999952316284,751400,22932.663166347746,0,0.9634977018879454,22931.69966864586,6949.0,-56.730824214438215,53000,,63.37719416345006,3.152,2.7025,2.3768,2.2504,3.141,134.8800048828125,1.2114,MARA,30.714576149994464,285.0,242.82115173339844
2019-04-22,3.259999990463257,3.2300000190734863,3.450000047683716,3.109999895095825,3.259999990463257,859700,22654.70343143106,0,0.9634977018879454,22653.73993372917,6949.0,-57.2552765444697,53000,,61.136364818604626,3.142,2.7515,2.4045,2.2562,3.1281,134.8800048828125,0.9698,MARA,30.84203569405033,285.0,243.0581817626953
2019-04-23,3.440000057220459,3.5,3.680000066757202,3.3299999237060547,3.440000057220459,1203100,23905.523895326856,0,0.9634977018879454,23904.56039762497,6949.0,-54.895237933345555,53000,,58.69565330065501,3.23,2.8235,2.4365,2.2629,3.1183,134.8800048828125,1.0604,MARA,31.96960219358047,285.0,245.15505981445312
2019-04-24,3.0999999046325684,3.3499999046325684,3.359999895095825,3.0999999046325684,3.0999999046325684,759400,21542.862834993604,0,0.9634977018879454,21541.899337291718,6949.0,-59.35308899057811,53000,,50.72115318485969,3.216,2.8785,2.4635,2.2694,3.106,134.8800048828125,0.2781,MARA,31.709768191931342,285.0,244.6718597412109
2019-04-25,2.9800000190734863,3.1500000953674316,3.200000047683716,2.880000114440918,2.9800000190734863,863300,20708.983630243543,0,0.9634977018879454,20708.020132541656,6949.0,-60.92644598067256,53000,,54.947918574584605,3.216,2.9255,2.4892,2.2746,3.0946,134.8800048828125,-0.5443,MARA,31.6607175189324,285.0,244.5806427001953
2019-04-26,2.740000009536743,2.9000000953674316,2.9000000953674316,2.700000047683716,2.740000009536743,465500,19041.223563972715,0,0.9634977018879454,19040.26006627083,6949.0,-64.07316308684393,53000,,51.715687692440476,3.104,2.9565,2.5115,2.2777,3.0832,134.8800048828125,-1.6015,MARA,32.26379135880379,285.0,245.7021484375
2019-04-29,2.859999895095825,2.75,2.9100000858306885,2.700000047683716,2.859999895095825,194900,19875.102768722776,0,0.9634977018879454,19874.13927102089,6949.0,-62.49980609674948,53000,,51.116624385325174,3.024,2.9955,2.5365,2.2802,3.0711,134.8800048828125,-1.994,MARA,32.43045533838811,285.0,246.0120849609375
2019-04-30,2.950000047683716,2.880000114440918,3.049999952316284,2.859999895095825,2.950000047683716,269200,20500.513829056028,0,0.9634977018879454,20499.55033135414,6949.0,-61.31978522819617,53000,,52.955665357302266,2.926,3.029,2.563,2.2828,3.0602,134.8800048828125,-2.0041,MARA,32.51380373857609,285.0,246.1670837402344
2019-05-01,2.8299999237060547,2.9800000190734863,2.9800000190734863,2.75,2.8299999237060547,267200,20661.666317669158,0,2.666874614958715,20658.9994430542,7300.0,-61.73765496727934,54000,Buy all cash Monthly invest,33.003300641660715,2.872,3.0345,2.5788,2.2821,3.0487,134.8800048828125,-2.2185,MARA,30.954737716674806,289.0,244.3710479736328
2019-05-02,2.930000066757202,2.9000000953674316,2.9600000381469727,2.75,2.930000066757202,292400,21391.667361942535,0,2.666874614958715,21389.000487327576,7300.0,-60.385801181587894,54000,,44.715447942423665,2.862,3.029,2.6003,2.2795,3.0362,134.8800048828125,-2.0723,MARA,30.696103530883832,289.0,243.8877868652344
2019-05-03,2.940000057220459,3.109999895095825,3.2799999713897705,2.9000000953674316,2.940000057220459,1277400,21464.66729232431,0,2.666874614958715,21462.00041770935,7300.0,-60.25061612532535,54000,,42.12766328727832,2.902,3.046,2.6227,2.275,3.024,134.8800048828125,-1.8967,MARA,31.935475021362315,289.0,246.2035675048828
2019-05-06,2.940000057220459,2.799999952316284,2.990000009536743,2.7200000286102295,2.940000057220459,173100,21464.66729232431,0,2.666874614958715,21462.00041770935,7300.0,-60.25061612532535,54000,,48.52941348340923,2.918,3.063,2.6457,2.2742,3.0131,134.8800048828125,-1.7292,MARA,31.413396712126527,289.0,245.22805786132807
2019-05-07,2.8499999046325684,2.9700000286102295,3.049999952316284,2.819999933242798,2.8499999046325684,311300,20807.666178432708,0,2.666874614958715,20804.99930381775,7300.0,-61.46728485475425,54000,,41.836732459634895,2.898,3.067,2.6585,2.2736,3.0025,134.8800048828125,-1.7666,MARA,29.28601600194865,289.0,241.2530212402344
2019-05-08,2.9100000858306885,2.819999933242798,2.950000047683716,2.7699999809265137,2.9100000858306885,126900,21245.667501178985,0,2.666874614958715,21243.000626564026,7300.0,-60.656171294112994,54000,,48.08743418574677,2.914,3.077,2.6737,2.2745,2.9931,134.8800048828125,-1.6011,MARA,29.032289749145512,289.0,240.7789306640625
2019-05-09,2.8399999141693115,2.8299999237060547,2.9000000953674316,2.740000009536743,2.8399999141693115,209000,20734.666248050933,0,2.666874614958715,20731.999373435974,7300.0,-61.60246991101679,54000,,35.44304485103676,2.896,3.026,2.683,2.2755,2.9832,134.8800048828125,-1.5967,MARA,28.637074566311284,289.0,240.0404663085937
2019-05-10,2.9200000762939453,2.869999885559082,2.9800000190734863,2.6500000953674316,2.9200000762939453,637100,21318.66743156076,0,2.666874614958715,21316.0005569458,7300.0,-60.52098623785045,54000,,39.50618246927015,2.892,3.0125,2.6963,2.2778,2.9737,134.8800048828125,-1.3621,MARA,29.237238824349895,289.0,241.1618804931641
2019-05-13,3.380000114440918,3.109999895095825,3.8499999046325684,3.0299999713897705,3.380000114440918,6488600,24676.66771003366,0,2.666874614958715,24674.0008354187,7300.0,-54.30246720364137,54000,,48.42105500915903,2.98,3.016,2.718,2.2837,2.9658,134.8800048828125,-0.1736,MARA,26.070576763576938,289.0,235.24493408203125
2019-05-14,3.180000066757202,3.5399999618530273,3.75,3.1500000953674316,3.180000066757202,2234200,23216.667361942535,0,2.666874614958715,23214.000487327576,7300.0,-57.00617155195826,54000,,52.27273065935301,3.046,3.025,2.735,2.2878,2.9574,134.8800048828125,0.116,MARA,27.163535058480704,289.0,237.28713989257807
2019-05-15,3.2200000286102295,3.119999885559082,3.309999942779541,3.069999933242798,3.2200000286102295,738000,23508.667083469634,0,2.666874614958715,23506.000208854675,7300.0,-56.46543132690809,54000,,57.14285308812186,3.108,3.0275,2.74,2.2933,2.9477,134.8800048828125,0.3474,MARA,27.91493061602559,289.0,238.69113159179688
2019-05-16,3.2899999618530273,3.200000047683716,3.299999952316284,3.109999895095825,3.2899999618530273,445500,24019.66659614206,0,2.666874614958715,24016.9997215271,7300.0,-55.51913593307026,54000,,68.21190756375364,3.198,3.043,2.7475,2.3001,2.9389,134.8800048828125,0.5901,MARA,29.08595852717648,289.0,240.87921142578125
2019-05-17,2.950000047683716,3.0,3.180000066757202,2.9000000953674316,2.950000047683716,396200,21537.667222706084,0,2.666874614958715,21535.000348091125,7300.0,-60.11543106906281,54000,,52.601159016833996,3.204,3.0255,2.7547,2.3043,2.9298,134.8800048828125,-0.0236,MARA,28.30527053098326,289.0,239.4204864501953
2019-05-20,3.119999885559082,2.9800000190734863,3.119999885559082,2.9700000286102295,3.119999885559082,164400,22778.666039196258,0,2.666874614958715,22775.9991645813,7300.0,-57.817285112599514,54000,,54.69612641080191,3.152,3.0185,2.7573,2.311,2.9207,134.8800048828125,-0.0784,MARA,27.431903447469065,289.0,237.78858947753903
2019-05-21,3.009999990463257,3.0999999046325684,3.1500000953674316,3.0,3.009999990463257,347600,21975.666804996734,0,2.666874614958715,21972.999930381775,7300.0,-59.30432073148752,54000,,55.00000066227368,3.118,2.997,2.7615,2.3164,2.911,134.8800048828125,-0.3634,MARA,28.510195107354065,289.0,239.8033905029297
2019-05-22,2.9700000286102295,3.0,3.009999990463257,2.880000114440918,2.9700000286102295,163500,21683.667083469634,0,2.666874614958715,21681.000208854675,7300.0,-59.84506095653772,54000,,51.14942402738251,3.068,2.9905,2.7677,2.3212,2.9016,134.8800048828125,-0.6313,MARA,28.15889816679775,289.0,239.14698791503903
2019-05-23,2.859999895095825,2.9100000858306885,2.9200000762939453,2.7899999618530273,2.859999895095825,142700,20880.666108814483,0,2.666874614958715,20877.999234199524,7300.0,-61.332099798491704,54000,,47.82608301292604,2.982,2.9845,2.7727,2.323,2.892,134.8800048828125,-1.0214,MARA,26.660965987028877,289.0,236.3480834960937
2019-05-24,2.9800000190734863,2.859999895095825,3.0199999809265137,2.8499999046325684,2.9800000190734863,125700,21756.66701385141,0,2.666874614958715,21754.00013923645,7300.0,-59.709875900275165,54000,,51.02040692201938,2.988,2.9965,2.7803,2.3262,2.8844,134.8800048828125,-0.9804,MARA,26.88050820075143,289.0,236.75830078125
2019-05-28,2.9600000381469727,3.0799999237060547,3.240000009536743,2.75,2.9600000381469727,640200,21610.66715308786,0,2.666874614958715,21608.0002784729,7300.0,-59.98024601280025,54000,,52.9100559135618,2.956,3.0015,2.787,2.3302,2.8772,134.8800048828125,-0.9645,MARA,25.743656162403266,289.0,234.6340789794922
2019-05-29,2.8399999141693115,2.9000000953674316,2.9200000762939453,2.799999952316284,2.8399999141693115,213900,20734.666248050933,0,2.666874614958715,20731.999373435974,7300.0,-61.60246991101679,54000,,48.20512406689706,2.922,2.996,2.793,2.3335,2.8694,134.8800048828125,-1.1767,MARA,24.88003144836426,289.0,233.0203857421875
2019-05-30,2.9200000762939453,2.819999933242798,3.0799999237060547,2.75,2.9200000762939453,893000,21318.66743156076,0,2.666874614958715,21316.0005569458,7300.0,-60.52098623785045,54000,,52.040820174393424,2.912,3.0005,2.7983,2.3385,2.8614,134.8800048828125,-1.0917,MARA,25.226453121044035,289.0,233.6676788330078
2019-05-31,2.7300000190734863,2.8399999141693115,2.890000104904175,2.619999885559082,2.7300000190734863,380200,19931.66701385141,0,2.666874614958715,19929.00013923645,7300.0,-63.0895055299048,54000,,45.410627017775425,2.886,2.9905,2.8032,2.3426,2.8526,134.8800048828125,-1.4038,MARA,23.552872470997,289.0,230.5405731201172
2019-06-03,2.4700000286102295,2.7100000381469727,2.7100000381469727,2.4600000381469727,2.4700000286102295,314300,19028.690033411985,0,2.2798130273866946,19026.410220384598,7703.0,-65.40238175743276,55000,Buy all cash Monthly invest,25.66844851606119,2.784,2.967,2.8017,2.3465,2.8431,134.8800048828125,-2.114,MARA,22.757002374822456,293.0,229.85682678222656
2019-06-04,2.1600000858306885,2.3499999046325684,2.369999885559082,2.069999933242798,2.1600000858306885,384300,16640.74967418075,0,0.10901294112685278,16640.640661239624,7704.0,-69.74409150148955,55000,Buy all cash ,24.24242497220257,2.624,2.928,2.7957,2.3478,2.8326,134.8800048828125,-3.182,MARA,25.4525523015803,293.0,234.916732788086
2019-06-05,2.200000047683716,2.1700000762939453,2.2799999713897705,2.0999999046325684,2.200000047683716,93700,16948.909380296474,0,0.10901294112685278,16948.800367355347,7704.0,-69.18380112673368,55000,,24.24242497220257,2.496,2.8955,2.791,2.3495,2.8226,134.8800048828125,-3.6378,MARA,26.511316866788025,293.0,236.9041748046875
2019-06-06,2.0199999809265137,2.200000047683716,2.200000047683716,1.9199999570846558,2.0199999809265137,268200,15562.188865998989,0,0.10901294112685278,15562.079853057861,7704.0,-71.7051111527291,55000,,19.617227554888743,2.316,2.851,2.7833,2.349,2.8118,134.8800048828125,-4.1999,MARA,27.33214411510125,293.0,238.44497680664065
2019-06-07,2.1500000953674316,2.049999952316284,2.2100000381469727,2.049999952316284,2.1500000953674316,195200,16563.70974765182,0,0.10901294112685278,16563.600734710693,7704.0,-69.8841640951785,55000,,28.723409516932335,2.2,2.8165,2.7785,2.3519,2.8025,134.8800048828125,-4.0386,MARA,28.59976124711472,293.0,240.824462890625
2019-06-10,2.109999895095825,2.1500000953674316,2.1700000762939453,2.0199999809265137,2.109999895095825,133000,16255.548204759365,0,0.10901294112685278,16255.439191818237,7704.0,-70.44445780952843,55000,,21.142869209751723,2.128,2.776,2.7743,2.3552,2.7941,134.8800048828125,-3.828,MARA,29.2020220447887,293.0,241.9549865722656
2019-06-11,2.059999942779541,2.0799999237060547,2.180000066757202,2.0,2.059999942779541,69800,15870.348572114712,0,0.10901294112685278,15870.239559173584,7704.0,-71.14482077797325,55000,,21.893502560600254,2.108,2.71,2.7687,2.357,2.7863,134.8800048828125,-3.6171,MARA,29.17775765713784,293.0,241.9094390869141
2019-06-12,2.069999933242798,2.0399999618530273,2.1500000953674316,1.9500000476837158,2.069999933242798,111300,15947.388498643642,0,0.10901294112685278,15947.279485702515,7704.0,-71.00474818428428,55000,,22.89157647458947,2.082,2.6545,2.7618,2.3602,2.7786,134.8800048828125,-3.251,MARA,28.93489430375533,293.0,241.4535522460937
2019-06-13,2.180000066757202,2.069999933242798,2.2899999618530273,2.009999990463257,2.180000066757202,302600,16794.829527238613,0,0.10901294112685278,16794.720514297485,7704.0,-69.46394631411161,55000,,29.518087343886165,2.114,2.6025,2.7562,2.3631,2.7719,134.8800048828125,-2.52,MARA,29.50802970747517,293.0,242.52940368652344
2019-06-14,2.319999933242798,2.190000057220459,2.450000047683716,2.190000057220459,2.319999933242798,293200,17873.388498643642,0,0.10901294112685278,17873.279485702515,7704.0,-67.5029300024661,55000,,30.357146658458262,2.148,2.554,2.7522,2.3681,2.7662,134.8800048828125,-1.4957,MARA,29.31373577326,293.0,242.1646881103516
2019-06-17,2.2200000286102295,2.450000047683716,2.569999933242798,2.2100000381469727,2.2200000286102295,274500,17102.989233354336,0,0.10901294112685278,17102.880220413208,7704.0,-68.90365593935574,55000,,28.977278038119053,2.17,2.5175,2.7485,2.3726,2.7598,134.8800048828125,-0.9849,MARA,29.430310508034463,293.0,242.38351440429688
2019-06-18,2.1700000762939453,2.2200000286102295,2.259999990463257,2.059999942779541,2.1700000762939453,175100,16717.789600709682,0,0.10901294112685278,16717.680587768555,7704.0,-69.60401890780058,55000,,30.177523057118165,2.192,2.47,2.7467,2.3777,2.7533,134.8800048828125,-0.6895,MARA,30.717379794034105,293.0,244.7995147705078
2019-06-19,2.109999895095825,2.1700000762939453,2.180000066757202,2.069999933242798,2.109999895095825,73600,16255.548204759365,0,0.10901294112685278,16255.439191818237,7704.0,-70.44445780952843,55000,,25.748502139128206,2.2,2.425,2.7485,2.3822,2.7466,134.8800048828125,-0.5747,MARA,31.062210476962004,293.0,245.44680786132807
2019-06-20,2.2200000286102295,2.1500000953674316,2.25,2.119999885559082,2.2200000286102295,159300,17102.989233354336,0,0.10901294112685278,17102.880220413208,7704.0,-68.90365593935574,55000,,33.96226839477609,2.208,2.3875,2.7522,2.3877,2.741,134.8800048828125,-0.1033,MARA,32.2812825761275,293.0,247.73516845703125
2019-06-21,2.1700000762939453,2.299999952316284,2.3399999141693115,2.0999999046325684,2.1700000762939453,208600,16717.789600709682,0,0.10901294112685278,16717.680587768555,7704.0,-69.60401890780058,55000,,39.130439289575015,2.178,2.353,2.7543,2.3925,2.7349,134.8800048828125,0.1245,MARA,32.12583604847301,293.0,247.44337463378903
2019-06-24,2.4800000190734863,2.259999990463257,2.5899999141693115,2.1500000953674316,2.4800000190734863,871000,19106.029159883266,0,0.10901294112685278,19105.92014694214,7704.0,-65.26176516384861,55000,,61.594197515229844,2.23,2.328,2.7603,2.4012,2.7306,134.8800048828125,1.1979,MARA,31.955871532093404,293.0,247.12432861328125
2019-06-25,2.6700000762939453,2.5799999237060547,2.75,2.549999952316284,2.6700000762939453,567200,20569.789600709682,0,0.10901294112685278,20569.680587768555,7704.0,-62.60038254416421,55000,,65.35947355946523,2.33,2.3135,2.7702,2.4107,2.7275,134.8800048828125,2.3928,MARA,30.654267999822476,293.0,244.68104553222656
2019-06-26,3.450000047683716,2.799999952316284,3.490000009536743,2.799999952316284,3.450000047683716,2383100,26578.909380296474,0,0.10901294112685278,26578.800367355347,7704.0,-51.67471021764277,55000,,83.56807112349644,2.598,2.344,2.7897,2.4268,2.7279,134.8800048828125,5.0973,MARA,30.52797125244142,293.0,244.4439697265625
2019-06-27,2.7100000381469727,2.890000104904175,3.0899999141693115,2.609999895095825,2.7100000381469727,899700,20877.949306825405,0,0.10901294112685278,20877.840293884277,7704.0,-62.040092169408354,55000,,60.21897613325822,2.696,2.3335,2.7895,2.4361,2.7244,134.8800048828125,4.6154,MARA,30.984913973721607,293.0,245.3017120361328
2019-06-28,2.890000104904175,2.809999942779541,2.9100000858306885,2.759999990463257,2.890000104904175,461500,22264.66982112289,0,0.10901294112685278,22264.560808181763,7704.0,-59.51878214341293,55000,,63.54166977107512,2.84,2.3415,2.787,2.4462,2.7196,134.8800048828125,4.5519,MARA,31.707439969149533,293.0,246.65798950195312
2019-07-01,2.6500000953674316,2.799999952316284,2.799999952316284,2.5,2.6500000953674316,374100,21410.740997473007,0,1.390226999526135,21409.35077047348,8079.0,-61.76653393308391,56000,Buy all cash Monthly invest,59.60912246901607,2.874,2.3505,2.7878,2.4539,2.7098,134.8800048828125,3.7021,MARA,32.230394169943686,297.0,248.7566375732422
2019-07-02,2.799999952316284,2.630000114440918,2.950000047683716,2.5299999713897705,2.799999952316284,210600,22622.589841762787,0,1.390226999526135,22621.19961476326,8079.0,-59.60251813970932,56000,,61.370716672871,2.9,2.3825,2.7912,2.4632,2.7033,134.8800048828125,3.3611,MARA,32.614412686484215,297.0,249.480712890625
2019-07-03,2.7699999809265137,2.9000000953674316,2.940000057220459,2.7100000381469727,2.7699999809265137,137000,22380.22007290483,0,1.390226999526135,22378.829845905304,8079.0,-60.035321298384225,56000,,59.42491913001438,2.764,2.411,2.7912,2.473,2.6958,134.8800048828125,2.9063,MARA,33.63021299907138,297.0,251.39602661132807
2019-07-05,2.759999990463257,2.75,2.7799999713897705,2.680000066757202,2.759999990463257,64400,22299.43014995218,0,1.390226999526135,22298.039922952652,8079.0,-60.17958901794253,56000,,57.333334287007645,2.774,2.448,2.792,2.483,2.6892,134.8800048828125,2.4482,MARA,33.46007401330129,297.0,251.07522583007807
2019-07-08,2.8499999046325684,2.8299999237060547,2.880000114440918,2.630000114440918,2.8499999046325684,301200,23026.539456526047,0,1.390226999526135,23025.14922952652,8079.0,-58.881179541917774,56000,,60.535114950048914,2.766,2.483,2.7752,2.4941,2.6812,134.8800048828125,2.2452,MARA,32.79422233854024,297.0,249.8197479248047
2019-07-09,2.7300000190734863,2.8499999046325684,2.880000114440918,2.6600000858306885,2.7300000190734863,270900,22057.060381094223,0,1.390226999526135,22055.670154094696,8079.0,-60.612392176617455,56000,,59.15032603351729,2.782,2.514,2.7675,2.5042,2.6689,134.8800048828125,1.708,MARA,32.95947338921683,297.0,250.1313323974609
2019-07-10,2.640000104904175,2.740000009536743,2.8299999237060547,2.559999942779541,2.640000104904175,209400,21329.951074520355,0,1.390226999526135,21328.56084752083,8079.0,-61.91080165264222,56000,,58.57605607482116,2.75,2.543,2.7563,2.5138,2.6591,134.8800048828125,1.06,MARA,33.57672086170742,297.0,251.295166015625
2019-07-11,2.4700000286102295,2.619999885559082,2.619999885559082,2.440000057220459,2.4700000286102295,159800,19956.52045814157,0,1.390226999526135,19955.130231142044,8079.0,-64.36335632474719,56000,,53.968254448815536,2.69,2.563,2.7475,2.5221,2.6487,134.8800048828125,0.1811,MARA,33.84406825201851,297.0,251.7992553710937
2019-07-12,2.369999885559082,2.440000057220459,2.490000009536743,2.2200000286102295,2.369999885559082,267900,19148.61930243135,0,1.390226999526135,19147.229075431824,8079.0,-65.80603695994401,56000,,53.12499720603211,2.612,2.5725,2.7342,2.5292,2.6391,134.8800048828125,-0.638,MARA,34.500200704847074,297.0,253.03640747070312
2019-07-15,2.3399999141693115,2.3299999237060547,2.4200000762939453,2.259999990463257,2.3399999141693115,230200,18906.249533573395,0,1.390226999526135,18904.859306573868,8079.0,-66.23884011861894,56000,,47.602737796621916,2.51,2.5735,2.7235,2.5363,2.63,134.8800048828125,-1.2102,MARA,34.53420584269931,297.0,253.1005249023437
2019-07-16,2.2300000190734863,2.319999933242798,2.4000000953674316,2.190000057220459,2.2300000190734863,123000,18017.560381094223,0,1.390226999526135,18016.170154094696,8079.0,-67.82578503376031,56000,,42.25351923492476,2.41,2.574,2.7057,2.5412,2.6218,134.8800048828125,-1.7981,MARA,34.096800392695826,297.0,252.2757873535156
2019-07-17,2.190000057220459,2.200000047683716,2.3499999046325684,2.190000057220459,2.190000057220459,123700,17694.400689283615,0,1.390226999526135,17693.010462284088,8079.0,-68.40285591199354,56000,,19.999995458693007,2.32,2.575,2.6878,2.5462,2.6141,134.8800048828125,-2.1929,MARA,33.19279945646012,297.0,250.5712738037109
2019-07-18,2.2799999713897705,2.190000057220459,2.3299999237060547,2.1500000953674316,2.2799999713897705,222900,18421.509995857483,0,1.390226999526135,18420.119768857956,8079.0,-67.10444643596878,56000,,35.17240710263955,2.282,2.5835,2.6685,2.5525,2.6061,134.8800048828125,-2.103,MARA,33.67883338655744,297.0,251.4877014160156
2019-07-19,2.180000066757202,2.2100000381469727,2.2699999809265137,2.180000066757202,2.180000066757202,132300,17613.610766330963,0,1.390226999526135,17612.220539331436,8079.0,-68.54712363155186,56000,,24.087578665112943,2.244,2.5815,2.6532,2.5583,2.598,134.8800048828125,-2.1998,MARA,32.964353231702525,297.0,250.1405334472656
2019-07-22,2.0999999046325684,2.109999895095825,2.1500000953674316,2.0399999618530273,2.0999999046325684,170400,16967.289456526047,0,1.390226999526135,16965.89922952652,8079.0,-69.70126882763206,56000,,27.272711151254782,2.196,2.578,2.6385,2.5638,2.5901,134.8800048828125,-2.36,MARA,33.28511183329992,297.0,250.74533081054688
2019-07-23,2.1500000953674316,2.200000047683716,2.2200000286102295,2.0899999141693115,2.1500000953674316,94500,17371.240997473007,0,1.390226999526135,17369.85077047348,8079.0,-68.97992679022677,56000,,20.720724397332546,2.18,2.5615,2.6287,2.5701,2.5825,134.8800048828125,-2.1985,MARA,34.19888863972253,297.0,252.46827697753903
2019-07-24,2.1600000858306885,2.1500000953674316,2.1700000762939453,2.0799999237060547,2.1600000858306885,108700,17452.03092042566,0,1.390226999526135,17450.640693426132,8079.0,-68.83565907066847,56000,,22.018351232591343,2.174,2.536,2.617,2.5767,2.5754,134.8800048828125,-1.9412,MARA,34.81612801960541,297.0,253.6320953369141
2019-07-25,2.1500000953674316,2.140000104904175,2.1700000762939453,2.059999942779541,2.1500000953674316,53800,17371.240997473007,0,1.390226999526135,17369.85077047348,8079.0,-68.97992679022677,56000,,22.018351232591343,2.148,2.471,2.6037,2.5833,2.5683,134.8800048828125,-1.686,MARA,34.1599793815613,297.0,252.39491271972656
2019-07-26,2.119999885559082,2.0999999046325684,2.1500000953674316,2.0999999046325684,2.119999885559082,46000,17128.86930243135,0,1.390226999526135,17127.479075431824,8079.0,-69.41273338851545,56000,,14.56311308862179,2.136,2.4415,2.5918,2.5853,2.5612,134.8800048828125,-1.4975,MARA,35.11751291819982,297.0,254.2003631591797
2019-07-29,2.109999895095825,2.119999885559082,2.180000066757202,2.0199999809265137,2.109999895095825,98000,17048.0793794787,0,1.390226999526135,17046.68915247917,8079.0,-69.55700110807375,56000,,16.304352614738264,2.138,2.4025,2.5782,2.5892,2.554,134.8800048828125,-1.3021,MARA,34.87445144380843,297.0,253.7420654296875
2019-07-30,2.1700000762939453,2.0899999141693115,2.1700000762939453,2.0899999141693115,2.1700000762939453,46300,17532.82084337831,0,1.390226999526135,17531.430616378784,8079.0,-68.69139135111016,56000,,23.595521269736153,2.142,2.3785,2.5653,2.594,2.548,134.8800048828125,-0.9087,MARA,34.548812999725385,297.0,253.1280670166016
2019-07-31,2.0899999141693115,2.130000114440918,2.25,2.0899999141693115,2.0899999141693115,173400,16886.499533573395,0,1.390226999526135,16885.109306573868,8079.0,-69.84553654719036,56000,,26.250012665976442,2.128,2.343,2.5512,2.5984,2.5419,134.8800048828125,-0.8074,MARA,33.02750794274465,297.0,250.25961303710932
2019-08-01,2.059999942779541,2.200000047683716,2.200000047683716,2.049999952316284,2.059999942779541,141800,17639.154864853626,0,1.435354775195492,17637.71951007843,8562.0,-69.05411427218662,57000,Buy all cash Monthly invest,28.76714163099099,2.11,2.3075,2.538,2.5982,2.5361,134.8800048828125,-0.7535,MARA,31.345888326544525,301.0,248.1610107421875
2019-08-02,2.0999999046325684,2.0999999046325684,2.2200000286102295,2.049999952316284,2.0999999046325684,94900,17981.634538239246,0,1.435354775195492,17980.19918346405,8562.0,-68.45327273993115,57000,,33.78379379770584,2.106,2.2745,2.5245,2.5991,2.53,134.8800048828125,-0.5266,MARA,30.38768140023216,301.0,246.34646606445312
2019-08-05,2.0999999046325684,2.2300000190734863,2.2699999809265137,2.069999933242798,2.0999999046325684,258600,17981.634538239246,0,1.435354775195492,17980.19918346405,8562.0,-68.45327273993115,57000,,39.68254028324101,2.104,2.237,2.5122,2.5976,2.5241,134.8800048828125,-0.316,MARA,26.5500271258438,301.0,239.0791473388672
2019-08-06,2.0399999618530273,2.140000104904175,2.140000104904175,2.0199999809265137,2.0399999618530273,111800,17467.915028160816,0,1.435354775195492,17466.47967338562,8562.0,-69.35453503831435,57000,,38.46154128305762,2.078,2.2025,2.4975,2.5969,2.5181,134.8800048828125,-0.3029,MARA,28.176049116703503,301.0,242.1583251953125
2019-08-07,2.0199999809265137,2.0,2.109999895095825,2.0,2.0199999809265137,140400,17296.675191468006,0,1.435354775195492,17295.23983669281,8562.0,-69.6549558044421,57000,,27.586232410997,2.064,2.1715,2.4748,2.5964,2.5117,134.8800048828125,-0.2982,MARA,28.263169092546427,301.0,242.32330322265625
2019-08-08,2.0899999141693115,2.0,2.109999895095825,2.0,2.0899999141693115,60300,17896.01461989284,0,1.435354775195492,17894.579265117645,8562.0,-68.60348312299502,57000,,41.81817787738364,2.07,2.1525,2.4567,2.5958,2.5061,134.8800048828125,-0.0285,MARA,30.760318322432667,301.0,247.0521240234375
2019-08-09,2.069999933242798,2.069999933242798,2.109999895095825,2.0,2.069999933242798,26000,17724.77478320003,0,1.435354775195492,17723.339428424835,8562.0,-68.90390388912276,57000,,46.93878146818015,2.064,2.1375,2.4375,2.5887,2.5,134.8800048828125,0.1268,MARA,29.850489895469305,301.0,245.3291931152344
2019-08-12,2.0199999809265137,2.049999952316284,2.0899999141693115,2.009999990463257,2.0199999809265137,37900,17296.675191468006,0,1.435354775195492,17295.23983669281,8562.0,-69.6549558044421,57000,,36.73468891256855,2.048,2.1215,2.4163,2.5819,2.4933,134.8800048828125,0.1104,MARA,28.330934445565205,301.0,242.45162963867188
2019-08-13,2.059999942779541,2.0,2.0899999141693115,1.9199999570846558,2.059999942779541,134900,17639.154864853626,0,1.435354775195492,17637.71951007843,8562.0,-69.05411427218662,57000,,40.38460568563882,2.052,2.113,2.4015,2.5781,2.4852,134.8800048828125,0.2581,MARA,30.315057247228804,301.0,246.2089385986328
2019-08-14,1.9700000286102295,2.0799999237060547,2.180000066757202,1.9199999570846558,1.9700000286102295,227900,16868.57559973598,0,1.435354775195492,16867.140244960785,8562.0,-70.40600771976145,57000,,34.99999801317898,2.042,2.102,2.3823,2.5698,2.4772,134.8800048828125,0.1059,MARA,26.40001671238952,301.0,238.79507446289065
2019-08-15,1.940000057220459,1.9600000381469727,2.009999990463257,1.9199999570846558,1.940000057220459,27300,16611.715844696766,0,1.435354775195492,16610.28048992157,8562.0,-70.85663886895304,57000,,35.000011920930845,2.012,2.085,2.3645,2.563,2.4698,134.8800048828125,-0.0482,MARA,26.79685094197593,301.0,239.5465545654297
2019-08-16,1.899999976158142,1.9199999570846558,1.9900000095367432,1.899999976158142,1.899999976158142,63600,16269.235150641209,0,1.435354775195492,16267.799795866013,8562.0,-71.45748219185752,57000,,33.3333396407032,1.978,2.071,2.3467,2.5572,2.4614,134.8800048828125,-0.2283,MARA,28.65035018385502,301.0,243.05650329589844
2019-08-19,1.7799999713897705,1.8799999952316284,1.9700000286102295,1.7699999809265137,1.7799999713897705,170800,15241.795109814411,0,1.435354775195492,15240.359755039215,8562.0,-73.26000857927296,57000,,21.73911541155377,1.93,2.055,2.3287,2.5507,2.4522,134.8800048828125,-0.6721,MARA,30.228001733077225,301.0,246.0440826416016
2019-08-20,1.7100000381469727,1.7599999904632568,1.7999999523162842,1.7100000381469727,1.7100000381469727,86300,14642.455681389576,0,1.435354775195492,14641.02032661438,8562.0,-74.31148126072004,57000,,22.058815795240392,1.86,2.033,2.3075,2.5439,2.4441,134.8800048828125,-1.1123,MARA,29.221408249704474,301.0,244.13790893554688
2019-08-21,1.659999966621399,1.690000057220459,1.7100000381469727,1.6299999952316284,1.659999966621399,63700,14214.355068987614,0,1.435354775195492,14212.919714212418,8562.0,-75.0625349666884,57000,,21.428560480774678,1.798,2.008,2.2858,2.5364,2.436,134.8800048828125,-1.469,MARA,30.26671903643692,301.0,246.11740112304688
2019-08-22,1.7699999809265137,1.659999966621399,1.850000023841858,1.5700000524520874,1.7699999809265137,121400,15156.175191468006,0,1.435354775195492,15154.73983669281,8562.0,-73.41021896233684,57000,,28.571426359752707,1.764,1.989,2.268,2.5305,2.4287,134.8800048828125,-1.2176,MARA,30.218268017685237,301.0,246.0256500244141
2019-08-23,1.7000000476837158,1.7899999618530273,1.7899999618530273,1.6799999475479126,1.7000000476837158,29500,14556.835763043171,0,1.435354775195492,14555.400408267975,8562.0,-74.46169164378391,57000,,26.190475514686312,1.724,1.968,2.2477,2.523,2.421,134.8800048828125,-1.1871,MARA,26.883930629261734,301.0,239.71145629882807
2019-08-26,1.6200000047683716,1.7000000476837158,1.7100000381469727,1.6200000047683716,1.6200000047683716,84500,13871.875395601994,0,1.435354775195492,13870.440040826797,8562.0,-75.66337649894386,57000,,25.58139148049797,1.692,1.9435,2.2292,2.5162,2.4136,134.8800048828125,-1.3381,MARA,28.28738251535514,301.0,242.36915588378903
2019-08-27,1.559999942779541,1.6399999856948853,1.7000000476837158,1.559999942779541,1.559999942779541,43000,13358.154864853626,0,1.435354775195492,13356.71951007843,8562.0,-76.5646405879761,57000,,24.444438263221045,1.662,1.913,2.214,2.5078,2.4062,134.8800048828125,-1.5345,MARA,27.784089802524512,301.0,241.41607666015625
2019-08-28,1.6200000047683716,1.7100000381469727,1.7100000381469727,1.5499999523162842,1.6200000047683716,199600,13871.875395601994,0,1.435354775195492,13870.440040826797,8562.0,-75.66337649894386,57000,,23.5955102834087,1.654,1.8895,2.205,2.5003,2.3987,134.8800048828125,-1.3226,MARA,28.669696748967755,301.0,243.0931396484375
2019-08-29,1.5700000524520874,1.600000023841858,1.6399999856948853,1.5499999523162842,1.5700000524520874,59400,13443.775803869969,0,1.435354775195492,13442.340449094772,8562.0,-76.41442841426321,57000,,22.826092167703123,1.614,1.865,2.1945,2.4927,2.3912,134.8800048828125,-1.2483,MARA,30.339302900883204,301.0,246.25485229492188
2019-08-30,1.6699999570846558,1.6100000143051147,1.8799999952316284,1.5499999523162842,1.6699999570846558,180200,14299.974987334019,0,1.435354775195492,14298.539632558823,8562.0,-74.91232458362454,57000,,31.95875997256465,1.608,1.8435,2.1887,2.486,2.3843,134.8800048828125,-0.7147,MARA,30.28605754383824,301.0,246.15402221679688
2019-09-03,1.75,1.6799999475479126,1.840000033378601,1.6799999475479126,1.75,141000,15979.956604775196,0,0.7066047751956148,15979.25,9131.0,-72.44835068142208,58000,Buy all cash Monthly invest,34.65346803432378,1.634,1.826,2.182,2.4802,2.3773,134.8800048828125,0.019,MARA,29.046791052982712,305.0,244.7885131835937
2019-09-04,1.809999942779541,1.7599999904632568,1.840000033378601,1.649999976158142,1.809999942779541,95900,16527.816082295183,0,0.7066047751956148,16527.10947751999,9131.0,-71.50376537535314,58000,,41.836730473640394,1.684,1.8145,2.177,2.4757,2.371,134.8800048828125,0.7693,MARA,30.425084715218382,305.0,247.40953063964844
2019-09-05,1.8200000524520874,1.7699999809265137,1.8600000143051147,1.75,1.8200000524520874,52200,16619.127083715204,0,0.7066047751956148,16618.42047894001,9131.0,-71.34633261428414,58000,,43.75000077610202,1.724,1.8045,2.173,2.4708,2.3647,134.8800048828125,1.3068,MARA,32.145522521446466,305.0,250.68118286132807
2019-09-06,1.8300000429153442,1.8200000524520874,1.899999976158142,1.8200000524520874,1.8300000429153442,74100,16710.436996635202,0,0.7066047751956148,16709.73039186001,9131.0,-71.1889017299393,58000,,46.236562999028635,1.776,1.7915,2.169,2.4654,2.3587,134.8800048828125,1.6793,MARA,32.24192307833968,305.0,250.864501953125
2019-09-09,1.809999942779541,1.809999942779541,1.909999966621399,1.7599999904632568,1.809999942779541,45200,16527.816082295183,0,0.7066047751956148,16527.10947751999,9131.0,-71.50376537535314,58000,,51.80722683914764,1.804,1.7785,2.1628,2.4595,2.3536,134.8800048828125,1.8171,MARA,32.27564802761738,305.0,250.9286346435547
2019-09-10,1.8300000429153442,1.809999942779541,1.909999966621399,1.809999942779541,1.8300000429153442,44200,16710.436996635202,0,0.7066047751956148,16709.73039186001,9131.0,-71.1889017299393,58000,,57.69230475322389,1.82,1.769,2.1547,2.4534,2.349,134.8800048828125,1.9396,MARA,32.30455856586325,305.0,250.98361206054688
2019-09-11,1.840000033378601,1.8200000524520874,1.9199999570846558,1.8200000524520874,1.840000033378601,48900,16801.7469095552,0,0.7066047751956148,16801.040304780006,9131.0,-71.03147084559448,58000,,62.16216259755022,1.826,1.758,2.1483,2.4484,2.3439,134.8800048828125,2.0056,MARA,33.25395239731361,305.0,252.7890167236328
2019-09-12,1.909999966621399,1.8799999952316284,1.9299999475479126,1.809999942779541,1.909999966621399,37500,17440.916299995188,0,0.7066047751956148,17440.209695219994,9131.0,-69.9294546551807,58000,,59.999996594021106,1.844,1.755,2.144,2.4453,2.339,134.8800048828125,2.2397,MARA,33.644296819752675,305.0,253.53131103515625
2019-09-13,1.8899999856948853,1.8700000047683716,1.9299999475479126,1.840000033378601,1.8899999856948853,64900,17258.29647415519,0,0.7066047751956148,17257.589869379997,9131.0,-70.24431642387037,58000,,64.61537502221418,1.856,1.7525,2.1403,2.4444,2.3347,134.8800048828125,2.2428,MARA,33.610555822438215,305.0,253.46714782714844
2019-09-16,1.8799999952316284,1.909999966621399,1.9299999475479126,1.7999999523162842,1.8799999952316284,71800,17166.986561235193,0,0.7066047751956148,17166.27995646,9131.0,-70.40174730821518,58000,,72.41378601609654,1.87,1.7515,2.1347,2.4434,2.3305,134.8800048828125,2.132,MARA,33.17202716958936,305.0,252.6332244873047
2019-09-17,1.8700000047683716,1.840000033378601,1.899999976158142,1.7899999618530273,1.8700000047683716,47200,17075.676648315195,0,0.7066047751956148,17074.97004354,9131.0,-70.55917819256001,58000,,79.24528386763453,1.878,1.756,2.1297,2.442,2.3268,134.8800048828125,1.9512,MARA,33.53347710181931,305.0,253.3205718994141
2019-09-18,1.8200000524520874,1.840000033378601,1.8799999952316284,1.809999942779541,1.8200000524520874,32000,16619.127083715204,0,0.7066047751956148,16618.42047894001,9131.0,-71.34633261428414,58000,,69.23077452112251,1.874,1.7615,2.1187,2.4395,2.3232,134.8800048828125,1.5928,MARA,33.615378257488395,305.0,253.476318359375
2019-09-19,1.809999942779541,1.809999942779541,1.9199999570846558,1.809999942779541,1.809999942779541,18800,16527.816082295183,0,0.7066047751956148,16527.10947751999,9131.0,-71.50376537535314,58000,,74.99998137355388,1.854,1.769,2.1043,2.4372,2.3191,134.8800048828125,1.2769,MARA,33.58647574326088,305.0,253.42135620117188
2019-09-20,1.7999999523162842,1.8200000524520874,1.850000023841858,1.7999999523162842,1.7999999523162842,27200,16436.506169375185,0,0.7066047751956148,16435.79956459999,9131.0,-71.66119625969796,58000,,66.66665647784436,1.836,1.7705,2.0768,2.4332,2.3155,134.8800048828125,1.0011,MARA,32.87322877291976,305.0,252.0650177001953
2019-09-23,1.7400000095367432,1.840000033378601,1.840000033378601,1.7000000476837158,1.7400000095367432,44200,15888.646691855198,0,0.7066047751956148,15887.940087080002,9131.0,-72.6057815657669,58000,,48.64865039020087,1.808,1.7725,2.0607,2.4251,2.3109,134.8800048828125,0.587,MARA,32.96479084672601,305.0,252.2391357421875
2019-09-24,1.6699999570846558,1.75,1.7799999713897705,1.6299999952316284,1.6699999570846558,46500,15249.476212915188,0,0.7066047751956148,15248.769608139992,9131.0,-73.70779963290485,58000,,31.578960577198472,1.768,1.775,2.0403,2.4137,2.3067,134.8800048828125,0.0667,MARA,31.86599781694084,305.0,250.14962768554688
2019-09-25,1.7899999618530273,1.659999966621399,1.809999942779541,1.6100000143051147,1.7899999618530273,46600,16345.196256455189,0,0.7066047751956148,16344.489651679993,9131.0,-71.81862714404278,58000,,46.93876706973182,1.762,1.7865,2.026,2.4069,2.3036,134.8800048828125,0.1809,MARA,32.670814885106594,305.0,251.6800994873047
2019-09-26,1.7100000381469727,1.7599999904632568,1.7899999618530273,1.659999966621399,1.7100000381469727,28000,15614.716953095203,0,0.7066047751956148,15614.010348320007,9131.0,-73.07807421880138,58000,,39.285715045977526,1.742,1.791,2.0078,2.3995,2.3009,134.8800048828125,-0.0225,MARA,32.40982566307331,305.0,251.1837921142578
2019-09-27,1.7100000381469727,1.7100000381469727,1.7899999618530273,1.7000000476837158,1.7100000381469727,16600,15614.716953095203,0,0.7066047751956148,15614.010348320007,9131.0,-73.07807421880138,58000,,40.74074891696145,1.724,1.798,1.9902,2.3907,2.2979,134.8800048828125,-0.131,MARA,31.66899211752008,305.0,249.7749938964844
2019-09-30,1.75,1.7300000190734863,1.7799999713897705,1.690000057220459,1.75,39100,15979.956604775196,0,0.7066047751956148,15979.25,9131.0,-72.44835068142208,58000,,42.85713677503434,1.726,1.802,1.9733,2.3827,2.2948,134.8800048828125,-0.0288,MARA,32.31786238834778,305.0,251.0089111328125
2019-10-01,1.7300000190734863,1.7599999904632568,1.7899999618530273,1.690000057220459,1.7300000190734863,23400,16792.36302888036,0,0.9828437531048166,16791.38018512726,9706.0,-71.5383677476604,59000,Buy all cash Monthly invest,40.350872790052506,1.738,1.801,1.9547,2.3649,2.2912,134.8800048828125,-0.0154,MARA,30.200372868424765,309.0,247.9886474609375
2019-10-02,1.659999966621399,1.7599999904632568,1.7799999713897705,1.6200000047683716,1.659999966621399,45800,16112.942519780403,0,0.9828437531048166,16111.959676027298,9706.0,-72.68992793257559,59000,,28.070172870221228,1.712,1.7935,1.9368,2.3522,2.288,134.8800048828125,-0.241,MARA,27.90972260090456,309.0,243.6149139404297
2019-10-03,1.649999976158142,1.659999966621399,1.7000000476837158,1.5700000524520874,1.649999976158142,33500,16015.882612344032,0,0.9828437531048166,16014.899768590927,9706.0,-72.85443625026436,59000,,28.571425530374952,1.7,1.785,1.9203,2.3383,2.2847,134.8800048828125,-0.389,MARA,28.92240935296528,309.0,245.54852294921875
2019-10-04,1.6799999475479126,1.6699999570846558,1.7100000381469727,1.6699999570846558,1.6799999475479126,17300,16307.062334653145,0,0.9828437531048166,16306.07949090004,9706.0,-72.36091129719806,59000,,32.758614311035984,1.694,1.7775,1.9072,2.3273,2.2812,134.8800048828125,-0.3318,MARA,30.706712248721367,309.0,248.9554443359375
2019-10-07,1.649999976158142,1.659999966621399,1.7000000476837158,1.6200000047683716,1.649999976158142,19100,16015.882612344032,0,0.9828437531048166,16014.899768590927,9706.0,-72.85443625026436,59000,,31.666661368475175,1.674,1.7695,1.8952,2.3147,2.2772,134.8800048828125,-0.3685,MARA,30.14730952427751,309.0,247.8873291015625
2019-10-08,1.6299999952316284,1.649999976158142,1.7100000381469727,1.6299999952316284,1.6299999952316284,9000,15821.76279747129,0,0.9828437531048166,15820.779953718185,9706.0,-73.18345288564187,59000,,33.33332636202903,1.654,1.7595,1.8833,2.3034,2.2735,134.8800048828125,-0.4259,MARA,28.131517789679062,309.0,244.0384063720703
2019-10-09,1.7300000190734863,1.659999966621399,1.7799999713897705,1.600000023841858,1.7300000190734863,65900,16792.36302888036,0,0.9828437531048166,16791.38018512726,9706.0,-71.5383677476604,59000,,43.93939831806491,1.668,1.754,1.875,2.2903,2.2704,134.8800048828125,-0.0426,MARA,29.322669993772355,309.0,246.31277465820312
2019-10-10,1.7200000286102295,1.7100000381469727,1.7699999809265137,1.6799999475479126,1.7200000286102295,11200,16695.30312144399,0,0.9828437531048166,16694.320277690887,9706.0,-71.70287606534917,59000,,43.93939831806491,1.682,1.7445,1.8672,2.2775,2.2669,134.8800048828125,0.1875,MARA,30.200372868424765,309.0,247.9886474609375
2019-10-11,1.659999966621399,1.7100000381469727,1.7100000381469727,1.5700000524520874,1.659999966621399,29100,16112.942519780403,0,0.9828437531048166,16111.959676027298,9706.0,-72.68992793257559,59000,,43.93939038172442,1.678,1.733,1.8568,2.2627,2.2628,134.8800048828125,0.1219,MARA,31.55550199398749,309.0,250.5761108398437
2019-10-14,1.649999976158142,1.659999966621399,1.690000057220459,1.5800000429153442,1.649999976158142,8900,16015.882612344032,0,0.9828437531048166,16014.899768590927,9706.0,-72.85443625026436,59000,,48.3333346578812,1.678,1.7215,1.848,2.2506,2.26,134.8800048828125,0.0597,MARA,31.4349267324674,309.0,250.34588623046875
2019-10-15,1.649999976158142,1.659999966621399,1.659999966621399,1.6100000143051147,1.649999976158142,24300,16015.882612344032,0,0.9828437531048166,16014.899768590927,9706.0,-72.85443625026436,59000,,35.41666511446205,1.682,1.7105,1.8405,2.2395,2.257,134.8800048828125,0.0401,MARA,32.70322057226149,309.0,252.76754760742188
2019-10-16,1.600000023841858,1.6200000047683716,1.6399999856948853,1.5800000429153442,1.600000023841858,29100,15530.583075162178,0,0.9828437531048166,15529.600231409073,9706.0,-73.67697783870817,59000,,37.77777424565012,1.656,1.6995,1.8313,2.23,2.2539,134.8800048828125,-0.1415,MARA,32.49584998231012,309.0,252.37159729003903
2019-10-17,1.6299999952316284,1.6200000047683716,1.6799999475479126,1.6100000143051147,1.6299999952316284,46700,15821.76279747129,0,0.9828437531048166,15820.779953718185,9706.0,-73.18345288564187,59000,,41.66666045784821,1.638,1.6905,1.8225,2.2197,2.25,134.8800048828125,-0.1121,MARA,32.85270097170041,309.0,253.052963256836
2019-10-18,1.6200000047683716,1.6299999952316284,1.659999966621399,1.590000033378601,1.6200000047683716,10800,15724.70289003492,0,0.9828437531048166,15723.720046281815,9706.0,-73.34796120333064,59000,,35.555553789491725,1.63,1.6815,1.8137,2.2087,2.2457,134.8800048828125,-0.1029,MARA,32.30777878635214,309.0,252.0124969482422
2019-10-21,1.6299999952316284,1.600000023841858,1.659999966621399,1.590000033378601,1.6299999952316284,25800,15821.76279747129,0,0.9828437531048166,15820.779953718185,9706.0,-73.18345288564187,59000,,38.63635932610979,1.626,1.676,1.8055,2.1987,2.2404,134.8800048828125,-0.0299,MARA,33.22887532948642,309.0,253.771224975586
2019-10-22,1.3200000524520874,1.6200000047683716,1.6399999856948853,1.1200000047683716,1.3200000524520874,324500,12812.903352853065,0,0.9828437531048166,12811.92050909996,9706.0,-78.28321465618124,59000,,25.0,1.56,1.6585,1.7923,2.1852,2.2324,134.8800048828125,-1.1708,MARA,32.76110277130646,309.0,252.8780670166016
2019-10-23,1.25,1.350000023841858,1.350000023841858,1.2000000476837158,1.25,113400,12133.482843753105,0,0.9828437531048166,12132.5,9706.0,-79.43477484109643,59000,,22.97297057833751,1.49,1.6315,1.777,2.1712,2.2231,134.8800048828125,-2.1199,MARA,33.15169373644813,309.0,253.6238555908203
2019-10-24,1.2599999904632568,1.2799999713897705,1.309999942779541,1.2100000381469727,1.2599999904632568,29100,12230.542751189476,0,0.9828437531048166,12229.55990743637,9706.0,-79.27026652340767,59000,,20.833332643464672,1.416,1.609,1.7632,2.1572,2.2157,134.8800048828125,-2.5756,MARA,33.36876596793481,309.0,254.038330078125
2019-10-25,1.5399999618530273,1.2699999809265137,1.5499999523162842,1.2599999904632568,1.5399999618530273,360900,14948.222473498588,0,0.9828437531048166,14947.239629745483,9706.0,-74.6640297059346,59000,,44.32989564024551,1.4,1.6005,1.7545,2.1462,2.2099,134.8800048828125,-1.5346,MARA,33.92329389720852,309.0,255.09713745117188
2019-10-28,1.559999942779541,1.7000000476837158,1.75,1.559999942779541,1.559999942779541,202600,15142.34228837133,0,0.9828437531048166,15141.359444618225,9706.0,-74.33501307055707,59000,,46.3917495365892,1.386,1.591,1.7455,2.135,2.2047,134.8800048828125,-0.676,MARA,34.699744878736595,309.0,256.5796813964844
2019-10-29,1.4800000190734863,1.590000033378601,1.590000033378601,1.4500000476837158,1.4800000190734863,83600,14365.863028880363,0,0.9828437531048166,14364.880185127258,9706.0,-75.65107961206718,59000,,36.84210262140025,1.418,1.5785,1.7352,2.1237,2.1996,134.8800048828125,-0.3932,MARA,34.61297352470785,309.0,256.4140014648437
2019-10-30,1.3899999856948853,1.5,1.5,1.3899999856948853,1.3899999856948853,41700,13492.322704907661,0,0.9828437531048166,13491.339861154556,9706.0,-77.13165643235989,59000,,33.98057814198987,1.446,1.565,1.7243,2.1109,2.1944,134.8800048828125,-0.5338,MARA,35.08552498044806,309.0,257.3162841796875
2019-10-31,1.350000023841858,1.409999966621399,1.4199999570846558,1.2799999713897705,1.350000023841858,43700,13104.083075162178,0,0.9828437531048166,13103.100231409073,9706.0,-77.78968970311495,59000,,34.65346441165127,1.464,1.55,1.7132,2.094,2.1888,134.8800048828125,-0.7295,MARA,34.651508380954546,309.0,256.4875793457031
2019-11-01,1.3799999952316284,1.340000033378601,1.4600000381469727,1.340000033378601,1.3799999952316284,28500,14390.28789748848,0,1.0279472082906977,14389.25995028019,10427.0,-76.0161868375192,60000,Buy all cash Monthly invest,36.89320141143836,1.432,1.535,1.7013,2.079,2.1834,134.8800048828125,-0.6483,MARA,35.32200072580973,313.0,258.9276733398437
2019-11-04,1.4199999570846558,1.3600000143051147,1.4600000381469727,1.3600000143051147,1.4199999570846558,129000,14807.367499729997,0,1.0279472082906977,14806.339552521706,10427.0,-75.32105416711667,60000,,39.25233249196061,1.404,1.5235,1.6905,2.064,2.1787,134.8800048828125,-0.3465,MARA,35.860017235819505,313.0,259.9590148925781
2019-11-05,1.440000057220459,1.409999966621399,1.4600000381469727,1.3799999952316284,1.440000057220459,65500,15015.908543846017,0,1.0279472082906977,15014.880596637726,10427.0,-74.97348576025664,60000,,42.307692748555134,1.396,1.514,1.6808,2.0486,2.1743,134.8800048828125,-0.0046,MARA,35.687062320454935,313.0,259.6274719238281
2019-11-06,1.3799999952316284,1.440000057220459,1.4800000190734863,1.3799999952316284,1.3799999952316284,13100,14390.28789748848,0,1.0279472082906977,14389.25995028019,10427.0,-76.0161868375192,60000,,38.31775628049167,1.394,1.4965,1.6695,2.0355,2.1699,134.8800048828125,-0.0054,MARA,35.75913217519127,313.0,259.765625
2019-11-07,1.3200000524520874,1.3799999952316284,1.399999976158142,1.3200000524520874,1.3200000524520874,23900,13764.668494126206,0,1.0279472082906977,13763.640546917915,10427.0,-77.058885843123,60000,,36.607143617406265,1.388,1.4765,1.6587,2.0205,2.1657,134.8800048828125,-0.2275,MARA,36.23948643341066,313.0,260.6864318847656
2019-11-08,1.3300000429153442,1.3899999856948853,1.3899999856948853,1.2799999713897705,1.3300000429153442,54500,13868.938394686586,0,1.0279472082906977,13867.910447478294,10427.0,-76.88510267552235,60000,,36.607143617406265,1.378,1.46,1.6485,2.0065,2.1615,134.8800048828125,-0.2695,MARA,36.5709090611776,313.0,261.3217468261719
2019-11-11,1.2400000095367432,1.3200000524520874,1.3200000524520874,1.2400000095367432,1.2400000095367432,41700,12930.508046647912,0,1.0279472082906977,12929.480099439621,10427.0,-78.44915325558681,60000,,45.555553053632124,1.342,1.4395,1.6375,1.9921,2.1566,134.8800048828125,-0.6485,MARA,36.306716607157405,313.0,260.8153076171875
2019-11-12,1.2599999904632568,1.25,1.3200000524520874,1.2400000095367432,1.2599999904632568,26700,13139.04784776867,0,1.0279472082906977,13138.019900560379,10427.0,-78.10158692038554,60000,,50.58823479913092,1.306,1.42,1.6288,1.9787,2.1509,134.8800048828125,-0.7244,MARA,36.57571690216066,313.0,261.3309631347656
2019-11-13,1.2300000190734863,1.2400000095367432,1.25,1.190000057220459,1.2300000190734863,71200,12826.238146087533,0,1.0279472082906977,12825.210198879242,10427.0,-78.62293642318745,60000,,48.27586348643645,1.276,1.4015,1.6208,1.9642,2.1452,134.8800048828125,-0.8327,MARA,36.63336323394777,313.0,261.44146728515625
2019-11-14,1.190000057220459,1.25,1.25,1.1699999570846558,1.190000057220459,60600,12409.158543846017,0,1.0279472082906977,12408.130596637726,10427.0,-79.31806909358997,60000,,22.222224324679246,1.25,1.3795,1.613,1.9494,2.1398,134.8800048828125,-1.006,MARA,36.81590199127199,313.0,261.7913818359375
2019-11-15,1.1399999856948853,1.190000057220459,1.2100000381469727,1.1299999952316284,1.1399999856948853,62500,11887.80779804886,0,1.0279472082906977,11886.779850840569,10427.0,-80.1869870032519,60000,,18.181819823819495,1.212,1.3555,1.6025,1.9352,2.1344,134.8800048828125,-1.265,MARA,37.834256839497904,313.0,263.7434997558594
2019-11-18,1.0299999713897705,1.1299999952316284,1.1399999856948853,1.0199999809265137,1.0299999713897705,92700,10740.837648889428,0,1.0279472082906977,10739.809701681137,10427.0,-82.09860391851763,60000,,17.391303596664912,1.17,1.3255,1.5913,1.9195,2.129,134.8800048828125,-1.8738,MARA,37.920686537170425,313.0,263.9091796875
2019-11-19,0.9900000095367432,0.9800000190734863,1.100000023841858,0.9800000190734863,0.9900000095367432,101400,10323.758046647912,0,1.0279472082906977,10322.730099439621,10427.0,-82.79373658892015,60000,,18.750001164153232,1.116,1.309,1.5808,1.905,2.1238,134.8800048828125,-2.3453,MARA,37.85345636342368,313.0,263.7803039550781
2019-11-20,0.9900000095367432,1.0099999904632568,1.059999942779541,0.9200000166893005,0.9900000095367432,96000,10323.758046647912,0,1.0279472082906977,10322.730099439621,10427.0,-82.79373658892015,60000,,20.0,1.068,1.296,1.5713,1.8927,2.1196,134.8800048828125,-2.4981,MARA,37.36827834421796,313.0,262.8502502441406
2019-11-21,1.0,0.949999988079071,1.0,0.9399999976158142,1.0,82300,10428.027947208291,0,1.0279472082906977,10427.0,10427.0,-82.61995342131951,60000,,17.24138214528611,1.03,1.283,1.561,1.883,2.1154,134.8800048828125,-2.375,MARA,37.15690846099855,313.0,262.445068359375
2019-11-22,1.090000033378601,0.9900000095367432,1.1100000143051147,0.949999988079071,1.090000033378601,115400,11366.458295246965,0,1.0279472082906977,11365.430348038673,10427.0,-81.05590284125506,60000,,23.809534622155823,1.02,1.2605,1.553,1.8737,2.1116,134.8800048828125,-1.6282,MARA,37.45954772288008,313.0,263.02520751953125
2019-11-25,1.399999976158142,1.059999942779541,1.399999976158142,1.0099999904632568,1.399999976158142,412400,14598.827698609239,0,1.0279472082906977,14597.799751400948,10427.0,-75.66862050231794,60000,,47.82608244955406,1.094,1.2525,1.5485,1.8686,2.1088,134.8800048828125,0.686,MARA,38.50192585601806,313.0,265.0233764648437
2019-11-26,1.340000033378601,1.3300000429153442,1.3799999952316284,1.25,1.340000033378601,153300,13973.208295246965,0,1.0279472082906977,13972.180348038673,10427.0,-76.71131950792173,60000,,47.82608864663484,1.164,1.2455,1.5417,1.8618,2.1069,134.8800048828125,1.8557,MARA,38.78052591298422,313.0,265.55743408203125
2019-11-27,1.2599999904632568,1.3300000429153442,1.3899999856948853,1.2100000381469727,1.2599999904632568,86600,13139.04784776867,0,1.0279472082906977,13138.019900560379,10427.0,-78.10158692038554,60000,,46.80850713055485,1.218,1.239,1.5325,1.8547,2.105,134.8800048828125,2.1515,MARA,39.433739566548674,313.0,266.8096008300781
2019-11-29,1.2799999713897705,1.2799999713897705,1.3200000524520874,1.2100000381469727,1.2799999713897705,36900,13347.587648889428,0,1.0279472082906977,13346.559701681137,10427.0,-77.75402058518428,60000,,47.36841708999562,1.274,1.2355,1.5235,1.8482,2.1026,134.8800048828125,2.4027,MARA,38.90061049753826,313.0,265.7876281738281
2019-12-02,1.309999942779541,1.2300000190734863,1.3200000524520874,1.2300000190734863,1.309999942779541,30200,14655.419350788003,0,0.44999091327736096,14654.969359874725,11187.0,-75.97472237575738,61000,Buy all cash Monthly invest,53.93258110920912,1.318,1.232,1.5148,1.8419,2.1011,134.8800048828125,2.6576,MARA,37.143902410288334,317.0,263.6236877441406
2019-12-03,1.2999999523162842,1.25,1.3200000524520874,1.2200000286102295,1.2999999523162842,26000,14543.549457475548,0,0.44999091327736096,14543.099466562271,11187.0,-76.1581156434827,61000,,52.27272542547562,1.298,1.226,1.5063,1.8346,2.0988,134.8800048828125,2.689,MARA,36.182156894871454,317.0,261.77301025390625
2019-12-04,1.2599999904632568,1.2799999713897705,1.2999999523162842,1.25,1.2599999904632568,29300,14096.069884225732,0,0.44999091327736096,14095.619893312454,11187.0,-76.89168871438405,61000,,51.68539190394676,1.282,1.217,1.4968,1.8257,2.0969,134.8800048828125,2.4208,MARA,37.05301370839605,317.0,263.44879150390625
2019-12-05,1.2599999904632568,1.25,1.2799999713897705,1.25,1.2599999904632568,5600,14096.069884225732,0,0.44999091327736096,14095.619893312454,11187.0,-76.89168871438405,61000,,54.11764359391645,1.282,1.211,1.4872,1.8177,2.0952,134.8800048828125,2.1769,MARA,37.30661713396919,317.0,263.9367980957031
2019-12-06,1.1399999856948853,1.2400000095367432,1.2599999904632568,1.100000023841858,1.1399999856948853,91600,12753.629830881959,0,0.44999091327736096,12753.179839968681,11187.0,-79.09241011330826,61000,,50.0,1.254,1.202,1.4743,1.8092,2.0934,134.8800048828125,1.3416,MARA,38.52681897022687,317.0,266.2848205566406
2019-12-09,1.0800000429153442,1.2000000476837158,1.2100000381469727,1.0499999523162842,1.0800000429153442,121700,12082.410471007233,0,0.44999091327736096,12081.960480093956,11187.0,-80.19276971966028,61000,,52.873568100791346,1.208,1.1895,1.4608,1.8006,2.0914,134.8800048828125,0.4686,MARA,38.10572722137952,317.0,265.4745178222656
2019-12-10,1.0299999713897705,1.0499999523162842,1.0499999523162842,0.9900000095367432,1.0299999713897705,180600,11523.05967085064,0,0.44999091327736096,11522.609679937363,11187.0,-81.10973824450714,61000,,52.27272542547562,1.154,1.179,1.4467,1.7907,2.0892,134.8800048828125,-0.3445,MARA,37.97653870879627,317.0,265.2259216308594
2019-12-11,1.100000023841858,0.9900000095367432,1.190000057220459,0.9900000095367432,1.100000023841858,322800,12306.150257632142,0,0.44999091327736096,12305.700266718864,11187.0,-79.8259831842096,61000,,55.78947487300131,1.122,1.171,1.4338,1.7817,2.0871,134.8800048828125,-0.4348,MARA,38.335415071581245,317.0,265.91650390625
2019-12-12,1.0399999618530273,1.090000033378601,1.090000033378601,1.0299999713897705,1.0399999618530273,148100,11634.929564163094,0,0.44999091327736096,11634.479573249817,11187.0,-80.92634497678182,61000,,51.99999809265137,1.078,1.1615,1.4208,1.7697,2.0855,134.8800048828125,-0.7613,MARA,39.550795730840974,317.0,268.2552490234375
2019-12-13,1.0499999523162842,1.0299999713897705,1.0499999523162842,0.8999999761581421,1.0499999523162842,189600,11746.799457475548,0,0.44999091327736096,11746.349466562271,11187.0,-80.74295170905647,61000,,47.82608244955406,1.06,1.1545,1.4082,1.7562,2.0835,134.8800048828125,-0.8393,MARA,39.60349563598635,317.0,268.3566589355469
2019-12-16,0.9900000095367432,1.0099999904632568,1.0299999713897705,0.9900000095367432,0.9900000095367432,58200,11075.580097600823,0,0.44999091327736096,11075.130106687546,11187.0,-81.84331131540849,61000,,19.40298560574425,1.042,1.147,1.3947,1.7357,2.0813,134.8800048828125,-1.1473,MARA,40.5892518815838,317.0,270.2535400390625
2019-12-17,0.9900000095367432,1.0,1.0299999713897705,0.949999988079071,0.9900000095367432,110600,11075.580097600823,0,0.44999091327736096,11075.130106687546,11187.0,-81.84331131540849,61000,,21.311474128360274,1.034,1.145,1.3822,1.7214,2.0787,134.8800048828125,-1.2495,MARA,40.61790933827887,317.0,270.3086853027344
2019-12-18,1.0199999809265137,0.949999988079071,1.0499999523162842,0.949999988079071,1.0199999809265137,152600,11411.189777538186,0,0.44999091327736096,11410.739786624908,11187.0,-81.29313151223249,61000,,28.571425530374952,1.018,1.1465,1.3713,1.7058,2.076,134.8800048828125,-1.0357,MARA,40.627472396600425,317.0,270.3270874023437
2019-12-19,0.9700000286102295,1.0399999618530273,1.0399999618530273,0.9599999785423279,0.9700000286102295,144100,10851.840310975915,0,0.44999091327736096,10851.390320062637,11187.0,-82.21009785085916,61000,,23.728814586693247,1.004,1.1455,1.3577,1.6918,2.0729,134.8800048828125,-1.0958,MARA,41.21127886912864,317.0,271.45050048828125
2019-12-20,0.9599999785423279,0.9700000286102295,0.9900000095367432,0.9599999785423279,0.9599999785423279,60900,10739.9697508663,0,0.44999091327736096,10739.519759953022,11187.0,-82.39349221169459,61000,,19.298248365865433,0.986,1.1435,1.3452,1.6765,2.0699,134.8800048828125,-1.0935,MARA,41.92903159469856,317.0,272.8316650390625
2019-12-23,0.949999988079071,0.9599999785423279,0.9900000095367432,0.9100000262260437,0.949999988079071,143000,10628.099857553845,0,0.44999091327736096,10627.649866640568,11187.0,-82.57688547941993,61000,,19.298248365865433,0.978,1.1365,1.3325,1.6613,2.0672,134.8800048828125,-1.0499,MARA,42.0680369117612,317.0,273.0991516113281
2019-12-24,0.9300000071525574,0.9300000071525574,0.949999988079071,0.9200000166893005,0.9300000071525574,42900,10404.360070928937,0,0.44999091327736096,10403.91008001566,11187.0,-82.9436720148706,61000,,20.00000216744158,0.966,1.113,1.3188,1.6461,2.0645,134.8800048828125,-1.0423,MARA,42.0680369117612,317.0,273.0991516113281
2019-12-26,0.9200000166893005,0.9300000071525574,0.949999988079071,0.8999999761581421,0.9200000166893005,67600,10292.490177616482,0,0.44999091327736096,10292.040186703205,11187.0,-83.12706528259592,61000,,19.642859613712943,0.946,1.092,1.3053,1.63,2.062,134.8800048828125,-0.996,MARA,42.79409982399864,317.0,274.4963073730469
2019-12-27,0.8999999761581421,0.9100000262260437,0.9300000071525574,0.8600000143051147,0.8999999761581421,135200,10068.749724194413,0,0.44999091327736096,10068.299733281136,11187.0,-83.4938529111567,61000,,23.91304460500264,0.932,1.074,1.2927,1.6147,2.0595,134.8800048828125,-0.9896,MARA,42.79409982399864,317.0,274.4963073730469
2019-12-30,0.8999999761581421,0.8899999856948853,0.9100000262260437,0.8600000143051147,0.8999999761581421,83800,10068.749724194413,0,0.44999091327736096,10068.299733281136,11187.0,-83.4938529111567,61000,,27.49999701976847,0.92,1.055,1.2802,1.6002,2.057,134.8800048828125,-0.8804,MARA,42.01030966086468,317.0,272.9880676269531
2019-12-31,0.8799999952316284,0.8600000143051147,0.9100000262260437,0.8600000143051147,0.8799999952316284,140100,9845.009937569504,0,0.44999091327736096,9844.559946656227,11187.0,-83.86063944660737,61000,,29.7297332128353,0.906,1.0335,1.2668,1.587,2.0545,134.8800048828125,-0.8387,MARA,42.375704128077786,317.0,273.6911926269531
2020-01-02,1.0499999523162842,0.8799999952316284,1.0800000429153442,0.8799999952316284,1.0499999523162842,447600,12741.82245770157,0,0.07303634346078525,12741.749421358109,12135.0,-79.44867345532005,62000,Buy all cash Monthly invest,44.680842429384334,0.93,1.021,1.2568,1.576,2.0526,134.8800048828125,0.4061,MARA,42.92504312749066,320.0,276.1154479980469
2020-01-03,0.9599999785423279,0.9900000095367432,1.0,0.9300000071525574,0.9599999785423279,128000,11649.67277595461,0,0.07303634346078525,11649.599739611149,12135.0,-81.2102052000732,62000,,41.99999880790668,0.938,1.006,1.2457,1.5645,2.0504,134.8800048828125,0.6557,MARA,41.88398024946645,320.0,274.098388671875
2020-01-06,0.9700000286102295,0.9599999785423279,1.059999942779541,0.9599999785423279,0.9700000286102295,192100,11771.023383528596,0,0.07303634346078525,11770.950347185135,12135.0,-81.01447841366355,62000,,42.00000572204726,0.952,0.9915,1.233,1.554,2.0476,134.8800048828125,0.9122,MARA,42.41403317285355,320.0,275.1253662109375
2020-01-07,1.090000033378601,0.9800000190734863,1.1200000047683716,0.9800000190734863,1.090000033378601,1039100,13227.223441392785,0,0.07303634346078525,13227.150405049324,12135.0,-78.66576864291486,62000,,58.92857446962505,0.99,0.989,1.2225,1.5448,2.0455,134.8800048828125,1.8694,MARA,42.02246311236968,320.0,274.36669921875
2020-01-08,0.949999988079071,1.1299999952316284,1.1299999952316284,0.9200000166893005,0.949999988079071,487700,11528.322891682988,0,0.07303634346078525,11528.249855339527,12135.0,-81.40593081986614,62000,,47.1428555615094,1.004,0.9825,1.2107,1.5337,2.0431,134.8800048828125,1.5376,MARA,42.75312087446645,320.0,275.7823486328125
2020-01-09,0.9300000071525574,0.8999999761581421,0.949999988079071,0.8999999761581421,0.9300000071525574,129500,11285.623123139745,0,0.07303634346078525,11285.550086796284,12135.0,-81.79738205945202,62000,,43.478262747468335,0.98,0.9775,1.1987,1.5233,2.0408,134.8800048828125,1.1771,MARA,43.73688158515194,320.0,277.6883850097656
2020-01-10,0.9300000071525574,0.9599999785423279,0.9900000095367432,0.9200000166893005,0.9300000071525574,186400,11285.623123139745,0,0.07303634346078525,11285.550086796284,12135.0,-81.79738205945202,62000,,46.87499854480859,0.974,0.969,1.1867,1.5136,2.0387,134.8800048828125,0.943,MARA,43.326158298861614,320.0,276.8926086425781
2020-01-13,0.9100000262260437,0.9300000071525574,0.9599999785423279,0.8999999761581421,0.9100000262260437,92500,11042.923354596502,0,0.07303634346078525,11042.85031825304,12135.0,-82.1888332990379,62000,,46.153849680748344,0.962,0.9625,1.1752,1.5032,2.0367,134.8800048828125,0.6671,MARA,44.27170706398258,320.0,278.724609375
2020-01-14,0.9900000095367432,0.949999988079071,1.0299999713897705,0.949999988079071,0.9900000095367432,346300,12013.72315207184,0,0.07303634346078525,12013.650115728378,12135.0,-80.62302717407768,62000,,52.777779387471185,0.942,0.9595,1.1645,1.4935,2.0351,134.8800048828125,1.0382,MARA,44.0806945891842,320.0,278.3545227050781
2020-01-15,0.9900000095367432,1.0499999523162842,1.0499999523162842,0.9700000286102295,0.9900000095367432,107100,12013.72315207184,0,0.07303634346078525,12013.650115728378,12135.0,-80.62302717407768,62000,,54.28571452899855,0.95,0.9595,1.154,1.4838,2.0336,134.8800048828125,1.2692,MARA,44.40069206902291,320.0,278.9745178222656
2020-01-16,1.0199999809265137,0.9900000095367432,1.0399999618530273,0.9399999976158142,1.0199999809265137,138100,12377.772804886705,0,0.07303634346078525,12377.699768543243,12135.0,-80.03585031469886,62000,,56.94444225986054,0.968,0.961,1.1438,1.4747,2.03,134.8800048828125,1.5932,MARA,45.60411633817614,320.0,281.30615234375
2020-01-17,1.0299999713897705,0.9900000095367432,1.0399999618530273,0.9900000095367432,1.0299999713897705,139900,12499.122689158326,0,0.07303634346078525,12499.049652814865,12135.0,-79.84012469490592,62000,,59.154930286903216,0.988,0.9615,1.139,1.4657,2.0275,134.8800048828125,1.8231,MARA,46.09602032003095,320.0,282.2592163085937
2020-01-21,0.9800000190734863,1.0199999809265137,1.0399999618530273,0.9700000286102295,0.9800000190734863,138100,11892.373267800218,0,0.07303634346078525,11892.300231456757,12135.0,-80.81875279387062,62000,,55.263161609708405,1.002,0.962,1.1345,1.4557,2.0249,134.8800048828125,1.5901,MARA,45.79512881297452,320.0,281.6762390136719
2020-01-22,0.9800000190734863,0.9700000286102295,1.0099999904632568,0.9700000286102295,0.9800000190734863,55000,11892.373267800218,0,0.07303634346078525,11892.300231456757,12135.0,-80.81875279387062,62000,,56.75675936908635,1.0,0.963,1.1298,1.4465,2.0225,134.8800048828125,1.3986,MARA,45.833325007530966,320.0,281.750244140625
2020-01-23,0.9399999976158142,0.9700000286102295,0.9700000286102295,0.9399999976158142,0.9399999976158142,78000,11406.973007411367,0,0.07303634346078525,11406.899971067905,12135.0,-81.60165643965908,62000,,40.98360960088238,0.99,0.9625,1.1198,1.4372,2.0177,134.8800048828125,0.9801,MARA,45.97656467486966,320.0,282.0277709960937
2020-01-24,0.9300000071525574,0.9399999976158142,0.949999988079071,0.9200000166893005,0.9300000071525574,91100,11285.623123139745,0,0.07303634346078525,11285.550086796284,12135.0,-81.79738205945202,62000,,47.16981386705509,0.972,0.9625,1.1093,1.4274,2.0132,134.8800048828125,0.631,MARA,44.648975209143885,320.0,279.45556640625
2020-01-27,0.949999988079071,0.9100000262260437,1.0,0.9100000262260437,0.949999988079071,102800,11528.322891682988,0,0.07303634346078525,11528.249855339527,12135.0,-81.40593081986614,62000,,48.14814406003734,0.956,0.964,1.1005,1.4178,2.0077,134.8800048828125,0.5395,MARA,42.35676250753097,320.0,275.014404296875
2020-01-28,1.0099999904632568,0.9700000286102295,1.1200000047683716,0.9700000286102295,1.0099999904632568,510700,12256.422920615083,0,0.07303634346078525,12256.349884271622,12135.0,-80.2315759344918,62000,,41.66666045784821,0.962,0.9695,1.0942,1.4092,2.0031,134.8800048828125,0.8775,MARA,43.89448617184548,320.0,277.9937438964844
2020-01-29,0.9900000095367432,1.0399999618530273,1.0399999618530273,0.9700000286102295,0.9900000095367432,85200,12013.72315207184,0,0.07303634346078525,12013.650115728378,12135.0,-80.62302717407768,62000,,55.55556107450667,0.964,0.974,1.0882,1.4007,1.9985,134.8800048828125,0.9404,MARA,43.75121500249064,320.0,277.7161560058594
2020-01-30,1.0700000524520874,0.9900000095367432,1.100000023841858,0.9599999785423279,1.0700000524520874,238100,12984.523672849542,0,0.07303634346078525,12984.45063650608,12135.0,-79.05721988250075,62000,,66.6666761277237,0.99,0.9835,1.083,1.3922,1.994,134.8800048828125,1.4748,MARA,44.20010298132127,320.0,278.5858764648437
2020-01-31,1.0399999618530273,1.100000023841858,1.100000023841858,0.9900000095367432,1.0399999618530273,163500,12620.472573429948,0,0.07303634346078525,12620.399537086487,12135.0,-79.64439907511299,62000,,62.222217512719304,1.012,0.983,1.0767,1.3836,1.9862,134.8800048828125,1.558,MARA,41.62131643898259,320.0,273.5894775390625
2020-02-03,1.0199999809265137,1.0399999618530273,1.059999942779541,1.0,1.0199999809265137,102900,13372.800304979688,0,0.6005550330934284,13372.199749946594,13110.0,-78.77333284923859,63000,Buy all cash Monthly invest,62.222217512719304,1.026,0.986,1.0697,1.3752,1.9786,134.8800048828125,1.4188,MARA,41.96232875787644,324.0,275.5787353515625
2020-02-04,1.0199999809265137,1.0499999523162842,1.0499999523162842,0.9900000095367432,1.0199999809265137,63300,13372.800304979688,0,0.6005550330934284,13372.199749946594,13110.0,-78.77333284923859,63000,,54.054050135560296,1.028,0.9885,1.0637,1.3666,1.9723,134.8800048828125,1.2725,MARA,44.14647356814432,324.0,279.82568359375
2020-02-05,1.149999976158142,1.0499999523162842,1.1699999570846558,1.0499999523162842,1.149999976158142,433700,15077.100242466337,0,0.6005550330934284,15076.499687433243,13110.0,-76.06809485322805,63000,,65.99999666213989,1.06,0.9915,1.0608,1.3597,1.9648,134.8800048828125,1.9432,MARA,45.77387835330056,324.0,282.9900817871094
2020-02-06,1.1100000143051147,1.1799999475479126,1.2000000476837158,1.0800000429153442,1.1100000143051147,259200,14552.700742573148,0,0.6005550330934284,14552.100187540054,13110.0,-76.90047501178864,63000,,58.823532849172196,1.068,0.9995,1.0572,1.3528,1.9579,134.8800048828125,2.0093,MARA,46.26878104582288,324.0,283.952392578125
2020-02-07,1.1399999856948853,1.100000023841858,1.2000000476837158,1.100000023841858,1.1399999856948853,96100,14946.00036749304,0,0.6005550330934284,14945.399812459946,13110.0,-76.27618989286819,63000,,60.377360400291316,1.088,1.01,1.0555,1.3465,1.9518,134.8800048828125,2.1255,MARA,45.52641915966216,324.0,282.5089111328125
2020-02-10,1.1100000143051147,1.2000000476837158,1.2200000286102295,1.0800000429153442,1.1100000143051147,199700,14552.700742573148,0,0.6005550330934284,14552.100187540054,13110.0,-76.90047501178864,63000,,62.74509781005519,1.106,1.019,1.053,1.3409,1.9458,134.8800048828125,1.8976,MARA,46.56855085609073,324.0,284.5352783203125
2020-02-11,1.1799999475479126,1.1100000143051147,1.2799999713897705,1.100000023841858,1.1799999475479126,415300,15470.399867386228,0,0.6005550330934284,15469.799312353134,13110.0,-75.44380973430758,63000,,67.24137541229976,1.138,1.0325,1.0522,1.3365,1.9402,134.8800048828125,2.0625,MARA,46.83501639738539,324.0,285.05340576171875
2020-02-12,1.2599999904632568,1.2200000286102295,1.350000023841858,1.2200000286102295,1.2599999904632568,449400,16519.20043000639,0,0.6005550330934284,16518.599874973297,13110.0,-73.77904693649779,63000,,75.80645331855138,1.16,1.046,1.0533,1.3332,1.9348,134.8800048828125,2.4999,MARA,47.77718820263093,324.0,286.8854064941406
2020-02-13,1.25,1.2699999809265137,1.340000033378601,1.2200000286102295,1.25,128800,16388.100555033092,0,0.6005550330934284,16387.5,13110.0,-73.98714197613795,63000,,75.80645331855138,1.188,1.059,1.0552,1.3288,1.9297,134.8800048828125,2.5456,MARA,47.63444441077822,324.0,286.6078491210937
2020-02-14,1.25,1.25,1.2999999523162842,1.2400000095367432,1.25,92800,16388.100555033092,0,0.6005550330934284,16387.5,13110.0,-73.98714197613795,63000,,75.00000248352701,1.21,1.0705,1.0588,1.3251,1.924,134.8800048828125,2.4022,MARA,47.88188790966217,324.0,287.0889892578125
2020-02-18,1.1100000143051147,1.1799999475479126,1.2200000286102295,1.059999942779541,1.1100000143051147,303000,14552.700742573148,0,0.6005550330934284,14552.100187540054,13110.0,-76.90047501178864,63000,,57.35294349672078,1.21,1.0745,1.0608,1.3208,1.9185,134.8800048828125,1.3711,MARA,47.47740269760858,324.0,286.302490234375
2020-02-19,1.0700000524520874,1.190000057220459,1.190000057220459,1.0099999904632568,1.0700000524520874,224400,14028.30124267996,0,0.6005550330934284,14027.700687646866,13110.0,-77.73285517034927,63000,,55.71428936355005,1.188,1.079,1.0622,1.3167,1.9123,134.8800048828125,0.398,MARA,48.18639753577823,324.0,287.6810913085937
2020-02-20,1.0399999618530273,1.0399999618530273,1.0499999523162842,1.0,1.0399999618530273,101500,13635.000054926282,0,0.6005550330934284,13634.399499893188,13110.0,-78.35714276995829,63000,,47.69230063850332,1.144,1.082,1.0628,1.3119,1.9061,134.8800048828125,-0.436,MARA,47.60591134716216,324.0,286.5523681640625
2020-02-21,1.0299999713897705,1.0099999904632568,1.0499999523162842,1.0,1.0299999713897705,86600,13503.900179952985,0,0.6005550330934284,13503.299624919891,13110.0,-78.56523780959843,63000,,49.20634980705121,1.1,1.0865,1.0618,1.3074,1.9001,134.8800048828125,-1.0267,MARA,46.07841936892556,324.0,283.5822448730469
2020-02-24,0.9800000190734863,1.0099999904632568,1.0399999618530273,0.9599999785423279,0.9800000190734863,150400,12848.4008050865,0,0.6005550330934284,12847.800250053406,13110.0,-79.60571300779921,63000,,46.96969915903245,1.046,1.089,1.0548,1.3017,1.8938,134.8800048828125,-1.6672,MARA,41.20100760832288,324.0,274.098388671875
2020-02-25,0.949999988079071,0.9800000190734863,1.0,0.949999988079071,0.949999988079071,48900,12455.100398749715,0,0.6005550330934284,12454.499843716621,13110.0,-80.22999936706394,63000,,44.92753585630337,1.014,1.089,1.0483,1.295,1.8876,134.8800048828125,-2.193,MARA,36.96596645318895,324.0,265.86358642578125
2020-02-26,0.9599999785423279,0.949999988079071,0.9900000095367432,0.949999988079071,0.9599999785423279,113700,12586.200273723012,0,0.6005550330934284,12585.599718689919,13110.0,-80.02190432742378,63000,,33.333329847680815,0.992,1.0865,1.0433,1.2879,1.8818,134.8800048828125,-2.3771,MARA,36.36162423778717,324.0,264.6884765625
2020-02-27,0.9300000071525574,0.9599999785423279,0.9599999785423279,0.800000011920929,0.9300000071525574,197500,12192.900648803121,0,0.6005550330934284,12192.300093770027,13110.0,-80.64618944634425,63000,,33.92856743718812,0.97,1.0835,1.0375,1.2805,1.8757,134.8800048828125,-2.5743,MARA,30.327885747273783,324.0,252.95620727539065
2020-02-28,0.8600000143051147,0.8500000238418579,0.8999999761581421,0.8299999833106995,0.8600000143051147,141600,11275.200742573148,0,0.6005550330934284,11274.600187540054,13110.0,-82.1028559641696,63000,,26.666665342118804,0.936,1.073,1.03,1.2724,1.8689,134.8800048828125,-3.0229,MARA,29.542732113066197,324.0,251.4295196533203
2020-03-02,0.8799999952316284,0.8700000047683716,0.9200000166893005,0.8600000143051147,0.8799999952316284,59800,12532.424092546707,0,0.34416045308694265,12532.07993209362,14241.0,-80.41808735539577,64000,Buy all cash Monthly invest,30.50847012432925,0.916,1.065,1.023,1.2647,1.8621,134.8800048828125,-3.0413,MARA,34.75478270840646,328.0,262.6529541015625
2020-03-03,0.8999999761581421,0.9100000262260437,0.9200000166893005,0.8500000238418579,0.8999999761581421,81200,12817.243820921189,0,0.34416045308694265,12816.899660468102,14241.0,-79.97305652981063,64000,,24.074074891696142,0.906,1.059,1.017,1.2569,1.8552,134.8800048828125,-2.7712,MARA,31.04182437253,328.0,255.4081573486328
2020-03-04,0.9100000262260437,0.8999999761581421,0.9100000262260437,0.8600000143051147,0.9100000262260437,27800,12959.654533938176,0,0.34416045308694265,12959.310373485088,14241.0,-79.7505397907216,64000,,12.765958795940435,0.896,1.0535,1.0112,1.2492,1.8488,134.8800048828125,-2.3867,MARA,36.46659339261058,328.0,265.9930725097656
2020-03-05,0.9100000262260437,0.949999988079071,0.949999988079071,0.8899999856948853,0.9100000262260437,59000,12959.654533938176,0,0.34416045308694265,12959.310373485088,14241.0,-79.7505397907216,64000,,13.043479387611484,0.892,1.0415,1.0073,1.2408,1.8431,134.8800048828125,-2.0082,MARA,31.900107033967995,328.0,257.0828552246094
2020-03-06,0.8899999856948853,0.9200000166893005,0.9300000071525574,0.8700000047683716,0.8899999856948853,82000,12674.833956733948,0,0.34416045308694265,12674.48979628086,14241.0,-80.19557194260321,64000,,12.5,0.898,1.0305,1.0042,1.2325,1.8385,134.8800048828125,-1.7818,MARA,29.69038871121408,328.0,252.77120971679688
2020-03-09,0.7200000286102295,0.7799999713897705,0.7799999713897705,0.6299999952316284,0.7200000286102295,161500,10253.864567891365,0,0.34416045308694265,10253.520407438278,14241.0,-83.97833661266974,64000,,11.764706569834445,0.866,1.0095,0.999,1.2228,1.8331,134.8800048828125,-2.6938,MARA,19.69436305356027,328.0,233.2667694091797
2020-03-10,0.7400000095367432,0.7300000190734863,0.75,0.7200000286102295,0.7400000095367432,52700,10538.684296265847,0,0.34416045308694265,10538.34013581276,14241.0,-83.53330578708461,64000,,16.326526888506237,0.834,0.991,0.993,1.2134,1.8277,134.8800048828125,-3.0025,MARA,25.829692490816143,328.0,245.23814392089844
2020-03-11,0.7200000286102295,0.7400000095367432,0.7799999713897705,0.699999988079071,0.7200000286102295,60600,10253.864567891365,0,0.34416045308694265,10253.520407438278,14241.0,-83.97833661266974,64000,,16.666666666666657,0.796,0.968,0.9877,1.2042,1.8219,134.8800048828125,-3.1831,MARA,19.5981129009724,328.0,233.07896423339844
2020-03-12,0.5400000214576721,0.6899999976158142,0.6899999976158142,0.5199999809265137,0.5400000214576721,162500,7690.484466031796,0,0.34416045308694265,7690.140305578709,14241.0,-87.98361802182532,64000,,12.307691320159591,0.722,0.932,0.9792,1.1937,1.8155,134.8800048828125,-4.4941,MARA,8.0449274380207,328.0,210.53616333007807
2020-03-13,0.6000000238418579,0.6200000047683716,0.6200000047683716,0.5299999713897705,0.6000000238418579,89000,8544.944499984986,0,0.34416045308694265,8544.600339531898,14241.0,-86.64852421877346,64000,,21.21212011745368,0.664,0.8995,0.9727,1.1837,1.8085,134.8800048828125,-4.6749,MARA,18.12598136258128,328.0,230.20651245117188
2020-03-16,0.49000000953674316,0.3499999940395355,0.550000011920929,0.3499999940395355,0.49000000953674316,136000,6978.434296265847,0,0.34416045308694265,6978.090135812759,14241.0,-89.09619641208462,64000,,18.918918265836567,0.618,0.8615,0.9643,1.1732,1.7992,134.8800048828125,-5.473,MARA,4.276430543184295,328.0,203.18299865722656
2020-03-17,0.47999998927116394,0.5099999904632568,0.5199999809265137,0.47999998927116394,0.47999998927116394,73700,6836.024007663733,0,0.34416045308694265,6835.679847210646,14241.0,-89.31871248802543,64000,,17.56756740429698,0.566,0.83,0.9553,1.1633,1.7885,134.8800048828125,-5.8401,MARA,11.094003709077873,328.0,216.485580444336
2020-03-18,0.4000000059604645,0.49000000953674316,0.5199999809265137,0.3799999952316284,0.4000000059604645,49200,5696.744245336062,0,0.34416045308694265,5696.400084882975,14241.0,-91.0988371166624,64000,,16.455695772759327,0.502,0.7965,0.9458,1.1517,1.7793,134.8800048828125,-6.5518,MARA,5.02917273831367,328.0,204.6517639160156
2020-03-19,0.47999998927116394,0.4000000059604645,0.47999998927116394,0.4000000059604645,0.47999998927116394,85800,6836.024007663733,0,0.34416045308694265,6835.679847210646,14241.0,-89.31871248802543,64000,,26.249997904524164,0.49,0.7685,0.9378,1.1415,1.7705,134.8800048828125,-5.9578,MARA,5.119682915925994,328.0,204.828369140625
2020-03-20,0.5199999809265137,0.46000000834465027,0.5899999737739563,0.4399999976158142,0.5199999809265137,115900,7405.663888827568,0,0.34416045308694265,7405.319728374481,14241.0,-88.42865017370693,64000,,28.04877942406938,0.474,0.743,0.9307,1.1316,1.7611,134.8800048828125,-4.8469,MARA,0.5460802395343967,328.0,195.90426635742188
2020-03-23,0.44999998807907104,0.5299999713897705,0.5600000023841858,0.44999998807907104,0.44999998807907104,97300,6408.793990687138,0,0.34416045308694265,6408.449830234051,14241.0,-89.98625938955135,64000,,24.13793186134069,0.466,0.7165,0.9227,1.1207,1.7517,134.8800048828125,-4.5395,MARA,-2.536380163907992,328.0,189.88970947265625
2020-03-24,0.5199999809265137,0.47999998927116394,0.5400000214576721,0.44999998807907104,0.5199999809265137,136400,7405.663888827568,0,0.34416045308694265,7405.319728374481,14241.0,-88.42865017370693,64000,,29.03225444647471,0.474,0.695,0.916,1.1107,1.7378,134.8800048828125,-3.3198,MARA,6.744283517122285,328.0,207.99832153320312
2020-03-25,0.5,0.5299999713897705,0.5299999713897705,0.49000000953674316,0.5,88400,7120.844160453087,0,0.34416045308694265,7120.5,14241.0,-88.87368099929205,64000,,28.421049626580015,0.494,0.672,0.9093,1.101,1.7266,134.8800048828125,-2.4819,MARA,8.111601861238494,328.0,210.666259765625
2020-03-26,0.5199999809265137,0.5099999904632568,0.5400000214576721,0.5,0.5199999809265137,89600,7405.663888827568,0,0.34416045308694265,7405.319728374481,14241.0,-88.42865017370693,64000,,30.526312850518494,0.502,0.6515,0.903,1.0916,1.715,134.8800048828125,-1.4929,MARA,14.600471528291711,328.0,223.3274688720703
2020-03-27,0.5,0.5099999904632568,0.5400000214576721,0.49000000953674316,0.5,125400,7120.844160453087,0,0.34416045308694265,7120.5,14241.0,-88.87368099929205,64000,,36.24999636784147,0.498,0.6335,0.8967,1.0817,1.7045,134.8800048828125,-0.8819,MARA,11.084470971345928,328.0,216.46697998046875
2020-03-30,0.49000000953674316,0.5299999713897705,0.5299999713897705,0.46000000834465027,0.49000000953674316,85100,6978.434296265847,0,0.34416045308694265,6978.090135812759,14241.0,-89.09619641208462,64000,,34.17721323202153,0.506,0.614,0.8873,1.0721,1.6934,134.8800048828125,-0.4352,MARA,14.671924050569585,328.0,223.4668884277344
2020-03-31,0.44999998807907104,0.5,0.5,0.4000000059604645,0.44999998807907104,99200,6408.793990687138,0,0.34416045308694265,6408.449830234051,14241.0,-89.98625938955135,64000,,33.33332965403402,0.492,0.5915,0.8788,1.0622,1.6828,134.8800048828125,-0.4638,MARA,12.971100648164802,328.0,220.1482086181641
2020-04-01,0.4000000059604645,0.46000000834465027,0.47999998927116394,0.38999998569488525,0.4000000059604645,85200,6691.768245261914,0,0.16814554930328995,6691.60009971261,16729.0,-89.70497193036628,65000,Buy all cash Monthly invest,39.705879968239486,0.472,0.566,0.8693,1.0512,1.6707,134.8800048828125,-0.9431,MARA,7.758253304232099,333.0,210.22935485839844
2020-04-02,0.44999998807907104,0.4099999964237213,0.46000000834465027,0.4099999964237213,0.44999998807907104,208100,7528.217946124083,0,0.16814554930328995,7528.0498005747795,16729.0,-88.41812623673218,65000,,38.805965767534914,0.458,0.543,0.8587,1.0406,1.659,134.8800048828125,-0.4974,MARA,10.27757891270562,333.0,215.1469573974609
2020-04-03,0.46000000834465027,0.46000000834465027,0.4699999988079071,0.4399999976158142,0.46000000834465027,39700,7695.508285146958,0,0.16814554930328995,7695.340139597654,16729.0,-88.1607564843893,65000,,47.36842050226543,0.45,0.5215,0.8505,1.0306,1.6466,134.8800048828125,0.0651,MARA,8.648842880366402,333.0,211.96774291992188
2020-04-06,0.5,0.5,0.5199999809265137,0.44999998807907104,0.5,914900,8364.668145549304,0,0.16814554930328995,8364.5,16729.0,-87.131279776078,65000,,51.666667908430355,0.452,0.5105,0.8433,1.021,1.6358,134.8800048828125,1.0585,MARA,16.035341716003447,333.0,226.3858337402344
2020-04-07,0.5,0.5099999904632568,0.5699999928474426,0.4699999988079071,0.5,1044100,8364.668145549304,0,0.16814554930328995,8364.5,16729.0,-87.131279776078,65000,,59.61538604818888,0.462,0.4985,0.8362,1.0114,1.6255,134.8800048828125,1.7868,MARA,16.097269534888635,333.0,226.5067138671875
2020-04-08,0.47999998927116394,0.4699999988079071,0.5,0.4300000071525574,0.47999998927116394,227100,8030.087966066605,0,0.16814554930328995,8029.919820517302,16729.0,-87.64601851374368,65000,,50.0,0.478,0.4865,0.829,1.0021,1.616,134.8800048828125,2.0567,MARA,20.035775629014264,333.0,234.19448852539065
2020-04-09,0.46000000834465027,0.47999998927116394,0.49000000953674316,0.4399999976158142,0.46000000834465027,154300,7695.508285146958,0,0.16814554930328995,7695.340139597654,16729.0,-88.1607564843893,65000,,43.181819875132305,0.48,0.4825,0.8202,0.9923,1.606,134.8800048828125,2.0116,MARA,21.816923512502814,333.0,237.67120361328125
2020-04-13,0.4399999976158142,0.46000000834465027,0.46000000834465027,0.4300000071525574,0.4399999976158142,128200,7360.928105664259,0,0.16814554930328995,7360.759960114956,16729.0,-88.67549522205499,65000,,48.71794969764392,0.476,0.4745,0.811,0.9825,1.5956,134.8800048828125,1.7562,MARA,20.635831335331844,333.0,235.3657684326172
2020-04-14,0.44999998807907104,0.44999998807907104,0.4699999988079071,0.4000000059604645,0.44999998807907104,157800,7528.217946124083,0,0.16814554930328995,7528.0498005747795,16729.0,-88.41812623673218,65000,,39.39393802560472,0.466,0.4725,0.8015,0.9727,1.5857,134.8800048828125,1.7596,MARA,24.317206433927097,333.0,242.5516357421875
2020-04-15,0.44999998807907104,0.44999998807907104,0.46000000834465027,0.4099999964237213,0.44999998807907104,173500,7528.217946124083,0,0.16814554930328995,7528.0498005747795,16729.0,-88.41812623673218,65000,,41.935480459671105,0.456,0.471,0.7918,0.9654,1.5753,134.8800048828125,1.7989,MARA,21.612136454772934,333.0,237.2714691162109
2020-04-16,0.4300000071525574,0.44999998807907104,0.49000000953674316,0.41999998688697815,0.4300000071525574,835600,7193.638265204436,0,0.16814554930328995,7193.470119655132,16729.0,-88.93286420737779,65000,,35.483872518331324,0.446,0.4725,0.7827,0.9586,1.5649,134.8800048828125,1.5901,MARA,22.22648981076756,333.0,238.4706573486328
2020-04-17,0.4300000071525574,0.46000000834465027,0.46000000834465027,0.41999998688697815,0.4300000071525574,219900,7193.638265204436,0,0.16814554930328995,7193.470119655132,16729.0,-88.93286420737779,65000,,37.93103412839089,0.44,0.47,0.7735,0.9517,1.5544,134.8800048828125,1.4927,MARA,25.598257083716742,333.0,245.0521850585937
2020-04-20,0.4300000071525574,0.41999998688697815,0.4399999976158142,0.41999998688697815,0.4300000071525574,175500,7193.638265204436,0,0.16814554930328995,7193.470119655132,16729.0,-88.93286420737779,65000,,39.285712765187476,0.438,0.4655,0.765,0.9424,1.5443,134.8800048828125,1.47,MARA,23.33614845991867,333.0,240.6366577148437
2020-04-21,0.41999998688697815,0.4300000071525574,0.44999998807907104,0.3799999952316284,0.41999998688697815,342700,7026.347926181561,0,0.16814554930328995,7026.1797806322575,16729.0,-89.19023395972067,65000,,43.99999904632557,0.432,0.464,0.7565,0.9329,1.534,134.8800048828125,1.3562,MARA,19.569057818016656,333.0,233.28347778320312
2020-04-22,0.41999998688697815,0.4300000071525574,0.4300000071525574,0.4000000059604645,0.41999998688697815,109800,7026.347926181561,0,0.16814554930328995,7026.1797806322575,16729.0,-89.19023395972067,65000,,54.99999552965138,0.426,0.459,0.7477,0.9241,1.5239,134.8800048828125,1.3243,MARA,22.19793359738864,333.0,238.4149169921875
2020-04-23,0.5,0.4300000071525574,0.5,0.4000000059604645,0.5,3280300,8364.668145549304,0,0.16814554930328995,8364.5,16729.0,-87.131279776078,65000,,60.869566907503966,0.44,0.459,0.7392,0.9167,1.5138,134.8800048828125,2.4643,MARA,22.17412242138204,333.0,238.36843872070312
2020-04-24,0.4699999988079071,0.47999998927116394,0.47999998927116394,0.4300000071525574,0.4699999988079071,661200,7862.7981256067815,0,0.16814554930328995,7862.629980057478,16729.0,-87.90338749906648,65000,,51.99999809265137,0.448,0.4565,0.7305,0.9093,1.5017,134.8800048828125,2.7561,MARA,23.94574114415096,333.0,241.82655334472656
2020-04-27,0.46000000834465027,0.5099999904632568,0.5099999904632568,0.44999998807907104,0.46000000834465027,581400,7695.508285146958,0,0.16814554930328995,7695.340139597654,16729.0,-88.1607564843893,65000,,40.90909275634231,0.454,0.4545,0.7203,0.9017,1.4903,134.8800048828125,2.7688,MARA,25.73639473677416,333.0,245.3218231201172
2020-04-28,0.4399999976158142,0.46000000834465027,0.4699999988079071,0.4300000071525574,0.4399999976158142,313900,7360.928105664259,0,0.16814554930328995,7360.759960114956,16729.0,-88.67549522205499,65000,,37.5,0.458,0.452,0.7103,0.8935,1.4787,134.8800048828125,2.4591,MARA,25.155366083115812,333.0,244.18768310546875
2020-04-29,0.47999998927116394,0.47999998927116394,0.550000011920929,0.46000000834465027,0.47999998927116394,3810800,8030.087966066605,0,0.16814554930328995,8029.919820517302,16729.0,-87.64601851374368,65000,,50.0,0.47,0.4535,0.7013,0.8855,1.467,134.8800048828125,2.7853,MARA,28.379544714238094,333.0,250.4811248779297
2020-04-30,0.44999998807907104,0.5,0.5,0.4300000071525574,0.44999998807907104,1285000,7528.217946124083,0,0.16814554930328995,7528.0498005747795,16729.0,-88.41812623673218,65000,,48.14814446884923,0.46,0.456,0.6918,0.8777,1.4566,134.8800048828125,2.5243,MARA,27.26038035595235,333.0,248.29656982421875
2020-05-01,0.4399999976158142,0.44999998807907104,0.44999998807907104,0.4099999964237213,0.4399999976158142,483800,8355.953905691213,0,0.3539509669006975,8355.599954724312,18990.0,-87.33946377925574,66000,Buy all cash Monthly invest,50.0,0.454,0.4555,0.68,0.8704,1.4455,134.8800048828125,2.1743,MARA,23.425497543219407,337.0,241.529037475586
2020-05-04,0.4300000071525574,0.46000000834465027,0.46000000834465027,0.4099999964237213,0.4300000071525574,558000,8166.054086793965,0,0.3539509669006975,8165.7001358270645,18990.0,-87.6271907775849,66000,,46.15384968074834,0.448,0.454,0.6687,0.8629,1.4347,134.8800048828125,1.779,MARA,23.81472402896305,337.0,242.29132080078125
2020-05-05,0.44999998807907104,0.4399999976158142,0.5,0.4300000071525574,0.44999998807907104,6301500,8545.85372458846,0,0.3539509669006975,8545.49977362156,18990.0,-87.05173678092657,66000,,50.0,0.45,0.4515,0.6572,0.8563,1.4242,134.8800048828125,1.7921,MARA,24.953895374991685,337.0,244.5223388671875
2020-05-06,0.5199999809265137,0.5099999904632568,0.6200000047683716,0.4699999988079071,0.5199999809265137,8662800,9875.153588761395,0,0.3539509669006975,9874.799637794495,18990.0,-85.03764607763425,66000,,63.636360352361,0.458,0.4525,0.6473,0.8502,1.4145,134.8800048828125,2.7536,MARA,24.113743651765752,337.0,242.8769378662109
2020-05-07,0.6700000166893005,0.550000011920929,0.699999988079071,0.5299999713897705,0.6700000166893005,9859100,12723.654267896718,0,0.3539509669006975,12723.300316929817,18990.0,-80.72173595773225,66000,,75.0,0.502,0.462,0.6388,0.8455,1.4048,134.8800048828125,5.2542,MARA,25.58042714933917,337.0,245.74937438964844
2020-05-08,0.8999999761581421,0.7300000190734863,1.1200000047683716,0.6800000071525574,0.8999999761581421,32496400,17091.353498210017,0,0.3539509669006975,17090.99954724312,18990.0,-74.10400985119693,66000,,83.09859036689849,0.594,0.484,0.6328,0.8431,1.3962,134.8800048828125,9.2116,MARA,27.678480775197368,337.0,249.8583221435547
2020-05-11,0.7599999904632568,0.800000011920929,0.8299999833106995,0.699999988079071,0.7599999904632568,9327000,14432.753769864148,0,0.3539509669006975,14432.399818897247,18990.0,-78.13219125778159,66000,,70.23809680085884,0.66,0.5,0.6247,0.8399,1.3876,134.8800048828125,9.3141,MARA,27.69746021189834,337.0,249.8954925537109
2020-05-12,0.6200000047683716,0.7099999785423279,0.75,0.6100000143051147,0.6200000047683716,4665000,11774.154041518277,0,0.3539509669006975,11773.800090551376,18990.0,-82.16037266436625,66000,,60.204083277304456,0.694,0.5085,0.6142,0.8365,1.378,134.8800048828125,7.3072,MARA,25.129540868007783,337.0,244.8663330078125
2020-05-13,0.7400000095367432,0.6600000262260437,0.7400000095367432,0.6200000047683716,0.7400000095367432,7863000,14052.954132069653,0,0.3539509669006975,14052.600181102753,18990.0,-78.70764525443991,66000,,61.76470725731602,0.738,0.523,0.608,0.8344,1.3697,134.8800048828125,6.9207,MARA,22.91285797153824,337.0,240.52505493164065
2020-05-14,0.8600000143051147,0.8500000238418579,1.0499999523162842,0.7599999904632568,0.8600000143051147,20875600,16331.75422262103,0,0.3539509669006975,16331.400271654129,18990.0,-75.25491784451359,66000,,67.5675694542499,0.776,0.5445,0.6045,0.8333,1.363,134.8800048828125,7.4207,MARA,24.393815002788237,337.0,243.42544555664065
2020-05-15,0.800000011920929,0.7799999713897705,0.8399999737739563,0.7200000286102295,0.800000011920929,3576400,15192.354177345342,0,0.3539509669006975,15192.00022637844,18990.0,-76.98128154947675,66000,,64.6551733661563,0.756,0.563,0.6005,0.8317,1.3573,134.8800048828125,6.6031,MARA,24.953895374991685,337.0,244.5223388671875
2020-05-18,0.8100000023841858,0.8600000143051147,0.8700000047683716,0.7799999713897705,0.8100000023841858,2694300,15382.253996242589,0,0.3539509669006975,15381.900045275688,18990.0,-76.69355455114759,66000,,66.08695789636431,0.766,0.582,0.5968,0.8293,1.3515,134.8800048828125,5.7258,MARA,28.77018015578301,337.0,251.99636840820312
2020-05-19,0.8100000023841858,0.8199999928474426,0.8600000143051147,0.7900000214576721,0.8100000023841858,2770600,15382.253996242589,0,0.3539509669006975,15381.900045275688,18990.0,-76.69355455114759,66000,,64.86486646128839,0.804,0.6015,0.594,0.8244,1.3465,134.8800048828125,4.7626,MARA,27.555052106799515,337.0,249.61659240722656
2020-05-20,0.8299999833106995,0.8500000238418579,0.9399999976158142,0.8100000023841858,0.8299999833106995,6305200,15762.053634037084,0,0.3539509669006975,15761.699683070183,18990.0,-76.11810055448926,66000,,67.27272855348835,0.822,0.622,0.592,0.8202,1.341,134.8800048828125,3.9716,MARA,29.63409513103603,337.0,253.6883087158203
2020-05-21,0.7099999785423279,0.800000011920929,0.8100000023841858,0.699999988079071,0.7099999785423279,3494300,13483.253543485707,0,0.3539509669006975,13482.899592518806,18990.0,-79.57082796441559,66000,,61.15702475267765,0.792,0.6325,0.5878,0.8156,1.3352,134.8800048828125,2.1145,MARA,28.703705379948484,337.0,251.86618041992188
2020-05-22,0.7300000190734863,0.7099999785423279,0.7400000095367432,0.699999988079071,0.7300000190734863,1786900,13863.054313172406,0,0.3539509669006975,13862.700362205505,18990.0,-78.99537225276909,66000,,62.295082768135536,0.778,0.6455,0.5845,0.811,1.3296,134.8800048828125,0.9285,MARA,28.99327424055158,337.0,252.43328857421875
2020-05-26,0.7200000286102295,0.7099999785423279,0.7200000286102295,0.6600000262260437,0.7200000286102295,1907200,13673.154494275159,0,0.3539509669006975,13672.800543308258,18990.0,-79.28309925109825,66000,,61.157026666084086,0.76,0.6585,0.5822,0.8061,1.324,134.8800048828125,-0.042,MARA,30.649814434976296,337.0,255.67755126953125
2020-05-27,0.7200000286102295,0.7300000190734863,0.75,0.699999988079071,0.7200000286102295,1979800,13673.154494275159,0,0.3539509669006975,13672.800543308258,18990.0,-79.28309925109825,66000,,58.77193202602569,0.742,0.6725,0.5795,0.8012,1.3179,134.8800048828125,-0.7379,MARA,32.55321196619671,337.0,259.4052734375
2020-05-28,0.7300000190734863,0.75,0.7599999904632568,0.7099999785423279,0.7300000190734863,2828700,13863.054313172406,0,0.3539509669006975,13862.700362205505,18990.0,-78.99537225276909,66000,,53.00000029802324,0.722,0.685,0.5767,0.7968,1.3113,134.8800048828125,-1.1359,MARA,32.29215900802613,337.0,258.8940124511719
2020-05-29,0.699999988079071,0.7699999809265137,0.7799999713897705,0.6800000071525574,0.699999988079071,1876000,13293.35372458846,0,0.3539509669006975,13292.99977362156,18990.0,-79.85855496274475,66000,,37.50000093132256,0.72,0.6975,0.5732,0.7922,1.305,134.8800048828125,-1.6769,MARA,32.88546118568654,337.0,260.05596923828125
2020-06-01,0.7300000190734863,0.7200000286102295,0.75,0.7099999785423279,0.7300000190734863,4256700,14858.07936304242,0,0.3889748397531321,14857.690388202667,20353.0,-77.8237621447128,67000,Buy all cash Monthly invest,47.826089210005286,0.72,0.712,0.5702,0.7887,1.299,134.8800048828125,-1.7441,MARA,32.95731521048477,341.0,261.1901550292969
2020-06-02,0.8199999928474426,0.8799999952316284,0.9800000190734863,0.7900000214576721,0.8199999928474426,14269500,16689.848829263752,0,0.3889748397531321,16689.459854424,20353.0,-75.08977786677052,67000,,65.62499796273201,0.74,0.7315,0.569,0.7866,1.2936,134.8800048828125,-0.9887,MARA,34.05018348022006,341.0,263.3374328613281
2020-06-03,0.9200000166893005,0.9599999785423279,0.9700000286102295,0.8399999737739563,0.9200000166893005,12774800,18725.149314517086,0,0.3889748397531321,18724.760339677334,20353.0,-72.05201594848197,67000,,64.51612810190471,0.78,0.755,0.5723,0.7857,1.2882,134.8800048828125,0.2796,MARA,35.81969131822731,341.0,266.8141784667969
2020-06-04,1.090000033378601,0.9100000262260437,1.1799999475479126,0.8600000143051147,1.090000033378601,11848200,22185.15965419442,0,0.3889748397531321,22184.770679354668,20353.0,-66.88782141165012,67000,,67.16417857336032,0.852,0.7835,0.5782,0.7856,1.2837,134.8800048828125,2.2695,MARA,35.4743044373242,341.0,266.13555908203125
2020-06-05,1.0,1.0499999523162842,1.059999942779541,0.9200000166893005,1.0,3812100,20353.388974839752,0,0.3889748397531321,20353.0,20353.0,-69.62180750023917,67000,,64.28571124466146,0.912,0.8,0.5828,0.7852,1.2775,134.8800048828125,2.484,MARA,38.93760121940502,341.0,272.9402770996094
2020-06-08,0.9100000262260437,0.9900000095367432,0.9900000095367432,0.8999999761581421,0.9100000262260437,3241100,18521.61950861842,0,0.3889748397531321,18521.230533778667,20353.0,-72.35579177818146,67000,,56.41025719401233,0.948,0.8005,0.589,0.7841,1.2702,134.8800048828125,1.6784,MARA,40.621915594186376,341.0,276.2496337890625
2020-06-09,0.8999999761581421,0.949999988079071,0.949999988079071,0.8799999952316284,0.8999999761581421,2493500,18318.08848958642,0,0.3889748397531321,18317.699514746666,20353.0,-72.65956941852774,67000,,55.6961998575072,0.964,0.8075,0.594,0.7833,1.2595,134.8800048828125,0.9083,MARA,39.62363769656512,341.0,274.2882080078125
2020-06-10,1.25,1.0399999618530273,1.399999976158142,0.9700000286102295,1.25,35201000,25441.638974839752,0,0.3889748397531321,25441.25,20353.0,-62.027404515164555,67000,,68.74999767169395,1.03,0.839,0.6067,0.7855,1.2535,134.8800048828125,2.7626,MARA,38.753080099419,341.0,272.5777282714844
2020-06-11,0.9300000071525574,1.0,1.090000033378601,0.8999999761581421,0.9300000071525574,7838800,18928.679120415753,0,0.3889748397531321,18928.290145576,20353.0,-71.74824011878246,67000,,58.33333333333333,0.998,0.8485,0.6142,0.7848,1.2453,134.8800048828125,1.3524,MARA,30.757258092510178,341.0,256.8674621582031
2020-06-12,0.9300000071525574,1.0099999904632568,1.0199999809265137,0.9100000262260437,0.9300000071525574,2969600,18928.679120415753,0,0.3889748397531321,18928.290145576,20353.0,-71.74824011878246,67000,,57.692306457892094,0.984,0.852,0.623,0.7844,1.2381,134.8800048828125,0.294,MARA,32.33278577332,341.0,259.96307373046875
2020-06-15,0.949999988079071,0.949999988079071,1.0199999809265137,0.9100000262260437,0.949999988079071,5714600,19335.738732213085,0,0.3889748397531321,19335.349757373333,20353.0,-71.14068845938345,67000,,58.778623592380704,0.992,0.8595,0.6308,0.7843,1.2304,134.8800048828125,-0.3518,MARA,33.53927121415781,341.0,262.3335876464844
2020-06-16,0.9399999976158142,1.0,1.0099999904632568,0.9100000262260437,0.9399999976158142,2845200,19132.20892631442,0,0.3889748397531321,19131.819951474667,20353.0,-71.44446428908296,67000,,58.33333145187375,1.0,0.866,0.6378,0.7843,1.2228,134.8800048828125,-0.9126,MARA,36.15089740935371,341.0,267.4649353027344
2020-06-17,0.8799999952316284,0.9300000071525574,0.9399999976158142,0.8700000047683716,0.8799999952316284,2763700,17911.028877789086,0,0.3889748397531321,17910.639902949333,20353.0,-73.26712107792675,67000,,55.47445118919522,0.926,0.8695,0.645,0.7838,1.215,134.8800048828125,-1.7311,MARA,35.52638350426975,341.0,266.2378845214844
2020-06-18,0.8600000143051147,0.8799999952316284,0.9100000262260437,0.8399999737739563,0.8600000143051147,1584100,17503.969265991753,0,0.3889748397531321,17503.580291152,20353.0,-73.87467273732574,67000,,55.88235358569033,0.912,0.871,0.6507,0.7833,1.2067,134.8800048828125,-2.3882,MARA,35.6493665200988,341.0,266.4795227050781
2020-06-19,0.8399999737739563,0.8799999952316284,0.9200000166893005,0.8399999737739563,0.8399999737739563,1938200,17096.908441061085,0,0.3889748397531321,17096.519466221333,20353.0,-74.48222620737151,67000,,54.074072144486244,0.894,0.8775,0.6563,0.7828,1.1988,134.8800048828125,-2.9072,MARA,34.84979053224024,341.0,264.90850830078125
2020-06-22,1.090000033378601,0.8700000047683716,1.1799999475479126,0.8600000143051147,1.090000033378601,12568600,22185.15965419442,0,0.3889748397531321,22184.770679354668,20353.0,-66.88782141165012,67000,,58.94039769082948,0.922,0.8955,0.6658,0.7844,1.1923,134.8800048828125,-1.4131,MARA,35.743987956374454,341.0,266.6654357910156
2020-06-23,1.100000023841858,1.1699999570846558,1.190000057220459,0.9900000095367432,1.100000023841858,8711900,22388.689460093086,0,0.3889748397531321,22388.300485253334,20353.0,-66.58404558195062,67000,,56.338027814294946,0.954,0.9145,0.6758,0.7863,1.1866,134.8800048828125,-0.462,MARA,36.359042824247,341.0,267.8739013671875
2020-06-24,0.9800000190734863,1.0,1.0399999618530273,0.9399999976158142,0.9800000190734863,3596800,19946.32936304242,0,0.3889748397531321,19945.940388202667,20353.0,-70.22935915963816,67000,,45.98540130106922,0.974,0.9275,0.684,0.7857,1.1808,134.8800048828125,-0.7487,MARA,32.87213727933971,341.0,261.0227966308594
2020-06-25,1.0099999904632568,0.9599999785423279,1.059999942779541,0.9599999785423279,1.0099999904632568,2169300,20556.91878073842,0,0.3889748397531321,20556.529805898666,20353.0,-69.31803167053967,67000,,50.381679007254206,1.004,0.9415,0.6933,0.7861,1.1753,134.8800048828125,-0.772,MARA,34.27734016202104,341.0,263.78375244140625
2020-06-26,0.9200000166893005,0.9800000190734863,0.9800000190734863,0.8999999761581421,0.9200000166893005,2501100,18725.149314517086,0,0.3889748397531321,18724.760339677334,20353.0,-72.05201594848197,67000,,50.381679007254206,1.02,0.9525,0.702,0.7857,1.1698,134.8800048828125,-1.4228,MARA,31.1310065529667,341.0,257.601806640625
2020-06-29,0.8899999856948853,0.8999999761581421,0.9200000166893005,0.8500000238418579,0.8899999856948853,1539900,18114.558683687752,0,0.3889748397531321,18114.169708848,20353.0,-72.96334524822723,67000,,49.62406052103062,0.98,0.9605,0.7093,0.784,1.1644,134.8800048828125,-2.0306,MARA,33.04429486300342,341.0,261.3610534667969
2020-06-30,0.9100000262260437,0.8700000047683716,0.9700000286102295,0.8600000143051147,0.9100000262260437,1905700,18521.61950861842,0,0.3889748397531321,18521.230533778667,20353.0,-72.35579177818146,67000,,33.000002324581004,0.942,0.965,0.7168,0.7837,1.1587,134.8800048828125,-2.2395,MARA,34.81822934404062,341.0,264.84649658203125
2020-07-01,0.9300000071525574,0.8999999761581421,0.9599999785423279,0.8899999856948853,0.9300000071525574,2344500,19923.703620377488,0,0.3134671482506519,19923.390153229237,21423.0,-70.70043585238605,68000,Buy all cash Monthly invest,50.0,0.932,0.9655,0.724,0.7837,1.1535,134.8800048828125,-2.1809,MARA,35.20938284694448,344.0,266.6593017578125
2020-07-02,0.9100000262260437,0.9599999785423279,0.9599999785423279,0.8999999761581421,0.9100000262260437,1649900,19495.244028988785,0,0.3134671482506519,19494.930561840534,21423.0,-71.33052348678119,68000,,48.61111249084821,0.912,0.9565,0.7308,0.7835,1.1485,134.8800048828125,-2.2252,MARA,35.89010399526708,344.0,268.0049133300781
2020-07-06,0.9399999976158142,0.9300000071525574,0.9599999785423279,0.9100000262260437,0.9399999976158142,1900100,20137.93341607184,0,0.3134671482506519,20137.619948923588,21423.0,-70.38539203518847,68000,,49.315069164248186,0.916,0.9535,0.7385,0.7838,1.1435,134.8800048828125,-1.9852,MARA,37.993696452757895,344.0,272.1631774902344
2020-07-07,0.8999999761581421,0.9200000166893005,0.9300000071525574,0.8999999761581421,0.8999999761581421,1024200,19281.01295638413,0,0.3134671482506519,19280.699489235878,21423.0,-71.64556918178803,68000,,47.36841981430801,0.918,0.953,0.7458,0.783,1.1382,134.8800048828125,-2.0541,MARA,36.56607014588751,344.0,269.34112548828125
2020-07-08,1.0,0.9200000166893005,1.0499999523162842,0.9100000262260437,1.0,5136500,21423.31346714825,0,0.3134671482506519,21423.0,21423.0,-68.49512725419376,68000,,57.499999627471006,0.936,0.958,0.7552,0.7831,1.1335,134.8800048828125,-1.3509,MARA,37.57768046872758,344.0,271.3408203125
2020-07-09,0.9399999976158142,1.0199999809265137,1.0199999809265137,0.9100000262260437,0.9399999976158142,2313800,20137.93341607184,0,0.3134671482506519,20137.619948923588,21423.0,-70.38539203518847,68000,,54.761903241378285,0.938,0.9425,0.7633,0.7824,1.1285,134.8800048828125,-1.2925,MARA,36.87806283602997,344.0,269.9578552246094
2020-07-10,0.9300000071525574,0.9200000166893005,0.9599999785423279,0.9100000262260437,0.9300000071525574,723100,19923.703620377488,0,0.3134671482506519,19923.390153229237,21423.0,-70.70043585238605,68000,,55.421688477417376,0.942,0.9425,0.7713,0.7816,1.1236,134.8800048828125,-1.2951,MARA,38.248937936558455,344.0,272.667724609375
2020-07-13,0.8799999952316284,0.9300000071525574,0.949999988079071,0.8700000047683716,0.8799999952316284,1681400,18852.553364995427,0,0.3134671482506519,18852.239897847176,21423.0,-72.2756568161832,68000,,33.3333301796484,0.93,0.94,0.7788,0.7808,1.1182,134.8800048828125,-1.6065,MARA,37.00098261429283,344.0,270.2008361816406
2020-07-14,0.9100000262260437,0.9200000166893005,0.9200000166893005,0.8799999952316284,0.9100000262260437,1110700,19495.244028988785,0,0.3134671482506519,19494.930561840534,21423.0,-71.33052348678119,68000,,35.3846163721479,0.932,0.938,0.7868,0.7802,1.1133,134.8800048828125,-1.5447,MARA,38.83037535039118,344.0,273.81707763671875
2020-07-15,0.9200000166893005,0.9100000262260437,0.9399999976158142,0.8899999856948853,0.9200000166893005,1278500,19709.473824683137,0,0.3134671482506519,19709.160357534885,21423.0,-71.01547966958361,68000,,44.444444444444436,0.916,0.937,0.795,0.78,1.1086,134.8800048828125,-1.3849,MARA,40.05940331167335,344.0,276.2465515136719
2020-07-16,0.9100000262260437,0.8999999761581421,0.9300000071525574,0.8999999761581421,0.9100000262260437,897700,19495.244028988785,0,0.3134671482506519,19494.930561840534,21423.0,-71.33052348678119,68000,,40.38461957281125,0.91,0.9385,0.8032,0.7798,1.1036,134.8800048828125,-1.3069,MARA,39.65288188474321,344.0,275.4429626464844
2020-07-17,0.8999999761581421,0.9200000166893005,0.9300000071525574,0.8899999856948853,0.8999999761581421,879500,19281.01295638413,0,0.3134671482506519,19280.699489235878,21423.0,-71.64556918178803,68000,,47.72726872489578,0.904,0.9405,0.8112,0.7794,1.0986,134.8800048828125,-1.2817,MARA,40.02157946631488,344.0,276.1717834472656
2020-07-20,0.9300000071525574,0.9100000262260437,0.9300000071525574,0.8999999761581421,0.9300000071525574,1136500,19923.703620377488,0,0.3134671482506519,19923.390153229237,21423.0,-70.70043585238605,68000,,54.545455776955144,0.914,0.945,0.8183,0.7788,1.094,134.8800048828125,-1.0104,MARA,41.18446973228456,344.0,278.47052001953125
2020-07-21,0.9399999976158142,0.949999988079071,1.0,0.9300000071525574,0.9399999976158142,3760200,20137.93341607184,0,0.3134671482506519,20137.619948923588,21423.0,-70.38539203518847,68000,,53.48836822468563,0.92,0.9375,0.8262,0.7783,1.0895,134.8800048828125,-0.736,MARA,41.47756593805203,344.0,279.0498962402344
2020-07-22,1.0499999523162842,0.9700000286102295,1.2200000286102295,0.9599999785423279,1.0499999523162842,13490900,22494.462445620007,0,0.3134671482506519,22494.148978471756,21423.0,-66.91990816820588,68000,,61.53845536638341,0.946,0.935,0.836,0.7782,1.0852,134.8800048828125,0.2095,MARA,42.28117598802905,344.0,280.638427734375
2020-07-23,0.9599999785423279,1.1200000047683716,1.2000000476837158,0.9300000071525574,0.9599999785423279,12385700,20566.39300746054,0,0.3134671482506519,20566.07954031229,21423.0,-69.75530440079332,68000,,54.23728385488068,0.956,0.934,0.8447,0.7775,1.0805,134.8800048828125,0.1564,MARA,40.584120395772615,344.0,277.2837829589844
2020-07-24,1.0399999618530273,0.9300000071525574,1.149999976158142,0.9100000262260437,1.0399999618530273,25520000,22280.232649925656,0,0.3134671482506519,22279.919182777405,21423.0,-67.23495198540344,68000,,57.81249665305974,0.984,0.9355,0.854,0.7777,1.0765,134.8800048828125,0.6332,MARA,39.67656424342887,344.0,275.4897766113281
2020-07-27,1.4199999570846558,1.3700000047683716,1.7200000286102295,1.2699999809265137,1.4199999570846558,75828500,30420.97254777283,0,0.3134671482506519,30420.65908062458,21423.0,-55.26327566503995,68000,,76.53061075540249,1.082,0.9605,0.8702,0.781,1.0738,134.8800048828125,3.2952,MARA,40.69288324905847,344.0,277.498779296875
2020-07-28,1.7100000381469727,1.5199999809265137,2.0299999713897705,1.440000057220459,1.7100000381469727,73062600,36633.64428437084,0,0.3134671482506519,36633.330817222595,21423.0,-46.126993699454644,68000,,80.34187999354435,1.236,1.0015,0.8913,0.7857,1.0727,134.8800048828125,6.2517,MARA,39.82310462716048,344.0,275.7794494628906
2020-07-29,1.8200000524520874,1.7999999523162842,1.940000057220459,1.7200000286102295,1.8200000524520874,26702500,38990.174590829316,0,0.3134671482506519,38989.86112368107,21423.0,-42.66150795466277,68000,,86.06557341007675,1.39,1.047,0.9145,0.7916,1.0722,134.8800048828125,7.9684,MARA,41.51066566231674,344.0,279.1153259277344
2020-07-30,1.7799999713897705,1.7200000286102295,1.7999999523162842,1.5399999618530273,1.7799999713897705,10583000,38133.2528542313,0,0.3134671482506519,38132.93938708305,21423.0,-43.921686979071616,68000,,83.99999370575041,1.554,1.0895,0.9367,0.7969,1.0717,134.8800048828125,8.0701,MARA,40.99542769701343,344.0,278.0968322753906
2020-07-31,2.0299999713897705,1.7300000190734863,2.190000057220459,1.6699999570846558,2.0299999713897705,37466400,43489.0028542313,0,0.3134671482506519,43488.68938708305,21423.0,-36.04558403789515,68000,,89.6551670274049,1.752,1.1455,0.9618,0.8046,1.0727,134.8800048828125,8.5561,MARA,42.17250576456857,344.0,280.4236145019531
2020-08-03,3.8299999237060547,3.109999895095825,4.789999961853027,2.8399999141693115,3.8299999237060547,225520800,83045.44198280186,0,3.3836370071832107,83042.05834579468,21682.0,20.355713018553413,69000,Buy all cash Monthly invest,95.34161207273166,2.234,1.29,1.0145,0.8267,1.0816,134.8800048828125,14.6935,MARA,42.43358203158172,348.0,282.18963623046875
2020-08-04,3.309999942779541,3.009999990463257,3.6600000858306885,2.859999895095825,3.309999942779541,28945700,71770.78584635348,0,0.057087064689772316,71770.72875928879,21683.0,4.015631661381858,69000,Buy all cash ,82.03753184553858,2.554,1.4105,1.0547,0.8438,1.0885,134.8800048828125,14.3278,MARA,43.03207950525698,348.0,283.3763122558594
2020-08-05,4.199999809265137,4.199999809265137,4.739999771118164,3.9100000858306885,4.199999809265137,97988400,91068.65295136065,0,0.057087064689772316,91068.59586429596,21683.0,31.983555001971965,69000,,85.6832951775252,3.03,1.5705,1.112,0.8683,1.0986,134.8800048828125,14.8228,MARA,43.92279950780456,348.0,285.14239501953125
2020-08-06,5.090000152587891,4.5,5.25,4.440000057220459,5.090000152587891,80517400,110366.53039562792,0,0.057087064689772316,110366.47330856323,21683.0,59.95149332699698,69000,,88.16029132230238,3.692,1.778,1.1865,0.9003,1.1127,134.8800048828125,15.0966,MARA,44.888953125331696,348.0,287.0580444335937
2020-08-07,4.380000114440918,4.550000190734863,4.690000057220459,3.9800000190734863,4.380000114440918,27004100,94971.59956848712,0,0.057087064689772316,94971.54248142242,21683.0,37.639999374619016,69000,,77.9578603293594,4.162,1.9505,1.2472,0.9276,1.1242,134.8800048828125,11.9384,MARA,44.9643251744146,348.0,287.2074890136719
2020-08-10,4.440000057220459,4.900000095367432,4.929999828338623,4.349999904632568,4.440000057220459,18341200,96272.5783277759,0,0.057087064689772316,96272.52124071121,21683.0,39.525475837356375,69000,,78.13504777240249,4.284,2.1285,1.3068,0.9557,1.1362,134.8800048828125,8.8726,MARA,45.42619253175155,348.0,288.1232604980469
2020-08-11,3.859999895095825,3.880000114440918,4.159999847412109,3.700000047683716,3.859999895095825,14350700,83696.43481242747,0,0.057087064689772316,83696.37772536278,21683.0,21.299180887576053,69000,,71.0014930383472,4.394,2.276,1.3578,0.9792,1.1455,134.8800048828125,5.0155,MARA,44.25271575695536,348.0,285.7965393066406
2020-08-12,3.569999933242798,4.050000190734863,4.050000190734863,3.430000066757202,3.569999933242798,9616400,77408.36563956828,0,0.057087064689772316,77408.30855250359,21683.0,12.186037158794605,69000,,68.94049203242095,4.268,2.4085,1.4038,1.0003,1.1539,134.8800048828125,1.5138,MARA,46.2274111119146,348.0,289.7118835449219
2020-08-13,3.549999952316284,3.25,3.9000000953674316,3.0399999618530273,3.549999952316284,16577900,76974.70605313868,0,0.057087064689772316,76974.64896607399,21683.0,11.55754500454882,69000,,68.37481583649415,3.96,2.5405,1.4495,1.0217,1.1617,134.8800048828125,-1.0807,MARA,45.97760748589557,348.0,289.2165832519531
2020-08-14,3.869999885559082,3.8399999141693115,4.090000152587891,3.549999952316284,3.869999885559082,22073500,83913.26460564227,0,0.057087064689772316,83913.20751857758,21683.0,21.613426964698945,69000,,68.09453327883867,3.858,2.689,1.5002,1.0461,1.1705,134.8800048828125,-2.3752,MARA,45.97760748589557,348.0,289.2165832519531
2020-08-17,3.7200000286102295,4.039999961853027,4.190000057220459,3.549999952316284,3.7200000286102295,27713400,80660.8177074203,0,0.057087064689772316,80660.7606203556,21683.0,16.89973580785551,69000,,65.1583707071531,3.714,2.8285,1.5503,1.0691,1.1785,134.8800048828125,-3.6311,MARA,46.44884825101108,348.0,290.15093994140625
2020-08-18,3.4100000858306885,3.6700000762939453,3.6700000762939453,3.25,3.4100000858306885,9986500,73939.08894813151,0,0.057087064689772316,73939.03186106682,21683.0,7.158099924828276,69000,,61.639824475754466,3.624,2.952,1.595,1.0897,1.1851,134.8800048828125,-5.0506,MARA,46.75521554465916,348.0,290.7583923339844
2020-08-19,3.140000104904175,3.200000047683716,3.4100000858306885,3.0999999046325684,3.140000104904175,7388200,68084.67936170191,0,0.057087064689772316,68084.62227463722,21683.0,-1.3265516497073748,69000,,59.63172906895923,3.538,3.0565,1.6353,1.1088,1.1906,134.8800048828125,-6.4129,MARA,46.13310754958444,348.0,289.52490234375
2020-08-20,3.2699999809265137,3.140000104904175,3.2899999618530273,3.0799999237060547,3.2699999809265137,8377800,70903.46667349429,0,0.057087064689772316,70903.4095864296,21683.0,2.7586473528902644,69000,,58.93371788121182,3.482,3.172,1.6778,1.1287,1.1967,134.8800048828125,-6.9308,MARA,46.594974906921394,348.0,290.440673828125
2020-08-21,2.7100000381469727,3.1500000953674316,3.1500000953674316,2.4600000381469727,2.7100000381469727,14544300,58760.9879142055,0,0.057087064689772316,58760.93082714081,21683.0,-14.839147950426812,69000,,40.175439271606955,3.25,3.2555,1.7108,1.1438,1.2003,134.8800048828125,-8.1717,MARA,47.11806954856541,348.0,291.47784423828125
2020-08-24,2.309999942779541,2.8299999237060547,2.8399999141693115,2.299999952316284,2.309999942779541,8553000,50087.78584635348,0,0.057087064689772316,50087.72875928879,21683.0,-27.40900601977757,69000,,41.03942640078181,2.968,3.3,1.7377,1.1554,1.2023,134.8800048828125,-9.5445,MARA,48.61204299031135,348.0,294.4400329589844
2020-08-25,2.440000057220459,2.140000104904175,2.509999990463257,2.0799999237060547,2.440000057220459,8316100,52906.578327775904,0,0.057087064689772316,52906.52124071121,21683.0,-23.323799524962464,69000,,31.742741811583443,2.774,3.3365,1.7662,1.1682,1.2045,134.8800048828125,-9.8741,MARA,49.13045862380319,348.0,295.4679260253906
2020-08-26,2.5399999618530273,2.5899999141693115,2.630000114440918,2.440000057220459,2.5399999618530273,8319800,55074.87625992388,0,0.057087064689772316,55074.81917285919,21683.0,-20.181338753733503,69000,,18.362278415651048,2.654,3.3725,1.7948,1.1819,1.2072,134.8800048828125,-9.5437,MARA,50.65267542067819,348.0,298.4861145019531
2020-08-27,2.259999990463257,2.5,2.549999952316284,2.2200000286102295,2.259999990463257,5742200,49003.63688027949,0,0.057087064689772316,49003.5797932148,21683.0,-28.980236405392045,69000,,20.55555110360328,2.452,3.3965,1.8172,1.1947,1.2088,134.8800048828125,-9.6196,MARA,50.95430214027736,348.0,299.08416748046875
2020-08-28,2.559999942779541,2.2799999713897705,2.75,2.259999990463257,2.559999942779541,12613200,55508.53584635348,0,0.057087064689772316,55508.47875928879,21683.0,-19.552846599487705,69000,,25.520829776198198,2.422,3.423,1.8417,1.2099,1.2117,134.8800048828125,-8.6392,MARA,51.93455434815779,348.0,301.0277709960937
2020-08-31,2.4800000190734863,2.7300000190734863,2.7300000190734863,2.309999942779541,2.4800000190734863,6973000,53773.897500635096,0,0.057087064689772316,53773.840413570404,21683.0,-22.066815216470882,69000,,29.341315740989714,2.456,3.3555,1.8663,1.2246,1.2144,134.8800048828125,-7.87,MARA,51.40204012431269,348.0,299.971923828125
2020-09-01,2.569999933242798,2.5,2.809999942779541,2.380000114440918,2.569999933242798,17839500,56720.39268969745,0,0.4941630289022214,56719.89852666855,22070.0,-18.9708675861465,70000,Buy all cash Monthly invest,34.07643002580387,2.482,3.3185,1.894,1.2415,1.2176,134.8800048828125,-6.863,MARA,52.05485451801846,351.0,302.7751770019531
2020-09-02,2.380000114440918,2.359999895095825,2.4000000953674316,2.2300000190734863,2.380000114440918,6341800,52527.09668873996,0,0.4941630289022214,52526.60252571106,22070.0,-24.96129044465719,70000,,32.32628231229772,2.45,3.2275,1.9187,1.2563,1.22,134.8800048828125,-6.3999,MARA,54.26643179724557,351.0,307.18572998046875
2020-09-03,2.0999999046325684,2.130000114440918,2.25,2.059999942779541,2.0999999046325684,6075900,46347.49205826969,0,0.4941630289022214,46346.997895240784,22070.0,-33.78929705961473,70000,,22.93577600374236,2.418,3.078,1.9328,1.2697,1.2215,134.8800048828125,-6.5302,MARA,48.93430023160663,351.0,296.5518493652344
2020-09-04,2.0899999141693115,2.0399999618530273,2.190000057220459,1.7200000286102295,2.0899999141693115,8612500,46126.79226874561,0,0.4941630289022214,46126.298105716705,22070.0,-34.10458247322056,70000,,23.961656498963677,2.324,2.9635,1.9522,1.2832,1.2232,134.8800048828125,-6.3776,MARA,47.74417249374392,351.0,294.1783752441406
2020-09-08,1.850000023841858,1.809999942779541,2.069999933242798,1.7899999618530273,1.850000023841858,5140800,40829.99468921871,0,0.4941630289022214,40829.500526189804,22070.0,-41.67143615825899,70000,,24.509799452938367,2.198,2.834,1.9675,1.2952,1.2235,134.8800048828125,-6.638,MARA,43.69122855017527,351.0,286.0955810546875
2020-09-09,1.9700000286102295,1.9299999475479126,2.049999952316284,1.8799999952316284,1.9700000286102295,3843600,43478.39479445667,0,0.4941630289022214,43477.900631427765,22070.0,-37.888007436490476,70000,,29.89690320441987,2.078,2.7395,1.9845,1.3077,1.2246,134.8800048828125,-6.2058,MARA,46.521267045920254,351.0,291.7395324707031
2020-09-10,1.8899999856948853,2.0199999809265137,2.0899999141693115,1.8600000143051147,1.8899999856948853,4548900,41712.79384731502,0,0.4941630289022214,41712.29968428612,22070.0,-40.410294503835686,70000,,25.874124066952774,1.98,2.6555,2.0003,1.3191,1.2253,134.8800048828125,-5.8668,MARA,43.96295301132203,351.0,286.6374816894531
2020-09-11,1.7999999523162842,1.8899999856948853,1.9199999570846558,1.75,1.7999999523162842,3239600,39726.493110649295,0,0.4941630289022214,39725.99894762039,22070.0,-43.24786698478672,70000,,30.96234023709782,1.92,2.568,2.0157,1.3303,1.2255,134.8800048828125,-5.6313,MARA,44.0707430155073,351.0,286.8524475097656
2020-09-14,1.9800000190734863,1.8600000143051147,1.9900000095367432,1.850000023841858,1.9800000190734863,5648400,43699.09458398075,0,0.4941630289022214,43698.60042095184,22070.0,-37.572722022884655,70000,,42.39631455389519,1.898,2.4735,2.0343,1.3425,1.2266,134.8800048828125,-4.6841,MARA,45.94023546458654,351.0,290.5807800292969
2020-09-15,1.9800000190734863,2.009999990463257,2.0899999141693115,1.9199999570846558,1.9800000190734863,4264800,43699.09458398075,0,0.4941630289022214,43698.60042095184,22070.0,-37.572722022884655,70000,,38.72548773260278,1.924,2.3865,2.0533,1.3548,1.2279,134.8800048828125,-3.825,MARA,46.68994524241859,351.0,292.075927734375
2020-09-16,2.069999933242798,2.0,2.3299999237060547,1.9900000095367432,2.069999933242798,13004200,45685.39268969745,0,0.4941630289022214,45684.89852666855,22070.0,-34.73515330043221,70000,,38.42364309274273,1.944,2.3195,2.0697,1.3677,1.2297,134.8800048828125,-2.7873,MARA,46.099563903481645,351.0,290.8985290527344
2020-09-17,1.9900000095367432,1.9600000381469727,2.0399999618530273,1.8899999856948853,1.9900000095367432,4019500,43919.794373504825,0,0.4941630289022214,43919.30021047592,22070.0,-37.25743660927883,70000,,42.622950072144434,1.964,2.262,2.0845,1.3802,1.231,134.8800048828125,-2.1831,MARA,44.825104718562535,351.0,288.3568725585937
2020-09-18,1.9199999570846558,2.009999990463257,2.0199999809265137,1.9199999570846558,1.9199999570846558,3486600,42374.893215887256,0,0.4941630289022214,42374.39905285835,22070.0,-39.46443826301821,70000,,29.999997764825522,1.988,2.1945,2.1002,1.3921,1.2321,134.8800048828125,-1.8549,MARA,43.14300528357371,351.0,285.00225830078125
2020-09-21,1.8899999856948853,1.809999942779541,1.8899999856948853,1.7899999618530273,1.8899999856948853,3726600,41712.79384731502,0,0.4941630289022214,41712.29968428612,22070.0,-40.410294503835686,70000,,30.967738809495927,1.97,2.1535,2.1148,1.4041,1.2332,134.8800048828125,-1.5974,MARA,41.59212380512785,351.0,281.9093322753906
2020-09-22,1.8200000524520874,1.8899999856948853,1.899999976158142,1.809999942779541,1.8200000524520874,1922000,40167.89532064647,0,0.4941630289022214,40167.40115761757,22070.0,-42.61729239907647,70000,,25.490197606168152,1.938,2.129,2.1298,1.4159,1.2335,134.8800048828125,-1.5208,MARA,43.02118299179079,351.0,284.7593078613281
2020-09-23,1.6399999856948853,1.809999942779541,1.850000023841858,1.6399999856948853,1.6399999856948853,4071000,36195.29384731502,0,0.4941630289022214,36194.79968428612,22070.0,-48.292437360978546,70000,,25.657892105404528,1.852,2.089,2.1423,1.4258,1.2332,134.8800048828125,-1.9193,MARA,39.71323569128855,351.0,278.1622619628906
2020-09-24,1.75,1.600000023841858,1.8899999856948853,1.4800000190734863,1.75,5946700,38622.9941630289,0,0.4941630289022214,38622.5,22070.0,-44.82429405281585,70000,,37.03703965342766,1.804,2.0495,2.1563,1.4366,1.2336,134.8800048828125,-1.6783,MARA,40.0974173842294,351.0,278.9284362792969
2020-09-25,1.9299999475479126,1.7599999904632568,2.049999952316284,1.7400000095367432,1.9299999475479126,8295300,42595.593005411334,0,0.4941630289022214,42595.09884238243,22070.0,-39.14915284941238,70000,,44.73684272442504,1.806,2.033,2.173,1.4485,1.2347,134.8800048828125,-0.7909,MARA,42.33710514580864,351.0,283.3950500488281
2020-09-28,2.0199999809265137,2.049999952316284,2.1500000953674316,1.9800000190734863,2.0199999809265137,3865800,44581.89374207706,0,0.4941630289022214,44581.39957904816,22070.0,-36.311580368461335,70000,,56.20437797419562,1.832,2.006,2.1915,1.4612,1.2363,134.8800048828125,0.176,MARA,44.71736062153408,351.0,288.1419982910156
2020-09-29,2.0199999809265137,1.9900000095367432,2.0799999237060547,1.9500000476837158,2.0199999809265137,2396700,44581.89374207706,0,0.4941630289022214,44581.39957904816,22070.0,-36.311580368461335,70000,,51.99999809265136,1.872,1.983,2.2095,1.474,1.238,134.8800048828125,0.8506,MARA,43.89338836637226,351.0,286.4987487792969
2020-09-30,1.9600000381469727,2.0,2.049999952316284,1.909999966621399,1.9600000381469727,2040900,43257.69500493259,0,0.4941630289022214,43257.20084190369,22070.0,-38.203292850096304,70000,,52.845530819141366,1.936,1.9525,2.2272,1.4865,1.2394,134.8800048828125,1.1104,MARA,44.99916935479303,351.0,288.7040100097656
2020-10-01,1.9500000476837158,2.009999990463257,2.0299999713897705,1.899999976158142,1.9500000476837158,2484900,44032.02271528692,0,1.0216385886137687,44031.0010766983,22580.0,-37.98306659818744,71000,Buy all cash Monthly invest,56.52174408809961,1.976,1.931,2.243,1.4991,1.2408,134.8800048828125,1.2543,MARA,45.263878438922745,354.0,290.5339050292969
2020-10-02,1.9600000381469727,1.850000023841858,1.9600000381469727,1.8200000524520874,1.9600000381469727,1840400,44257.82249994726,0,1.0216385886137687,44256.80086135864,22580.0,-37.665038732468645,71000,,48.97959258148261,1.982,1.924,2.26,1.5117,1.2422,134.8800048828125,1.3798,MARA,43.91639704175064,354.0,287.8313293457031
2020-10-05,1.9600000381469727,1.9600000381469727,2.009999990463257,1.8899999856948853,1.9600000381469727,2880200,44257.82249994726,0,1.0216385886137687,44256.80086135864,22580.0,-37.665038732468645,71000,,48.97959258148261,1.97,1.9175,2.2772,1.5242,1.2448,134.8800048828125,1.4518,MARA,46.42428149446298,354.0,292.8612670898437
2020-10-06,1.8700000047683716,1.9299999475479126,1.9500000476837158,1.850000023841858,1.8700000047683716,2219700,42225.62174625845,0,1.0216385886137687,42224.60010766983,22580.0,-40.52729331512895,71000,,39.79592097396432,1.94,1.9185,2.2937,1.5362,1.2474,134.8800048828125,1.1904,MARA,44.38423744599249,354.0,288.7696533203125
2020-10-07,1.940000057220459,1.8700000047683716,1.940000057220459,1.8700000047683716,1.940000057220459,1714600,43806.22293062658,0,1.0216385886137687,43805.201292037964,22580.0,-38.301094463906225,71000,,47.422682946312804,1.936,1.917,2.3108,1.5488,1.2502,134.8800048828125,1.2497,MARA,46.85476709360474,354.0,293.72467041015625
2020-10-08,2.140000104904175,1.9800000190734863,2.369999885559082,1.9700000286102295,2.140000104904175,18834600,48322.22400732488,0,1.0216385886137687,48321.20236873627,22580.0,-31.940529567148058,71000,,60.000006502324744,1.974,1.9295,2.3312,1.5631,1.2527,134.8800048828125,1.9274,MARA,48.15075820138424,354.0,296.323974609375
2020-10-09,2.1600000858306885,2.240000009536743,2.2699999809265137,2.059999942779541,2.1600000858306885,6001700,48773.82357664556,0,1.0216385886137687,48772.801938056946,22580.0,-31.30447383571048,71000,,62.38532531503242,2.014,1.9475,2.352,1.5776,1.2552,134.8800048828125,2.3641,MARA,49.46552561445641,354.0,298.9609375
2020-10-12,2.4200000762939453,2.2200000286102295,2.5899999141693115,2.1500000953674316,2.4200000762939453,18581600,54644.6233613059,0,1.0216385886137687,54643.601722717285,22580.0,-23.03574174463957,71000,,73.4374992724043,2.106,1.9695,2.3773,1.5943,1.2592,134.8800048828125,3.3677,MARA,51.87047513580323,354.0,303.784423828125
2020-10-13,2.359999895095825,2.5,2.5,2.2200000286102295,2.359999895095825,7581600,53289.81926985235,0,1.0216385886137687,53288.79763126373,22580.0,-24.94391652133472,71000,,81.03447336787868,2.204,1.9885,2.4012,1.6098,1.2632,134.8800048828125,3.6519,MARA,50.90194340096059,354.0,301.8418884277344
2020-10-14,2.25,2.25,2.4200000762939453,2.180000066757202,2.25,6173400,50806.021638588616,0,1.0216385886137687,50805.0,22580.0,-28.442223044241388,71000,,71.55172254327657,2.266,1.9975,2.423,1.6246,1.267,134.8800048828125,3.3278,MARA,49.9615000450242,354.0,299.9556884765625
2020-10-15,2.3299999237060547,2.119999885559082,2.369999885559082,2.119999885559082,2.3299999237060547,5121400,52612.41991587133,0,1.0216385886137687,52611.398277282715,22580.0,-25.898000118491083,71000,,68.86792230028931,2.304,2.0145,2.4443,1.6402,1.2709,134.8800048828125,3.2074,MARA,49.783718561199365,354.0,299.59912109375
2020-10-16,2.180000066757202,2.299999952316284,2.309999942779541,2.1600000858306885,2.180000066757202,3428700,49225.42314596624,0,1.0216385886137687,49224.401507377625,22580.0,-30.6684181042729,71000,,57.142861704437564,2.308,2.0275,2.4647,1.6547,1.2741,134.8800048828125,2.533,MARA,49.657351287734365,354.0,299.3456726074219
2020-10-19,2.3399999141693115,2.2899999618530273,2.4700000286102295,2.240000009536743,2.3399999141693115,12348800,52838.21970053167,0,1.0216385886137687,52837.198061943054,22580.0,-25.579972252772297,71000,,62.5,2.292,2.05,2.4863,1.6702,1.2778,134.8800048828125,2.4568,MARA,47.40212530291921,354.0,294.8224792480469
2020-10-20,2.4600000381469727,2.4800000190734863,2.680000066757202,2.359999895095825,2.4600000381469727,19529300,55547.82249994726,0,1.0216385886137687,55546.80086135864,22580.0,-21.763630281764424,71000,,68.65671761292457,2.312,2.082,2.5037,1.6869,1.2823,134.8800048828125,2.6242,MARA,47.98234965439918,354.0,295.9862060546875
2020-10-21,2.8399999141693115,2.799999952316284,3.059999942779541,2.7200000286102295,2.8399999141693115,34785300,64128.21970053167,0,1.0216385886137687,64127.198061943054,22580.0,-9.678563802068075,71000,,76.0233909567404,2.43,2.142,2.5225,1.7069,1.2887,134.8800048828125,3.6343,MARA,47.71563178124227,354.0,295.4512634277344
2020-10-22,3.0,3.069999933242798,3.109999895095825,2.7100000381469727,3.0,23509400,67741.02163858862,0,1.0216385886137687,67740.0,22580.0,-4.5901103681850515,71000,,77.95698979863243,2.564,2.2045,2.5422,1.7283,1.2956,134.8800048828125,4.4294,MARA,48.52509747432656,354.0,297.07476806640625
2020-10-23,2.740000009536743,2.869999885559082,2.880000114440918,2.5799999237060547,2.740000009536743,10512700,61870.22185392828,0,1.0216385886137687,61869.20021533966,22580.0,-12.858842459255948,71000,,68.3962267333819,2.676,2.245,2.5582,1.7474,1.3019,134.8800048828125,3.9382,MARA,49.03041441012101,354.0,298.0882568359375
2020-10-26,2.5399999618530273,2.9100000858306885,2.940000057220459,2.4200000762939453,2.5399999618530273,13681100,57354.22077722997,0,1.0216385886137687,57353.19913864136,22580.0,-19.219407356014116,71000,,65.02242123700225,2.716,2.271,2.5667,1.7642,1.3072,134.8800048828125,2.8661,MARA,46.29322775257811,354.0,292.5984191894531
2020-10-27,2.759999990463257,2.759999990463257,2.8499999046325684,2.569999933242798,2.759999990463257,18966900,62321.821423248955,0,1.0216385886137687,62320.79978466034,22580.0,-12.222786727818368,71000,,67.22689025121406,2.776,2.308,2.5488,1.7817,1.3136,134.8800048828125,2.5662,MARA,45.81135837468968,354.0,291.6319580078125
2020-10-28,2.3499999046325684,2.5,2.549999952316284,2.2799999713897705,2.3499999046325684,12497500,53064.01948519201,0,1.0216385886137687,53062.99784660339,22580.0,-25.261944387053504,71000,,54.05405032215506,2.678,2.3275,2.5328,1.7937,1.3184,134.8800048828125,1.1542,MARA,40.80497762191128,354.0,281.5909118652344
2020-10-29,2.2799999713897705,2.2799999713897705,2.490000009536743,2.259999990463257,2.2799999713897705,11043800,51483.420992569634,0,1.0216385886137687,51482.39935398102,22580.0,-27.488139447085025,71000,,52.27272522022563,2.534,2.344,2.5008,1.8064,1.3232,134.8800048828125,-0.0157,MARA,42.28346711354863,354.0,284.5562438964844
2020-10-30,2.1600000858306885,2.2699999809265137,2.2699999809265137,2.069999933242798,2.1600000858306885,9964000,48773.82357664556,0,1.0216385886137687,48772.801938056946,22580.0,-31.30447383571048,71000,,44.799999694824194,2.418,2.354,2.452,1.8192,1.3279,134.8800048828125,-1.1095,MARA,40.68801371689919,354.0,281.3563232421875
2020-11-02,2.0999999046325684,2.119999885559082,2.25,2.059999942779541,2.0999999046325684,7388800,48414.04248541803,0,0.644684018797193,48413.39780139923,23054.0,-32.75827432580829,72000,Buy all cash Monthly invest,44.799999694824194,2.33,2.361,2.414,1.8306,1.3325,134.8800048828125,-1.9471,MARA,41.72521632586588,358.0,284.63134765625
2020-11-03,2.2200000286102295,2.1600000858306885,2.3499999046325684,2.119999885559082,2.2200000286102295,8262700,51180.52534359903,0,0.644684018797193,51179.88065958023,23054.0,-28.915937022779126,72000,,49.402391005901286,2.222,2.3785,2.377,1.8419,1.3376,134.8800048828125,-2.0893,MARA,44.22153955109916,358.0,289.6518859863281
2020-11-04,2.3499999046325684,2.259999990463257,2.5399999618530273,2.1500000953674316,2.3499999046325684,17677900,54177.54248541803,0,0.644684018797193,54176.89780139923,23054.0,-24.753413214697183,72000,,50.390624636202105,2.222,2.399,2.3518,1.8548,1.3432,134.8800048828125,-1.7476,MARA,47.46437894047632,358.0,296.1737976074219
2020-11-05,2.5,2.509999990463257,2.5899999141693115,2.430000066757202,2.5,17925100,57635.6446840188,0,0.644684018797193,57635.0,23054.0,-19.950493494418332,72000,,56.24999825377029,2.266,2.417,2.334,1.8689,1.3491,134.8800048828125,-1.0634,MARA,50.34800380145181,358.0,301.9732666015625
2020-11-06,2.4100000858306885,2.5299999713897705,2.5299999713897705,2.3399999141693115,2.4100000858306885,9111000,55560.78666275949,0,0.644684018797193,55560.14197874069,23054.0,-22.832240746167376,72000,,51.40562579700259,2.316,2.4295,2.315,1.8822,1.3533,134.8800048828125,-0.8489,MARA,50.32935493331488,358.0,301.9357604980469
2020-11-09,2.2100000381469727,2.299999952316284,2.3399999141693115,2.1600000858306885,2.2100000381469727,8188400,50949.98556345911,0,0.644684018797193,50949.34087944031,23054.0,-29.236131161862357,72000,,45.136187095303036,2.338,2.419,2.2873,1.8937,1.357,134.8800048828125,-1.2333,MARA,52.2004175723394,358.0,305.69879150390625
2020-11-10,2.190000057220459,2.1600000858306885,2.2300000190734863,2.059999942779541,2.190000057220459,3942500,50488.90600317926,0,0.644684018797193,50488.26131916046,23054.0,-29.876519440028805,72000,,35.29412272384454,2.332,2.4105,2.2618,1.9061,1.3608,134.8800048828125,-1.4877,MARA,52.004399607658414,358.0,305.3045654296875
2020-11-11,2.3299999237060547,2.2300000190734863,2.430000066757202,2.200000047683716,2.3299999237060547,8969000,53716.462925138185,0,0.644684018797193,53715.818241119385,23054.0,-25.39380149286363,72000,,34.70319500483696,2.328,2.4145,2.2438,1.9194,1.3652,134.8800048828125,-1.2036,MARA,53.07298430411023,358.0,307.45367431640625
2020-11-12,2.299999952316284,2.380000114440918,2.450000047683716,2.240000009536743,2.299999952316284,8648900,53024.843584718416,0,0.644684018797193,53024.198900699615,23054.0,-26.35438391011331,72000,,38.77550896283541,2.288,2.413,2.2298,1.9326,1.3693,134.8800048828125,-1.0591,MARA,51.65911482779186,358.0,304.6101379394531
2020-11-13,2.390000104904175,2.319999933242798,2.440000057220459,2.180000066757202,2.390000104904175,8794100,55099.707102479646,0,0.644684018797193,55099.062418460846,23054.0,-23.472629024333823,72000,,45.945950125672354,2.284,2.4235,2.2152,1.9465,1.3739,134.8800048828125,-0.6779,MARA,53.71689375845592,358.0,308.7486877441406
2020-11-16,2.4800000190734863,2.380000114440918,2.5299999713897705,2.3299999237060547,2.4800000190734863,11321200,57174.565123738954,0,0.644684018797193,57173.920439720154,23054.0,-20.59088177258479,72000,,41.86046608336361,2.338,2.4305,2.2113,1.9611,1.379,134.8800048828125,-0.1698,MARA,55.578609202384975,358.0,312.492919921875
2020-11-17,3.0999999046325684,2.5799999237060547,3.1600000858306885,2.5,3.0999999046325684,59645000,71468.04248541803,0,0.644684018797193,71467.39780139923,23054.0,-0.738829881363845,72000,,69.43005354165271,2.52,2.4625,2.2245,1.9811,1.3866,134.8800048828125,1.7796,MARA,54.80406662697264,358.0,310.9351806640625
2020-11-18,2.890000104904175,3.4600000381469727,3.509999990463257,2.7799999713897705,2.890000104904175,49980500,66626.70710247965,0,0.644684018797193,66626.06241846085,23054.0,-7.462906802111602,72000,,64.73430491414166,2.632,2.465,2.232,1.9991,1.3939,134.8800048828125,2.2931,MARA,52.92834556441839,358.0,307.16278076171875
2020-11-19,3.0899999141693115,3.059999942779541,3.240000009536743,2.950000047683716,3.0899999141693115,21534000,71237.50270527811,0,0.644684018797193,71236.85802125931,23054.0,-1.0590240204470747,72000,,71.62790682201063,2.79,2.4695,2.2412,2.018,1.4023,134.8800048828125,2.9394,MARA,53.56756624719834,358.0,308.4483642578125
2020-11-20,3.390000104904175,3.180000066757202,3.5,3.140000104904175,3.390000104904175,30386300,78153.70710247965,0,0.644684018797193,78153.06241846085,23054.0,8.54681542011062,72000,,76.98745608832861,2.99,2.502,2.26,2.0386,1.4121,134.8800048828125,3.8256,MARA,52.5410439286762,358.0,306.38385009765625
2020-11-23,4.920000076293945,3.7300000190734863,4.960000038146973,3.680000066757202,4.920000076293945,55605000,113426.32644289942,0,0.644684018797193,113425.68175888062,23054.0,57.536564504026956,72000,,85.5263213206534,3.478,2.621,2.2993,2.0705,1.428,134.8800048828125,7.3602,MARA,53.44157637564344,358.0,308.1949768066406
2020-11-24,4.909999847412109,6.010000228881836,6.050000190734863,4.269999980926514,4.909999847412109,50743800,113195.78116625757,0,0.644684018797193,113195.13648223877,23054.0,57.21636273091328,72000,,84.78260954070862,3.84,2.7285,2.3398,2.1031,1.4442,134.8800048828125,8.6402,MARA,55.92390915626952,358.0,313.1873779296875
2020-11-25,5.119999885559082,5.090000152587891,5.449999809265137,5.0,5.119999885559082,22889600,118037.12204569788,0,0.644684018797193,118036.47736167908,23054.0,63.940447285691505,72000,,85.02673858153432,4.286,2.867,2.3823,2.1382,1.4611,134.8800048828125,8.9677,MARA,55.66727098962998,358.0,312.6712341308594
2020-11-27,4.28000020980835,4.190000057220459,4.630000114440918,4.03000020980835,4.28000020980835,18155600,98671.76952094049,0,0.644684018797193,98671.12483692169,23054.0,37.04412433463957,72000,,70.8240569999941,4.524,2.967,2.414,2.1663,1.4748,134.8800048828125,6.9643,MARA,56.110564751837,358.0,313.5627746582031
2020-11-30,6.28000020980835,5.139999866485596,6.28000020980835,5.050000190734863,6.28000020980835,69432100,144779.7695209405,0,0.644684018797193,144779.1248369217,23054.0,101.08301322352844,72000,,82.35294518987635,5.102,3.173,2.4837,2.2083,1.4969,134.8800048828125,8.332,MARA,55.41064799700845,358.0,312.1551208496094
2020-12-01,6.190000057220459,5.860000133514404,6.800000190734863,5.550000190734863,6.190000057220459,35822300,143699.9540031335,0,5.292674817747525,143694.66132831573,23214.0,96.84925205908696,73000,Buy all cash Monthly invest,81.44654257803673,5.356,3.3775,2.552,2.2521,1.5184,134.8800048828125,8.0797,MARA,56.329464225141976,361.0,315.5896911621094
2020-12-02,5.760000228881836,5.980000019073486,6.010000228881836,5.460000038146973,5.760000228881836,15836100,133717.9379880807,0,5.292674817747525,133712.64531326294,23214.0,83.17525751791877,73000,,75.78947745814946,5.526,3.5545,2.6172,2.2923,1.5384,134.8800048828125,6.5308,MARA,56.65897355265162,361.0,316.2560119628906
2020-12-03,5.909999847412109,5.960000038146973,6.179999828338623,5.659999847412109,5.909999847412109,25417500,137200.02913264246,0,5.292674817747525,137194.7364578247,23214.0,87.94524538718144,73000,,76.66174510092907,5.684,3.7325,2.6828,2.3337,1.559,134.8800048828125,5.1399,MARA,56.6125669765734,361.0,316.16217041015625
2020-12-04,5.400000095367432,5.760000228881836,5.900000095367432,5.369999885559082,5.400000095367432,22191100,125360.8948886773,0,5.292674817747525,125355.60221385956,23214.0,71.72725327216068,73000,,70.93185302894935,5.908,3.8775,2.7413,2.3708,1.5775,134.8800048828125,3.0981,MARA,57.95837277441158,361.0,318.88360595703125
2020-12-07,5.510000228881836,5.400000095367432,6.039999961853027,5.389999866485596,5.510000228881836,21467800,127914.43798808068,0,5.292674817747525,127909.14531326294,23214.0,75.22525751791873,73000,,71.0124867861198,5.754,4.0325,2.8032,2.4094,1.5966,134.8800048828125,1.5906,MARA,57.66598870776451,361.0,318.2923583984375
2020-12-08,5.179999828338623,5.420000076293945,5.489999771118164,5.070000171661377,5.179999828338623,13333500,120253.80868987054,0,5.292674817747525,120248.5160150528,23214.0,64.73124478064459,73000,,65.02890205274963,5.552,4.181,2.8565,2.4454,1.6144,134.8800048828125,-0.0503,MARA,58.12077315333119,361.0,319.2120056152344
2020-12-09,4.78000020980835,5.230000019073486,5.340000152587891,4.519999980926514,4.78000020980835,16146300,110968.21754530877,0,5.292674817747525,110962.92487049103,23214.0,52.011256911381885,73000,,63.29114106571236,5.356,4.3105,2.9032,2.4783,1.6305,134.8800048828125,-1.7586,MARA,56.719294555768585,361.0,316.37799072265625
2020-12-10,5.21999979019165,4.510000228881836,5.289999961853027,4.5,5.21999979019165,12805000,121182.36780432671,0,5.292674817747525,121177.07512950897,23214.0,66.00324356757083,73000,,64.48979667304515,5.218,4.455,2.9557,2.5127,1.6485,134.8800048828125,-2.3535,MARA,56.64502894247397,361.0,316.2278137207031
2020-12-11,4.75,4.980000019073486,5.170000076293945,4.659999847412109,4.75,10126500,110271.79267481774,0,5.292674817747525,110266.5,23214.0,51.05725023947636,73000,,59.042553950376146,5.088,4.5775,3.0017,2.5431,1.6647,134.8800048828125,-3.3714,MARA,56.445488211122296,361.0,315.8243103027344
2020-12-14,5.539999961853027,5.320000171661377,5.860000133514404,5.139999866485596,5.539999961853027,23564900,128610.85178927392,0,5.292674817747525,128605.55911445618,23214.0,76.17924902640263,73000,,54.57227136568437,5.094,4.735,3.062,2.5811,1.6834,134.8800048828125,-2.9947,MARA,55.73081184794806,361.0,314.3791198730469
2020-12-15,7.070000171661377,5.699999809265137,7.159999847412109,5.53000020980835,7.070000171661377,38775400,164128.27665976496,0,5.292674817747525,164122.9839849472,23214.0,124.83325569830814,73000,,63.01205208969894,5.472,4.9645,3.1483,2.6316,1.7088,134.8800048828125,-0.9441,MARA,57.87947404929383,361.0,318.7240600585937
2020-12-16,8.229999542236328,8.180000305175781,8.850000381469727,7.650000095367432,8.229999542236328,88747800,191056.50204829188,0,5.292674817747525,191051.20937347412,23214.0,161.7212356825916,73000,,66.81081242139918,6.162,5.221,3.2552,2.6925,1.7391,134.8800048828125,1.3466,MARA,58.12077315333119,361.0,319.2120056152344
2020-12-17,9.470000267028809,9.65999984741211,10.449999809265137,9.029999732971191,9.470000267028809,89585900,219841.87887362452,0,5.292674817747525,219836.58619880676,23214.0,201.1532587309925,73000,,76.89119439812644,7.012,5.55,3.3857,2.764,1.774,134.8800048828125,3.512,MARA,58.97931744813268,361.0,320.9481201171875
2020-12-18,9.3100004196167,8.800000190734863,10.1899995803833,8.430000305175781,9.3100004196167,42205500,216127.6424157998,0,5.292674817747525,216122.34974098206,23214.0,196.0652635832874,73000,,69.39821128040563,7.924,5.861,3.5117,2.834,1.8088,134.8800048828125,4.0096,MARA,58.34352471850672,361.0,319.6624450683594
2020-12-21,11.5,9.109999656677246,11.550000190734863,9.050000190734863,11.5,50428000,266966.2926748177,0,5.292674817747525,266961.0,23214.0,265.70725023947637,73000,,76.79112407184547,9.116,6.2665,3.6712,2.9221,1.8529,134.8800048828125,5.5305,MARA,57.85627830703945,361.0,318.6771545410156
2020-12-22,13.970000267028809,12.949999809265137,14.079999923706055,12.229999542236328,13.970000267028809,55643900,324304.8788736245,0,5.292674817747525,324299.58619880676,23214.0,344.2532587309924,73000,,84.35146788447562,10.496,6.719,3.8703,3.0309,1.9072,134.8800048828125,7.3538,MARA,57.54545234251678,361.0,318.0486145019531
2020-12-23,10.8100004196167,13.680000305175781,13.850000381469727,10.789999961853027,10.8100004196167,41595300,250948.6424157998,0,5.292674817747525,250943.34974098206,23214.0,243.76526358328744,73000,,66.377008262288,11.012,7.014,4.0168,3.1132,1.9485,134.8800048828125,5.2081,MARA,57.67127075707423,361.0,318.30303955078125
2020-12-24,10.920000076293945,11.670000076293945,12.350000381469727,10.550000190734863,10.920000076293945,19138200,253502.1744459054,0,5.292674817747525,253496.88177108765,23214.0,247.26325266562387,73000,,68.95604520665472,11.302,7.304,4.1662,3.1967,1.9898,134.8800048828125,3.3556,MARA,58.30033264672267,361.0,319.5751037597656
2020-12-28,12.25,14.0,14.65999984741211,12.100000381469727,12.25,58753600,284376.7926748177,0,5.292674817747525,284371.5,23214.0,289.5572502394764,73000,,71.35614794837926,11.89,7.7025,4.3378,3.2904,2.0368,134.8800048828125,2.5671,MARA,59.67493315908354,361.0,322.3547668457031
2020-12-29,11.760000228881836,12.229999542236328,12.539999961853027,11.09000015258789,11.760000228881836,28427100,273001.93798808067,0,5.292674817747525,272996.64531326294,23214.0,273.9752575179187,73000,,70.63990327563533,11.942,7.9765,4.5012,3.3806,2.0815,134.8800048828125,1.2796,MARA,59.33941738693029,361.0,321.6763000488281
2020-12-30,10.880000114440918,12.5600004196167,12.949999809265137,10.710000038146973,10.880000114440918,55300400,252573.61533144923,0,5.292674817747525,252568.32265663147,23214.0,245.99125387869756,73000,,68.57490988953087,11.324,8.211,4.6498,3.4635,2.1225,134.8800048828125,-0.4197,MARA,59.55374785634917,361.0,322.1097106933594
2020-12-31,10.4399995803833,10.869999885559082,11.609999656677246,9.619999885559082,10.4399995803833,36916400,242359.4429338357,0,5.292674817747525,242354.15025901794,23214.0,231.99923689566532,73000,,65.89524944435547,11.25,8.445,4.7927,3.5432,2.162,134.8800048828125,-1.9741,MARA,60.411175375010885,361.0,323.84356689453125
2021-01-04,11.010000228881836,12.479999542236328,12.489999771118164,10.529999732971191,11.010000228881836,35826600,256586.4834879777,0,9.438154115385487,256577.0453338623,23304.0,246.7384911999699,74000,Buy all cash Monthly invest,68.94673140260088,11.268,8.7,4.9438,3.6273,2.2038,134.8800048828125,-2.7275,MARA,57.44627086587855,364.0,319.45263671875
2021-01-05,13.59000015258789,10.699999809265137,14.300000190734863,10.6899995803833,13.59000015258789,61984100,316710.8017100236,0,9.438154115385487,316701.3635559082,23304.0,327.98756987841034,74000,,71.9825232284276,11.536,9.1095,5.1347,3.7329,2.2565,134.8800048828125,-1.7812,MARA,58.4798623064402,364.0,321.55389404296875
2021-01-06,16.959999084472656,14.579999923706055,17.579999923706055,14.25,16.959999084472656,83119900,395245.2568186662,0,9.438154115385487,395235.8186645508,23304.0,434.1152119171165,74000,,74.54094127564382,12.576,9.682,5.3813,3.8667,2.3233,134.8800048828125,0.3741,MARA,59.43923763635996,364.0,323.5042724609375
2021-01-07,22.360000610351562,20.18000030517578,24.350000381469727,18.549999237060547,22.360000610351562,118963600,521086.8923777482,0,9.438154115385487,521077.4542236328,23304.0,604.1714761861463,74000,,78.96679031717588,14.872,10.541,5.7137,4.0455,2.4125,134.8800048828125,3.6972,MARA,61.816915265160645,364.0,328.3380126953125
2021-01-08,26.389999389648438,25.059999465942383,28.3700008392334,23.799999237060547,26.389999389648438,97428200,615001.9839304825,0,9.438154115385487,614992.5457763672,23304.0,731.0837620682197,74000,,81.1258269431948,18.062,11.6215,6.1142,4.2577,2.5182,134.8800048828125,6.2538,MARA,62.72540212115727,364.0,330.1849365234375
2021-01-11,23.360000610351562,20.0,25.440000534057617,19.600000381469727,23.360000610351562,93551100,544390.8923777482,0,9.438154115385487,544381.4542236328,23304.0,635.663368078038,74000,,73.37770547977485,20.532,12.5285,6.466,4.4445,2.6114,134.8800048828125,5.4476,MARA,61.6639796391049,364.0,328.027099609375
2021-01-12,26.149999618530273,24.0,26.920000076293945,22.809999465942383,26.149999618530273,57414200,609409.0292643448,0,9.438154115385487,609399.5911102295,23304.0,723.5257152220877,74000,,73.89885923741147,23.044,13.5985,6.863,4.6537,2.7159,134.8800048828125,5.0438,MARA,61.67786513715179,364.0,328.0553283691406
2021-01-13,23.0,22.389999389648438,23.65999984741211,21.649999618530273,23.0,69463000,536001.4381541153,0,9.438154115385487,535992.0,23304.0,624.3262677758315,74000,,64.41110848958033,24.252,14.4715,7.21,4.8373,2.8074,134.8800048828125,2.9651,MARA,62.08114503448074,364.0,328.87518310546875
2021-01-14,24.440000534057617,25.90999984741211,26.549999237060547,23.729999542236328,24.440000534057617,55343600,569559.210599794,0,9.438154115385487,569549.7724456787,23304.0,669.6746089186406,74000,,73.01587495856863,24.668,15.34,7.5783,5.0323,2.905,134.8800048828125,1.5829,MARA,61.53420652492627,364.0,327.7632751464844
2021-01-15,22.389999389648438,23.100000381469727,23.670000076293945,21.850000381469727,22.389999389648438,33851100,521785.9839304826,0,9.438154115385487,521776.5457763672,23304.0,605.1161945006521,74000,,68.17749538941531,23.868,16.048,7.9105,5.2071,2.994,134.8800048828125,-0.3522,MARA,60.3847424795821,364.0,325.42645263671875
2021-01-19,22.350000381469727,23.81999969482422,23.93000030517578,22.040000915527344,22.350000381469727,28223700,520853.8470438859,0,9.438154115385487,520844.4088897705,23304.0,603.8565500593053,74000,,66.68869950710226,23.666,16.692,8.2357,5.3791,3.0824,134.8800048828125,-1.8578,MARA,61.650049107010304,364.0,327.998779296875
2021-01-20,19.270000457763672,21.110000610351562,21.3799991607666,17.59000015258789,19.270000457763672,45124100,449077.52882184,0,9.438154115385487,449068.0906677246,23304.0,506.8615254349189,74000,,61.43074669363857,22.29,17.19,8.5068,5.5245,3.158,134.8800048828125,-3.9105,MARA,63.8423515840479,364.0,332.4556579589844
2021-01-21,17.559999465942383,16.450000762939453,19.100000381469727,15.720000267028809,17.559999465942383,51838200,409227.6657084367,0,9.438154115385487,409218.2275543213,23304.0,453.01035906545496,74000,,59.916863836286964,21.202,17.493,8.7538,5.656,3.2265,134.8800048828125,-5.769,MARA,63.99533224415135,364.0,332.76666259765625
2021-01-22,18.299999237060547,18.770000457763672,19.850000381469727,17.950000762939453,18.299999237060547,41305200,426472.6203745744,0,9.438154115385487,426463.182220459,23304.0,476.314351857533,74000,,61.56562681453877,19.974,17.7095,9.0165,5.7916,3.2981,134.8800048828125,-6.6333,MARA,63.41133071332366,364.0,331.57940673828125
2021-01-25,18.219999313354492,19.5,19.56999969482422,17.450000762939453,18.219999313354492,24655900,424608.3021525285,0,9.438154115385487,424598.8639984131,23304.0,473.7950029088223,74000,,60.76440660552064,19.14,18.08,9.2742,5.9115,3.3691,134.8800048828125,-7.0778,MARA,64.07408178226368,364.0,332.9267578125
2021-01-26,18.600000381469727,17.5,19.59000015258789,17.010000228881836,18.600000381469727,29926800,433463.8470438859,0,9.438154115385487,433454.4088897705,23304.0,485.76195546471064,74000,,58.00575325613194,18.39,18.464,9.545,6.0389,3.4413,134.8800048828125,-7.0712,MARA,63.828466086001015,364.0,332.42742919921875
2021-01-27,17.649999618530273,17.09000015258789,18.43000030517578,16.479999542236328,17.649999618530273,17609100,411325.0292643449,0,9.438154115385487,411315.5911102295,23304.0,455.8446341410066,74000,,51.19501301350836,18.066,18.734,9.8012,6.151,3.5097,134.8800048828125,-7.2083,MARA,59.86102652730168,364.0,324.3617553710937
2021-01-28,19.899999618530273,18.389999389648438,21.959999084472656,17.15999984741211,19.899999618530273,39673500,463759.0292643449,0,9.438154115385487,463749.5911102295,23304.0,526.7013908977634,74000,,45.21772733768311,18.534,19.141,10.0968,6.2744,3.5874,134.8800048828125,-6.3449,MARA,61.20048921997483,364.0,327.0848388671875
2021-01-29,20.739999771118164,24.139999389648438,24.18000030517578,19.649999618530273,20.739999771118164,43378300,483334.3928202531,0,9.438154115385487,483324.9546661377,23304.0,553.1545848922339,74000,,37.46116412264633,19.022,19.634,10.4075,6.4107,3.6692,134.8800048828125,-5.3714,MARA,57.97923380929071,364.0,320.5361328125
2021-02-01,20.739999771118164,20.579999923706055,21.15999984741211,19.350000381469727,20.739999771118164,17122600,484329.415220308,0,8.940565156645334,484320.47465515137,23352.0,545.7725536270774,75000,Buy all cash Monthly invest,43.282049787271966,19.526,20.149,10.7162,6.5466,3.7511,134.8800048828125,-4.6506,MARA,59.75601480723063,367.0,325.8033447265625
2021-02-02,22.739999771118164,21.389999389648438,23.40999984741211,20.299999237060547,22.739999771118164,23919100,531033.415220308,0,8.940565156645334,531024.4746551514,23352.0,608.0445536270773,75000,,40.88722790213091,20.354,20.7355,11.056,6.7039,3.8415,134.8800048828125,-3.4748,MARA,62.04756961680096,367.0,330.4863586425781
2021-02-03,23.670000076293945,23.0,24.959999084472656,22.799999237060547,23.670000076293945,26745800,552750.7823467728,0,8.940565156645334,552741.8417816162,23352.0,637.0010431290304,75000,,52.03153405275871,21.558,21.2395,11.4088,6.8714,3.9359,134.8800048828125,-2.4421,MARA,62.208938513285325,367.0,330.8161315917969
2021-02-04,22.799999237060547,24.0,24.09000015258789,21.860000610351562,22.799999237060547,21042000,532434.5227489945,0,8.940565156645334,532425.5821838379,23352.0,609.9126969986594,75000,,44.84924341656376,22.138,21.5315,11.7487,7.0318,4.0268,134.8800048828125,-2.1041,MARA,64.02100101328531,367.0,334.5192565917969
2021-02-05,22.520000457763672,23.100000381469727,23.889999389648438,21.899999618530273,22.520000457763672,16620800,525895.9912548539,0,8.940565156645334,525887.0506896973,23352.0,601.1946550064719,75000,,50.459367682319595,22.494,21.5395,12.0872,7.1872,4.1167,134.8800048828125,-2.0132,MARA,64.67572029225667,367.0,335.85723876953125
2021-02-08,32.06999969482422,26.940000534057617,32.06999969482422,25.649999618530273,32.06999969482422,73091600,748907.5734386918,0,8.940565156645334,748898.6328735352,23352.0,898.543431251589,75000,,70.54099448956863,24.76,21.8235,12.5852,7.4235,4.2463,134.8800048828125,0.7491,MARA,65.8883614055379,367.0,338.3353881835937
2021-02-09,37.59000015258789,35.5099983215332,39.7400016784668,33.529998779296875,37.59000015258789,57665400,877810.624128389,0,8.940565156645334,877801.6835632324,23352.0,1070.4141655045187,75000,,85.09578177828894,27.73,22.535,13.1728,7.7083,4.399,134.8800048828125,3.4807,MARA,65.7546190552775,367.0,338.06207275390625
2021-02-10,34.0099983215332,34.65999984741211,36.349998474121094,30.6299991607666,34.0099983215332,30291700,794210.4213696,0,8.940565156645334,794201.4808044434,23352.0,958.9472284928,75000,,79.40650163727143,29.798,22.928,13.7013,7.9656,4.5372,134.8800048828125,3.6778,MARA,65.69012226979574,367.0,337.9302673339844
2021-02-11,37.27000045776367,38.29999923706055,41.0,36.0,37.27000045776367,38459700,870337.9912548539,0,8.940565156645334,870329.0506896973,23352.0,1060.4506550064718,75000,,81.10855658087081,32.692,23.6415,14.2827,8.2489,4.6888,134.8800048828125,4.0548,MARA,65.95753230397543,367.0,338.47674560546875
2021-02-12,38.459999084472656,37.88999938964844,40.9900016784668,36.310001373291016,38.459999084472656,31026300,898126.8391857621,0,8.940565156645334,898117.8986206055,23352.0,1097.5024522476826,75000,,82.0253118408972,35.88,24.3425,14.8823,8.5468,4.8453,134.8800048828125,3.9985,MARA,66.8012918254598,367.0,340.2010498046875
2021-02-16,43.560001373291016,41.959999084472656,45.2599983215332,41.25,43.560001373291016,29144000,1017222.0926342484,0,8.940565156645334,1017213.1520690918,23352.0,1256.2961235123312,75000,,84.36122972083552,38.178,25.401,15.5567,8.8906,5.023,134.8800048828125,4.4434,MARA,66.64449250905355,367.0,339.880615234375
2021-02-17,47.900001525878906,46.029998779296875,49.40999984741211,43.650001525878906,47.900001525878906,35069000,1118569.776197481,0,8.940565156645334,1118560.8356323242,23352.0,1391.426368263308,75000,,88.08864045060878,40.24,26.6785,16.3068,9.2694,5.2188,134.8800048828125,4.8761,MARA,66.68140754811604,367.0,339.9560546875
2021-02-18,40.97999954223633,44.18000030517578,47.720001220703125,40.720001220703125,40.97999954223633,24599800,956973.8898754594,0,8.940565156645334,956964.9493103027,23352.0,1175.9651865006126,75000,,73.74943296356075,41.634,27.764,16.9383,9.5897,5.3858,134.8800048828125,3.2676,MARA,65.97134557708742,367.0,338.5049743652344
2021-02-19,43.27000045776367,43.7599983215332,46.400001525878906,42.18000030517578,43.27000045776367,24234100,1010449.9912548539,0,8.940565156645334,1010441.0506896973,23352.0,1247.2666550064719,75000,,74.5799661504979,42.834,29.0495,17.603,9.9315,5.5631,134.8800048828125,2.2322,MARA,65.66705037038167,367.0,337.88311767578125
2021-02-22,37.11000061035156,37.04999923706055,41.4900016784668,36.599998474121094,37.11000061035156,20575300,866601.6748180863,0,8.940565156645334,866592.7342529297,23352.0,1055.4688997574483,75000,,65.74341076076858,42.564,29.99,18.1395,10.2194,5.7147,134.8800048828125,0.1759,MARA,64.36678083913168,367.0,335.22589111328125
2021-02-23,28.559999465942383,30.989999771118164,31.709999084472656,26.059999465942383,28.559999465942383,31753900,666942.0480938432,0,8.940565156645334,666933.1075286865,23352.0,789.2560641251242,75000,,54.97095904107882,39.564,30.507,18.5337,10.4367,5.8307,134.8800048828125,-2.798,MARA,64.57429353444417,367.0,335.64996337890625
2021-02-24,33.40999984741211,32.54999923706055,36.540000915527344,31.1299991607666,33.40999984741211,26775000,780199.2570019242,0,8.940565156645334,780190.3164367676,23352.0,940.2656760025657,75000,,57.79698881422326,36.666,31.2475,19.0052,10.6937,5.9676,134.8800048828125,-3.8329,MARA,66.39091068125407,367.0,339.3623962402344
2021-02-25,30.6299991607666,36.06999969482422,37.689998626708984,29.68000030517578,30.6299991607666,23955600,715280.6809673783,0,8.940565156645334,715271.7404022217,23352.0,853.7075746231711,75000,,56.082024928987046,34.596,31.8965,19.4443,10.9292,6.0927,134.8800048828125,-4.9631,MARA,62.40720751556397,367.0,331.2213134765625
2021-02-26,30.149999618530273,28.549999237060547,32.349998474121094,28.200000762939453,30.149999618530273,21127500,704071.7316570756,0,8.940565156645334,704062.791091919,23352.0,838.7623088761007,75000,,55.90831506110146,31.972,32.409,19.8422,11.1629,6.2163,134.8800048828125,-5.6693,MARA,61.51733406178792,367.0,329.4027709960937
2021-03-01,38.5,34.220001220703125,38.5,32.33000183105469,38.5,22963800,900055.9355651566,0,2.9355651566454526,900053.0,23378.0,1084.284125743627,76000,Buy all cash Monthly invest,55.07337798039353,32.25,33.297,20.3807,11.4663,6.3747,134.8800048828125,-4.4013,MARA,64.58246063644009,370.0,337.440185546875
2021-03-02,34.88999938964844,40.0,40.0,34.66999816894531,34.88999938964844,17302500,815661.3412963578,0,2.9355651566454526,815658.4057312012,23378.0,973.2386069688918,76000,,47.80344915358859,33.516,34.0045,20.8662,11.7417,6.5185,134.8800048828125,-4.2084,MARA,63.31178015869543,370.0,334.83013916015625
2021-03-03,36.619998931884766,38.11000061035156,38.45000076293945,34.83000183105469,36.619998931884766,18558700,856105.2705947587,0,2.9355651566454526,856102.335029602,23378.0,1026.4543034141561,76000,,52.1892302043093,34.158,34.6985,21.378,12.0304,6.669,134.8800048828125,-3.6871,MARA,61.16036237626328,370.0,330.4110107421875
2021-03-04,32.0099983215332,34.349998474121094,36.20000076293945,28.5,32.0099983215332,20974700,748332.6763259599,0,2.9355651566454526,748329.7407608032,23378.0,884.6482583236315,76000,,45.685694261058934,34.434,35.1155,21.8215,12.2814,6.8002,134.8800048828125,-4.1473,MARA,59.17867372623245,370.0,326.34051513671875
2021-03-05,30.030000686645508,32.400001525878906,32.880001068115234,24.110000610351562,30.030000686645508,24275700,702044.2916175553,0,2.9355651566454526,702041.3560523987,23378.0,823.7424889704675,76000,,43.17409099865275,34.41,35.477,22.2302,12.5167,6.9235,134.8800048828125,-4.7087,MARA,62.091569731963325,370.0,332.3237609863281
2021-03-08,28.510000228881836,31.5,32.45000076293945,28.010000228881836,28.510000228881836,16352300,666509.7209159562,0,2.9355651566454526,666506.7853507996,23378.0,776.9864748894161,76000,,37.06377846165145,32.412,35.7765,22.619,12.7377,7.0401,134.8800048828125,-5.2204,MARA,61.29794043701576,370.0,330.693603515625
2021-03-09,36.77000045776367,32.02000045776367,37.959999084472656,31.829999923706055,36.77000045776367,27885100,859612.0062667558,0,2.9355651566454526,859609.0707015991,23378.0,1031.0684292983628,76000,,41.03720377117421,32.788,36.0115,23.1522,13.0277,7.1912,134.8800048828125,-3.7705,MARA,63.55031317871496,370.0,335.3200988769531
2021-03-10,38.189998626708984,39.400001525878906,40.54999923706055,36.29999923706055,38.189998626708984,24032800,892808.7234603593,0,2.9355651566454526,892805.7878952026,23378.0,1074.748320342578,76000,,47.53489935677288,33.102,36.0415,23.7017,13.3287,7.3482,134.8800048828125,-2.5012,MARA,64.55952105482001,370.0,337.39306640625
2021-03-11,41.810001373291016,38.900001525878906,42.209999084472656,37.869998931884766,41.810001373291016,19389200,977437.147669954,0,2.9355651566454526,977434.2121047974,23378.0,1186.1015100920447,76000,,48.739641717480445,35.062,36.4315,24.3193,13.6605,7.5203,134.8800048828125,-1.0199,MARA,66.29353948101246,370.0,340.954833984375
2021-03-12,40.70000076293945,37.77000045776367,43.599998474121094,37.5,40.70000076293945,15683400,951487.5534011552,0,2.9355651566454526,951484.6178359985,23378.0,1151.9573071067832,76000,,53.39512007384941,37.196,36.603,24.9053,13.9837,7.6879,134.8800048828125,-0.3609,MARA,66.52746675601759,370.0,341.4353332519531
2021-03-15,43.099998474121094,41.0099983215332,44.869998931884766,41.0,43.099998474121094,15997600,1007594.6998931596,0,2.9355651566454526,1007591.7643280029,23378.0,1225.7824998594203,76000,,65.56078683847774,40.114,36.835,25.5058,14.3271,7.8656,134.8800048828125,0.3786,MARA,67.49079546888252,370.0,343.4140625
2021-03-16,38.36000061035156,41.59000015258789,42.189998626708984,37.08000183105469,38.36000061035156,14829500,896783.0298339555,0,2.9355651566454526,896780.0942687988,23378.0,1079.977670834152,76000,,55.3100204926435,40.432,36.575,26.008,14.6316,8.0237,134.8800048828125,-0.0963,MARA,67.30274735711752,370.0,343.0278015136719
2021-03-17,43.18000030517578,37.0099983215332,43.400001525878906,35.0,43.18000030517578,21192100,1009464.982699556,0,2.9355651566454526,1009462.0471343994,23378.0,1228.2433982888895,76000,,62.89825511497824,41.43,36.339,26.5698,14.9777,8.2018,134.8800048828125,0.339,MARA,67.84860242753281,370.0,344.1490173339844
2021-03-18,41.560001373291016,41.900001525878906,45.90999984741211,40.709999084472656,41.560001373291016,22632700,971592.647669954,0,2.9355651566454526,971589.7121047974,23378.0,1178.4113785130974,76000,,61.45812698959103,41.38,36.368,27.1073,15.3095,8.373,134.8800048828125,0.2206,MARA,65.38522713520653,370.0,339.089111328125
2021-03-19,43.04999923706055,42.310001373291016,44.29999923706055,41.599998474121094,43.04999923706055,18246700,1006425.8177291581,0,2.9355651566454526,1006422.8821640015,23378.0,1224.2444970120503,76000,,55.29932449723828,41.85,36.357,27.6332,15.6522,8.5503,134.8800048828125,0.2842,MARA,65.09166289088601,370.0,338.4861145019531
2021-03-22,39.9900016784668,42.970001220703125,43.22999954223633,39.130001068115234,39.9900016784668,16740600,934889.1948043534,0,2.9355651566454526,934886.2592391968,23378.0,1130.1173615846756,76000,,56.01699331932751,41.228,36.501,28.0668,15.9686,8.7149,134.8800048828125,-0.2792,MARA,66.39447958303755,370.0,341.16217041015625
2021-03-23,38.040000915527344,39.189998626708984,41.369998931884766,37.61000061035156,38.040000915527344,15570400,889302.0769683549,0,2.9355651566454526,889299.1414031982,23378.0,1070.1343118004668,76000,,51.66666935307377,41.164,36.975,28.5207,16.2687,8.8714,134.8800048828125,-1.0143,MARA,65.17426915630541,370.0,338.6557922363281
2021-03-24,34.040000915527344,40.02000045776367,40.59000015258789,33.63999938964844,34.040000915527344,14714100,795790.0769683549,0,2.9355651566454526,795787.1414031982,23378.0,947.092206537309,76000,,52.41724585152712,39.336,37.0065,28.906,16.5361,9.0113,134.8800048828125,-2.1568,MARA,64.26138077996907,370.0,336.7806701660156
2021-03-25,34.20000076293945,29.84000015258789,34.70000076293945,29.56999969482422,34.20000076293945,17276000,799530.5534011552,0,2.9355651566454526,799527.6178359985,23378.0,952.0138860541515,76000,,55.19044169824809,37.864,37.185,29.2718,16.8048,9.152,134.8800048828125,-2.8133,MARA,65.1834063601243,370.0,338.674560546875
2021-03-26,36.09000015258789,34.75,36.189998626708984,33.79999923706055,36.09000015258789,10801900,843714.9591323563,0,2.9355651566454526,843712.0235671997,23378.0,1010.1512620162584,76000,,59.34879321123006,36.472,37.482,29.6773,17.0893,9.3005,134.8800048828125,-2.8265,MARA,67.87320602025484,370.0,344.1995544433594
2021-03-29,38.130001068115234,39.02000045776367,40.439998626708984,37.619998931884766,38.130001068115234,15161100,891406.1005355546,0,2.9355651566454526,891403.164970398,23378.0,1072.9027638625719,76000,,51.981353328635365,36.1,37.4635,30.1315,17.3907,9.4575,134.8800048828125,-2.3995,MARA,67.77193905890617,370.0,343.9915466308594
2021-03-30,44.13999938964844,39.33000183105469,44.349998474121094,38.54999923706055,44.13999938964844,23344700,1031907.8412963578,0,2.9355651566454526,1031904.9057312012,23378.0,1257.7734753899445,76000,,57.64585190559902,37.32,37.926,30.6932,17.7429,9.6396,134.8800048828125,-1.056,MARA,67.34379791671353,370.0,343.11212158203125
2021-03-31,48.02000045776367,43.529998779296875,50.209999084472656,42.599998474121094,48.02000045776367,35148800,1122614.5062667558,0,2.9355651566454526,1122611.5707015991,23378.0,1377.1243503509945,76000,,57.926985683341286,40.116,38.496,31.31,18.1269,9.8379,134.8800048828125,0.3841,MARA,68.00672805394625,370.0,344.47381591796875
2021-04-01,48.849998474121094,48.880001068115234,51.7599983215332,47.310001373291016,48.849998474121094,20813200,1143013.314893312,0,21.05059582681156,1142992.2642974854,23398.0,1384.4328764848208,77000,Buy all cash Monthly invest,60.47827235455959,43.046,39.338,31.8977,18.5162,10.0396,134.8800048828125,1.2878,MARA,68.87060600449205,373.0,348.1237487792969
2021-04-05,56.560001373291016,48.88999938964844,57.16999816894531,47.400001525878906,56.560001373291016,29046800,1323411.96272809,0,21.05059582681156,1323390.9121322632,23398.0,1618.716834711805,77000,,65.22624998888818,47.14,40.6645,32.5577,18.9695,10.2735,134.8800048828125,2.8214,MARA,71.30283997840385,373.0,353.14471435546875
2021-04-06,52.45000076293945,56.689998626708984,57.75,51.220001220703125,52.45000076293945,21419500,1227246.168447084,0,21.05059582681156,1227225.1178512573,23398.0,1493.8261927884207,77000,,66.16938430675248,50.004,41.8615,33.0592,19.3864,10.4903,134.8800048828125,2.8758,MARA,71.20664575819535,373.0,352.9461364746094
2021-04-07,46.2599983215332,49.209999084472656,51.16999816894531,45.54999923706055,46.2599983215332,21233700,1082412.4913230606,0,21.05059582681156,1082391.440727234,23398.0,1305.730508211767,77000,,53.42678917498553,50.428,42.336,33.3903,19.7523,10.681,134.8800048828125,1.7834,MARA,71.42193336060755,373.0,353.3905639648437
2021-04-08,49.81999969482422,48.70000076293945,52.099998474121094,48.470001220703125,49.81999969482422,22117800,1165709.4034553238,0,21.05059582681156,1165688.352859497,23398.0,1413.908316175745,77000,,58.80972497156269,50.788,42.9175,33.8313,20.1487,10.8866,134.8800048828125,1.4257,MARA,72.25560181922417,373.0,355.1115417480469
2021-04-09,49.0,51.0,52.11000061035156,46.849998474121094,49.0,20887500,1146523.0505958267,0,21.05059582681156,1146502.0,23398.0,1388.9909747997751,77000,,56.43800085440628,50.818,43.277,34.2122,20.5376,11.0889,134.8800048828125,0.9225,MARA,73.49233396525196,373.0,357.6645812988281
2021-04-12,50.06999969482422,51.61000061035156,54.52000045776367,48.709999084472656,50.06999969482422,27398800,1171558.9034553238,0,21.05059582681156,1171537.852859497,23398.0,1421.5050694224985,77000,,61.39755412543244,49.52,43.7455,34.6633,20.9367,11.2957,134.8800048828125,0.617,MARA,73.57022659569282,373.0,357.82537841796875
2021-04-13,51.0,54.0,54.040000915527344,49.720001220703125,51.0,33395300,1193319.0505958267,0,21.05059582681156,1193298.0,23398.0,1449.765000773801,77000,,64.99999735090495,49.23,44.1405,35.106,21.3422,11.5062,134.8800048828125,0.4273,MARA,74.04201733547062,373.0,358.79931640625
2021-04-14,42.970001220703125,50.959999084472656,50.97999954223633,42.2599983215332,42.970001220703125,43053800,1005433.1391578385,0,21.05059582681156,1005412.0885620117,23398.0,1205.7573235816085,77000,,59.45373668268521,48.572,44.371,35.449,21.6798,11.6833,134.8800048828125,-0.8847,MARA,73.4831683871777,373.0,357.6456604003906
2021-04-15,42.13999938964844,43.869998931884766,44.97999954223633,38.54999923706055,42.13999938964844,35506900,986012.756314821,0,21.05059582681156,985991.7057189941,23398.0,1180.5360471621052,77000,,58.288097851194806,47.036,44.319,35.7788,22.0073,11.8571,134.8800048828125,-1.8554,MARA,75.34286417844697,373.0,361.4847106933594
2021-04-16,38.93000030517578,39.599998474121094,41.189998626708984,37.68000030517578,38.93000030517578,23728200,910905.1977363297,0,21.05059582681156,910884.1471405029,23398.0,1082.9937632939348,77000,,52.885005954941775,45.022,44.1875,36.1065,22.3067,12.0175,134.8800048828125,-2.8965,MARA,75.95667702880462,373.0,362.7518310546875
2021-04-19,35.54999923706055,35.02000045776367,37.09000015258789,33.2400016784668,35.54999923706055,28403500,831819.9327445695,0,21.05059582681156,831798.8821487427,23398.0,980.2856269409994,77000,,47.4485744003962,42.118,43.8125,36.4063,22.5801,12.1638,134.8800048828125,-3.9707,MARA,75.09092904692811,373.0,360.9646301269531
2021-04-20,33.56999969482422,34.79999923706055,35.77000045776367,30.739999771118164,33.56999969482422,26874700,785491.9034553239,0,21.05059582681156,785470.8528594971,23398.0,920.1193551367842,77000,,38.64173840641269,38.632,43.4915,36.6608,22.8387,12.3015,134.8800048828125,-4.8241,MARA,73.80838379371939,373.0,358.3170166015625
2021-04-21,34.93000030517578,31.389999389648438,35.68000030517578,31.049999237060547,34.93000030517578,22768400,817313.1977363297,0,21.05059582681156,817292.1471405029,23398.0,961.4457113458828,77000,,35.12838175120497,37.024,43.336,36.9393,23.1068,12.4442,134.8800048828125,-4.9811,MARA,75.43905839865552,373.0,361.6832885742188
2021-04-22,31.059999465942383,34.54999923706055,35.72999954223633,30.920000076293945,31.059999465942383,22212700,726762.9180999467,0,21.05059582681156,726741.8675041199,23398.0,843.8479455843463,77000,,31.094584813251146,34.808,43.187,37.147,23.346,12.5699,134.8800048828125,-5.4979,MARA,73.83128295571464,373.0,358.3642883300781
2021-04-23,32.29999923706055,29.09000015258789,32.709999084472656,28.360000610351562,32.29999923706055,21697800,755776.4327445695,0,21.05059582681156,755755.3821487427,23398.0,881.5278347332072,77000,,20.108429323530572,33.482,43.092,37.3912,23.5962,12.7013,134.8800048828125,-5.4012,MARA,75.68184273529053,373.0,362.1844787597656
2021-04-26,34.13999938964844,34.91999816894531,36.31999969482422,33.2599983215332,34.13999938964844,20890200,798828.756314821,0,21.05059582681156,798807.7057189941,23398.0,937.4399432660014,77000,,26.10284665397026,33.2,42.9945,37.6285,23.8627,12.841,134.8800048828125,-4.7888,MARA,76.06197769432563,373.0,362.9692077636719
2021-04-27,34.119998931884766,35.099998474121094,35.400001525878906,33.779998779296875,34.119998931884766,12994300,798360.7856040666,0,21.05059582681156,798339.7350082397,23398.0,936.8321890961903,77000,,31.113879621507067,33.31,42.794,37.8515,24.1295,12.98,134.8800048828125,-4.1715,MARA,76.00702857545139,373.0,362.8557739257813
2021-04-28,37.63999938964844,34.18000030517578,37.91999816894531,33.58000183105469,37.63999938964844,20558200,880721.756314821,0,21.05059582681156,880700.7057189941,23398.0,1043.7944887205467,77000,,31.02803826057898,33.852,42.469,38.1332,24.4247,13.1333,134.8800048828125,-2.9639,MARA,75.92458272235424,373.0,362.6855773925781
2021-04-29,34.2599983215332,36.099998474121094,36.63999938964844,33.79999923706055,34.2599983215332,15562100,801636.4913230607,0,21.05059582681156,801615.4407272339,23398.0,941.0863523676113,77000,,28.73629526678225,34.492,41.781,38.3252,24.6906,13.2727,134.8800048828125,-2.6158,MARA,77.09721495462392,373.0,365.1062927246094
2021-04-30,36.779998779296875,34.97999954223633,38.54999923706055,34.66999816894531,36.779998779296875,22154500,860599.4620338151,0,21.05059582681156,860578.4114379883,23398.0,1017.6616390049547,77000,,31.597896307223493,35.388,41.1775,38.5437,24.9762,13.4226,134.8800048828125,-1.8102,MARA,75.92919507777228,373.0,362.6950988769531
2021-05-03,36.220001220703125,38.20000076293945,39.68000030517578,35.209999084472656,36.220001220703125,17671200,848491.5683576677,0,1.8197614762257217,848489.7485961914,23426.0,987.8097030226508,78000,Buy all cash Monthly invest,29.322890199804093,35.804,40.1605,38.7673,25.258,13.5701,134.8800048828125,-1.2821,MARA,75.34209611657951,376.0,363.51763916015625
2021-05-04,33.95000076293945,34.880001068115234,35.2400016784668,32.220001220703125,33.95000076293945,14261900,795314.5376340959,0,1.8197614762257217,795312.7178726196,23426.0,919.6340226078153,78000,,34.95663867949904,35.77,39.2355,38.9578,25.5225,13.7081,134.8800048828125,-1.2522,MARA,74.27554588621092,376.0,361.30511474609375
2021-05-05,33.54999923706055,34.5,36.22999954223633,32.95000076293945,33.54999923706055,15077600,785944.1018888566,0,1.8197614762257217,785942.2821273804,23426.0,907.6206434472521,78000,,35.46531427163947,34.952,38.6,38.9825,25.7838,13.845,134.8800048828125,-1.2146,MARA,74.3074394158584,376.0,361.3712768554688
2021-05-06,31.399999618530273,33.59000015258789,34.11000061035156,30.0,31.399999618530273,13903800,735578.2108251664,0,1.8197614762257217,735576.3910636902,23426.0,843.0489882373928,78000,,36.7848372430628,34.38,37.679,38.8793,26.0261,13.9727,134.8800048828125,-1.4869,MARA,75.72500971583833,376.0,364.3119812011719
2021-05-07,31.329999923706055,31.90999984741211,32.790000915527344,30.809999465942383,31.329999923706055,11735100,733938.3979742143,0,1.8197614762257217,733936.578212738,23426.0,840.9466640695055,78000,,41.62033569787479,33.29,36.7955,38.8347,26.268,14.1003,134.8800048828125,-1.5725,MARA,76.97850781279345,376.0,366.9123229980469
2021-05-10,27.81999969482422,30.989999771118164,31.149999618530273,27.6200008392334,27.81999969482422,17201100,651713.1326124284,0,1.8197614762257217,651711.3128509521,23426.0,735.5296571954209,78000,,39.236242276524244,31.61,35.683,38.6772,26.4799,14.2132,134.8800048828125,-2.1741,MARA,75.2463861055619,376.0,363.319091796875
2021-05-11,25.950000762939453,23.600000381469727,26.40999984741211,23.229999542236328,25.950000762939453,23322000,607906.5376340959,0,1.8197614762257217,607904.7178726196,23426.0,679.3673559411485,78000,,33.50477748067425,30.01,34.4305,38.4687,26.6755,14.3183,134.8800048828125,-2.7941,MARA,73.7103036861909,376.0,360.1325378417969
2021-05-12,22.850000381469727,24.850000381469727,26.309999465942383,22.43000030517578,22.850000381469727,20186900,535285.9286977861,0,1.8197614762257217,535284.1089363098,23426.0,586.2640111510077,78000,,34.480153407072606,27.87,33.4245,38.1235,26.8401,14.4106,134.8800048828125,-3.6632,MARA,70.004519744384,376.0,352.44500732421875
2021-05-13,19.65999984741211,21.3700008392334,22.600000381469727,18.31999969482422,19.65999984741211,33368400,460556.9761869523,0,1.8197614762257217,460555.1564254761,23426.0,490.457661778144,78000,,27.74648114344201,25.522,32.3005,37.6528,26.9798,14.4895,134.8800048828125,-4.7215,MARA,72.02378619570611,376.0,356.6339111328125
2021-05-14,23.079999923706055,21.229999542236328,23.989999771118164,20.989999771118164,23.079999923706055,24535800,540673.8979742143,0,1.8197614762257217,540672.078212738,23426.0,593.1716640695055,78000,,31.554371362287753,23.872,31.508,37.3545,27.1464,14.5822,134.8800048828125,-4.4438,MARA,74.66297577403142,376.0,362.10882568359375
2021-05-17,22.360000610351562,20.559999465942383,22.510000228881836,20.309999465942383,22.360000610351562,19471000,523807.19405957195,0,1.8197614762257217,523805.3742980957,23426.0,571.547684691759,78000,,30.83442274355312,22.78,30.8485,37.006,27.3045,14.6715,134.8800048828125,-4.1761,MARA,74.24360822345051,376.0,361.2388610839844
2021-05-18,22.989999771118164,22.059999465942383,23.8700008392334,21.809999465942383,22.989999771118164,16461700,538565.5543996904,0,1.8197614762257217,538563.7346382141,23426.0,590.4686594867825,78000,,23.64159744262905,22.188,30.3195,36.7707,27.4551,14.7628,134.8800048828125,-3.6111,MARA,72.73941933372694,376.0,358.11846923828125
2021-05-19,21.709999084472656,19.450000762939453,21.780000686645508,19.309999465942383,21.709999084472656,33073100,508580.2583143327,0,1.8197614762257217,508578.43855285645,23426.0,552.0259721978624,78000,,25.57415354625057,21.96,29.6585,36.6565,27.5951,14.8491,134.8800048828125,-3.3144,MARA,72.2835978318239,376.0,357.1728820800781
2021-05-20,21.889999389648438,23.469999313354492,24.270000457763672,20.93000030517578,21.889999389648438,22823400,512796.94546338054,0,1.8197614762257217,512795.1257019043,23426.0,557.4319813633084,78000,,18.115630915027495,22.406,29.2,36.4645,27.7348,14.9365,134.8800048828125,-2.8564,MARA,74.12055039342249,376.0,360.9835815429688
2021-05-21,20.889999389648438,21.940000534057617,22.799999237060547,20.40999984741211,20.889999389648438,20760500,489370.94546338054,0,1.8197614762257217,489369.1257019043,23426.0,527.3986480299751,78000,,17.7805774672143,21.968,28.6295,36.3022,27.8732,15.0198,134.8800048828125,-2.598,MARA,73.98835700900739,376.0,360.7093505859375
2021-05-24,23.149999618530273,21.260000228881836,23.290000915527344,21.09000015258789,23.149999618530273,22112000,542313.7108251664,0,1.8197614762257217,542311.8910636902,23426.0,595.2739882373929,78000,,27.29184013338927,22.126,28.08,36.1855,28.0138,15.111,134.8800048828125,-1.6542,MARA,75.74325140253704,376.0,364.3498229980469
2021-05-25,22.6200008392334,22.399999618530273,23.290000915527344,21.93000030517578,22.6200008392334,13849400,529897.9594213578,0,1.8197614762257217,529896.1396598816,23426.0,579.35635823251,78000,,27.14345600274416,22.052,27.505,35.9208,28.1507,15.2014,134.8800048828125,-1.0039,MARA,75.37403377933994,376.0,363.5838928222656
2021-05-26,25.260000228881836,23.670000076293945,25.93000030517578,23.329999923706055,25.260000228881836,23333400,591742.5851232621,0,1.8197614762257217,591740.7653617859,23426.0,658.6443399016181,78000,,37.41803285736642,22.762,26.886,35.7603,28.3132,15.3028,134.8800048828125,0.2443,MARA,75.69308676411556,376.0,364.2457580566406
2021-05-27,25.84000015258789,26.510000228881836,27.110000610351562,24.780000686645508,25.84000015258789,20543600,605329.6633360002,0,1.8197614762257217,605327.8435745239,23426.0,676.06367094359,78000,,38.98032873321029,23.552,26.465,35.5807,28.4793,15.4065,134.8800048828125,1.2875,MARA,75.77058451050979,376.0,364.4065246582031
2021-05-28,24.770000457763672,24.84000015258789,25.709999084472656,24.15999984741211,24.770000457763672,12356100,580263.850485048,0,1.8197614762257217,580262.0307235718,23426.0,643.9280134423693,78000,,43.21317403391125,24.328,25.8645,35.46,28.6407,15.5058,134.8800048828125,1.7261,MARA,76.11248373677186,376.0,365.1157836914063
2021-06-01,25.200000762939453,24.540000915527344,25.649999618530273,24.450000762939453,25.200000762939453,11831000,591332.1236339471,0,14.105731572813966,591318.0179023743,23465.0,648.521675486009,79000,Buy all cash Monthly invest,48.2168329920724,24.738,25.3135,35.3795,28.8048,15.6071,134.8800048828125,2.1368,MARA,75.00935012923617,378.0,364.8320007324219
2021-06-02,25.239999771118164,25.8799991607666,26.299999237060547,24.93000030517578,25.239999771118164,12685500,592270.7003608606,0,14.105731572813966,592256.5946292877,23465.0,649.7097472922286,79000,,56.64997143752969,25.262,24.878,35.325,28.972,15.7087,134.8800048828125,2.4056,MARA,75.30347986061967,378.0,365.44671630859375
2021-06-03,23.790000915527344,25.639999389648438,25.719999313354492,23.729999542236328,23.790000915527344,9132900,558246.477214422,0,14.105731572813966,558232.3714828491,23465.0,606.6411103980025,79000,,62.72335845753628,24.968,24.39,35.1087,29.1304,15.8043,134.8800048828125,2.1864,MARA,74.63838424402553,378.0,364.05670166015625
2021-06-04,24.350000381469727,23.229999542236328,24.75,23.09000015258789,24.350000381469727,8142400,571386.86468276,0,14.105731572813966,571372.7589511871,23465.0,623.2745122566582,79000,,54.749442489066624,24.67,24.0375,34.878,29.2898,15.9012,134.8800048828125,2.1753,MARA,76.21739494912842,378.0,367.3567504882813
2021-06-07,24.389999389648438,24.139999389648438,24.6200008392334,23.579999923706055,24.389999389648438,7793100,572325.4414096734,0,14.105731572813966,572311.3356781006,23465.0,624.4625840628777,79000,,57.99842241612021,24.594,23.6905,34.5877,29.4535,15.9983,134.8800048828125,2.1602,MARA,76.06810326597969,378.0,367.0447387695313
2021-06-08,23.639999389648438,23.170000076293945,23.889999389648438,21.540000915527344,23.639999389648438,13667200,554726.6914096734,0,14.105731572813966,554712.5856781006,23465.0,602.1856853287005,79000,,52.53707977827103,24.282,23.4815,34.3033,29.6043,16.0927,134.8800048828125,1.935,MARA,76.09523393375062,378.0,367.1014404296875
2021-06-09,26.139999389648438,23.959999084472656,27.239999771118164,23.40999984741211,26.139999389648438,17945200,613389.1914096734,0,14.105731572813966,613375.0856781006,23465.0,676.4420144426246,79000,,65.78760475806845,24.462,23.491,34.0207,29.7632,16.1974,134.8800048828125,2.4219,MARA,75.81925458990173,378.0,366.524658203125
2021-06-10,26.510000228881836,26.549999237060547,27.450000762939453,25.68000030517578,26.510000228881836,12889400,622071.2611022851,0,14.105731572813966,622057.1553707123,23465.0,687.431976078842,79000,,66.24473383156013,25.006,23.674,33.8232,29.9156,16.304,134.8800048828125,2.7773,MARA,76.62911524432221,378.0,368.21722412109375
2021-06-11,26.549999237060547,26.600000381469727,27.049999237060547,25.829999923706055,26.549999237060547,7224800,623009.8378291986,0,14.105731572813966,622995.7320976257,23465.0,688.6200478850615,79000,,71.342391373142,25.446,24.0185,33.546,30.0579,16.411,134.8800048828125,2.9407,MARA,76.93678110542783,378.0,368.8602294921875
2021-06-14,29.940000534057617,29.0,32.060001373291016,28.440000534057617,29.940000534057617,20040200,702556.2182632348,0,14.105731572813966,702542.112531662,23465.0,789.311668687639,79000,,73.59278319496767,26.556,24.3615,33.3523,30.2298,16.5319,134.8800048828125,3.7984,MARA,77.38018791787842,378.0,369.7869262695313
2021-06-15,30.670000076293945,30.84000015258789,31.6299991607666,28.950000762939453,30.670000076293945,14980400,719685.6575218103,0,14.105731572813966,719671.5517902374,23465.0,810.9945031921649,79000,,77.58739293221916,27.962,24.777,33.146,30.3896,16.6558,134.8800048828125,4.3547,MARA,77.009163624341,378.0,369.0115051269531
2021-06-16,29.969999313354492,29.68000030517578,30.440000534057617,28.940000534057617,29.969999313354492,10244900,703260.139619436,0,14.105731572813966,703246.0338878632,23465.0,790.202708379033,79000,,68.61660054020948,28.728,25.126,32.979,30.5229,16.7769,134.8800048828125,4.342,MARA,76.04092879196362,378.0,366.9879455566406
2021-06-17,30.059999465942383,29.84000015258789,32.040000915527344,29.84000015258789,30.059999465942383,11472600,705371.9931999109,0,14.105731572813966,705357.887468338,23465.0,792.8759407593809,79000,,67.3519738003034,29.438,25.5435,32.846,30.6833,16.8982,134.8800048828125,4.1581,MARA,75.97761416577693,378.0,366.8556213378906
2021-06-18,28.920000076293945,29.719999313354492,30.0,28.280000686645508,28.920000076293945,9797000,678621.9075218103,0,14.105731572813966,678607.8017902374,23465.0,759.0150728124181,79000,,66.96647760050193,29.912,25.895,32.7607,30.8333,17.015,134.8800048828125,3.5871,MARA,73.64754538919962,378.0,361.9859008789063
2021-06-21,27.829999923706055,27.200000762939453,28.579999923706055,27.010000228881836,27.829999923706055,10225800,653045.0539413354,0,14.105731572813966,653030.9482097626,23465.0,726.6393087865005,79000,,60.2017054866692,29.49,26.242,32.6545,30.9632,17.1268,134.8800048828125,2.8131,MARA,76.07261530922035,378.0,367.0541687011719
2021-06-22,27.34000015258789,25.530000686645508,27.81999969482422,24.5,27.34000015258789,18428400,641547.2093120477,0,14.105731572813966,641533.1035804749,23465.0,712.0850750785413,79000,,57.871066932932955,28.824,26.4515,32.5087,31.093,17.2368,134.8800048828125,2.085,MARA,77.0046515811003,378.0,369.0020751953125
2021-06-23,27.610000610351562,28.360000610351562,29.100000381469727,27.420000076293945,27.610000610351562,9348300,647882.7700534723,0,14.105731572813966,647868.6643218994,23465.0,720.104772219585,79000,,65.70723578437047,28.352,26.701,32.3333,31.2324,17.348,134.8800048828125,1.5938,MARA,76.81460548796836,378.0,368.6048889160156
2021-06-24,29.479999542236328,28.1200008392334,29.8799991607666,27.75,29.479999542236328,10040900,691762.2949901483,0,14.105731572813966,691748.1892585754,23465.0,775.6484746710738,79000,,69.04231411385668,28.236,26.912,32.089,31.3911,17.4671,134.8800048828125,1.6398,MARA,77.82355092408389,378.0,370.7135314941406
2021-06-25,28.190000534057617,28.549999237060547,28.93000030517578,27.65999984741211,28.190000534057617,22895500,661492.4682632348,0,14.105731572813966,661478.362531662,23465.0,737.3322383078921,79000,,62.90761318501451,28.09,27.0295,31.7585,31.5342,17.5808,134.8800048828125,1.2912,MARA,78.47960785211497,378.0,372.0846557617188
2021-06-28,30.110000610351562,29.239999771118164,30.770000457763672,28.790000915527344,30.110000610351562,10762600,706545.2700534723,0,14.105731572813966,706531.1643218994,23465.0,794.3611013335092,79000,,70.35872079679882,28.546,27.2965,31.4462,31.6719,17.7024,134.8800048828125,1.4419,MARA,78.85061754357068,378.0,372.8600463867188
2021-06-29,31.889999389648438,31.899999618530273,33.720001220703125,31.299999237060547,31.889999389648438,14213800,748312.9414096734,0,14.105731572813966,748298.8356781006,23465.0,847.2315714046498,79000,,68.95188099551288,29.456,27.631,31.035,31.7963,17.8315,134.8800048828125,1.85,MARA,78.92913293679156,378.0,373.0241394042969
2021-06-30,31.3700008392334,31.1200008392334,32.20000076293945,30.040000915527344,31.3700008392334,9633700,736111.1754241845,0,14.105731572813966,736097.0696926117,23465.0,831.7862980052969,79000,,65.86162505649214,30.208,27.9375,30.6837,31.8714,17.9585,134.8800048828125,1.8764,MARA,79.0925594350115,378.0,373.3656921386719
2021-07-01,30.690000534057617,31.3700008392334,31.549999237060547,30.200000762939453,30.690000534057617,5881700,721150.0578631493,0,27.115314397521047,721122.9425487518,23497.0,801.4375723289368,80000,Buy all cash Monthly invest,62.969931169320844,30.45,28.2825,30.4242,31.9072,18.0825,134.8800048828125,1.6302,MARA,79.09210007371905,381.0,375.4720153808594
2021-07-02,30.290000915527344,30.899999618530273,31.299999237060547,30.15999984741211,30.290000915527344,4748900,711751.2668265435,0,27.115314397521047,711724.151512146,23497.0,789.6890835331794,80000,,51.34926947933776,30.87,28.5795,30.0987,31.965,18.2047,134.8800048828125,1.2877,MARA,80.45220600786212,381.0,378.327880859375
2021-07-06,29.719999313354492,30.829999923706055,30.950000762939453,29.030000686645508,29.719999313354492,5946400,698357.939180288,0,27.115314397521047,698330.8238658905,23497.0,772.9474239753599,80000,,46.29195572210654,30.792,28.846,29.7773,31.9947,18.3242,134.8800048828125,0.8651,MARA,80.1133022755623,381.0,377.61627197265625
2021-07-07,28.59000015258789,30.049999237060547,30.25,28.450000762939453,28.59000015258789,5634100,671806.3488997552,0,27.115314397521047,671779.2335853577,23497.0,739.757936124694,80000,,44.788521215154326,30.132,29.0935,29.4193,32.0413,18.4393,134.8800048828125,0.292,MARA,80.73234879198077,381.0,378.9161071777344
2021-07-08,27.790000915527344,27.030000686645508,28.1200008392334,26.600000381469727,27.790000915527344,5225900,653008.7668265435,0,27.115314397521047,652981.651512146,23497.0,716.2609585331793,80000,,41.86380158644976,29.416,29.176,29.0325,32.0692,18.5508,134.8800048828125,-0.2764,MARA,79.29545975389483,381.0,375.8990173339844
2021-07-09,27.690000534057617,28.260000228881836,28.68000030517578,27.520000457763672,27.690000534057617,4204500,650659.0578631493,0,27.115314397521047,650631.9425487518,23497.0,713.3238223289366,80000,,45.23625127722959,28.816,29.235,28.7778,32.1134,18.6602,134.8800048828125,-0.6601,MARA,81.18421074571611,381.0,379.8648986816406
2021-07-12,27.3700008392334,27.809999465942383,28.020000457763672,26.200000762939453,27.3700008392334,4555300,643140.0250338647,0,27.115314397521047,643112.9097194672,23497.0,703.9250312923308,80000,,48.105439653446886,28.232,29.276,28.5317,32.1552,18.7672,134.8800048828125,-0.9554,MARA,81.8393887776375,381.0,381.2406005859375
2021-07-13,25.959999084472656,26.829999923706055,27.079999923706055,25.860000610351562,25.959999084472656,4209000,610009.2138022515,0,27.115314397521047,609982.098487854,23497.0,662.5115172528144,80000,,44.71668711298049,27.48,29.077,28.3155,32.211,18.8677,134.8800048828125,-1.4237,MARA,81.22489140214921,381.0,379.9503173828125
2021-07-14,24.639999389648438,26.229999542236328,26.6200008392334,24.56999969482422,24.639999389648438,4784000,578993.1809729668,0,27.115314397521047,578966.0656585693,23497.0,623.7414762162085,80000,,39.475542540102325,26.69,28.7755,28.1337,32.27,18.963,134.8800048828125,-1.9634,MARA,81.47340820970537,381.0,380.4721374511719
2021-07-15,24.479999542236328,24.030000686645508,25.15999984741211,23.670000076293945,24.479999542236328,4665000,575233.6645583245,0,27.115314397521047,575206.549243927,23497.0,619.0420806979057,80000,,29.838705956004844,26.028,28.501,27.9822,32.3215,19.0565,134.8800048828125,-2.2566,MARA,80.89047867479326,381.0,379.2481384277344
2021-07-16,23.329999923706055,24.59000015258789,24.799999237060547,23.299999237060547,23.329999923706055,4749100,548212.1235217187,0,27.115314397521047,548185.0082073212,23497.0,585.2651544021484,80000,,30.179440147982888,25.156,28.1645,27.7888,32.3641,19.1378,134.8800048828125,-2.61,MARA,79.48520107927328,381.0,376.2974243164063
2021-07-19,22.350000381469727,22.020000457763672,23.260000228881836,21.670000076293945,22.350000381469727,5960300,525184.9625277898,0,4.653564014143974,525180.3089637756,23498.0,556.4812031597372,80000,Buy all cash ,15.724373915216304,24.152,27.836,27.6437,32.3953,19.2171,134.8800048828125,-2.9483,MARA,76.80571346941001,381.0,370.6712036132813
2021-07-20,22.6299991607666,21.950000762939453,22.899999618530273,20.610000610351562,22.6299991607666,6292400,531764.3738437077,0,4.653564014143974,531759.7202796936,23498.0,564.7054673046347,80000,,2.851312040558554,23.486,27.576,27.4825,32.4368,19.2939,134.8800048828125,-2.9498,MARA,79.29996529283525,381.0,375.9084777832031
2021-07-21,25.059999465942383,24.190000534057617,25.700000762939453,23.959999084472656,25.059999465942383,10684900,588864.5210147282,0,4.653564014143974,588859.8674507141,23498.0,636.0806512684103,80000,,23.103147401794303,23.57,27.462,27.3312,32.4798,19.3771,134.8800048828125,-2.1848,MARA,80.80465542497642,381.0,379.0679321289063
2021-07-22,25.260000228881836,25.489999771118164,25.639999389648438,24.079999923706055,25.260000228881836,6719800,593564.1389422795,0,4.653564014143974,593559.4853782654,23498.0,641.9551736778493,80000,,25.866665310329864,23.726,27.3445,27.1835,32.5175,19.4641,134.8800048828125,-1.5193,MARA,81.18873081865313,381.0,379.8743896484375
2021-07-23,24.639999389648438,25.049999237060547,25.350000381469727,23.799999237060547,24.639999389648438,5328100,578995.3592219731,0,4.653564014143974,578990.705657959,23498.0,623.7441990274664,80000,,25.370527791746156,23.988,27.1025,26.9668,32.55,19.5483,134.8800048828125,-1.1527,MARA,82.99617863359454,381.0,383.6695556640625
2021-07-26,29.579999923706055,28.219999313354492,29.969999313354492,27.200000762939453,29.579999923706055,18732800,695075.491771259,0,4.653564014143974,695070.8382072449,23498.0,768.8443647140737,80000,,49.55808273895261,25.434,27.172,26.8888,32.607,19.6555,134.8800048828125,0.3939,MARA,83.46157173814777,381.0,384.6467590332031
2021-07-27,27.020000457763672,28.200000762939453,29.170000076293945,26.15999984741211,27.020000457763672,8900700,634920.6243205449,0,4.653564014143974,634915.9707565308,23498.0,693.6507804006811,80000,,45.454546458571656,26.312,27.0175,26.7262,32.6349,19.7532,134.8800048828125,0.7349,MARA,82.64820568742755,381.0,382.93890380859375
2021-07-28,28.15999984741211,28.420000076293945,28.75,27.540000915527344,28.15999984741211,6461800,661708.3299785039,0,4.653564014143974,661703.6764144897,23498.0,727.1354124731298,80000,,51.05053639710629,26.932,26.831,26.5918,32.6796,19.8557,134.8800048828125,1.2117,MARA,82.54882221879963,381.0,382.730224609375
2021-07-29,27.479999542236328,28.1200008392334,29.270000457763672,27.469999313354492,27.479999542236328,6233000,645729.6828074834,0,4.653564014143974,645725.0292434692,23498.0,707.1621035093542,80000,,49.42275704877496,27.376,26.6365,26.484,32.7209,19.9541,134.8800048828125,1.3041,MARA,83.3350387639046,381.0,384.3810729980469
2021-07-30,27.6299991607666,27.209999084472656,28.200000762939453,27.010000228881836,27.6299991607666,4791900,649254.3738437077,0,4.653564014143974,649249.7202796936,23498.0,711.5679673046346,80000,,50.72141596816993,27.974,26.4835,26.3853,32.6839,20.0537,134.8800048828125,1.3489,MARA,82.44035500230791,381.0,382.5024719238281
2021-08-02,28.229999542236328,27.6299991607666,29.139999389648438,26.8799991607666,28.229999542236328,9763700,664348.2425575635,0,11.663330115981239,664336.5792274475,23533.0,720.1830155031647,81000,Buy all cash Monthly invest,56.59500458605989,27.704,26.3805,26.3325,32.6059,20.1571,134.8800048828125,1.4648,MARA,81.0495773103502,384.0,381.7245178222656
2021-08-03,27.1299991607666,28.0,28.059999465942383,26.200000762939453,27.1299991607666,7987500,638461.9335804364,0,11.663330115981239,638450.2702503204,23533.0,688.2246093585635,81000,,57.3278393309663,27.726,26.251,26.2625,32.5486,20.2571,134.8800048828125,1.2131,MARA,82.51139733349835,384.0,384.80804443359375
2021-08-04,28.719999313354492,27.610000610351562,29.56999969482422,27.40999984741211,28.719999313354492,9121700,675879.4071712872,0,11.663330115981239,675867.7438411713,23533.0,734.41902119912,81000,,61.50922842984928,27.838,26.2575,26.2775,32.4773,20.3631,134.8800048828125,1.3768,MARA,81.63881342146131,384.0,382.9674377441406
2021-08-05,31.469999313354492,27.989999771118164,31.5,27.6200008392334,31.469999313354492,11624200,740595.1571712872,0,11.663330115981239,740583.4938411713,23533.0,814.315008853441,81000,,70.32966834047144,28.636,26.4415,26.3695,32.4191,20.483,134.8800048828125,2.0462,MARA,82.77229143072059,384.0,385.3583679199219
2021-08-06,34.25,31.979999542236328,34.7400016784668,30.899999618530273,34.25,17648900,806016.913330116,0,11.663330115981239,806005.25,23533.0,895.0826090495259,81000,,77.26855807688223,29.96,26.7695,26.5595,32.3415,20.616,134.8800048828125,2.9628,MARA,83.08713518072057,384.0,386.0224914550781
2021-08-09,35.97999954223633,36.220001220703125,37.77000045776367,35.380001068115234,35.97999954223633,18631500,846728.9925575635,0,11.663330115981239,846717.3292274475,23533.0,945.3444352562511,81000,,78.68500005286806,31.51,27.2,26.8315,32.2422,20.7558,134.8800048828125,3.7073,MARA,82.91171562053539,384.0,385.6524658203125
2021-08-10,35.70000076293945,35.97999954223633,36.709999084472656,34.349998474121094,35.70000076293945,8647700,840139.7812843701,0,11.663330115981239,840128.1179542542,23533.0,937.2096065239137,81000,,75.18939600899958,33.224,27.687,27.0418,32.1982,20.894,134.8800048828125,3.8576,MARA,83.14112823627613,384.0,386.1363830566406
2021-08-11,35.18000030517578,36.310001373291016,37.099998474121094,34.5099983215332,35.18000030517578,8581600,827902.6105118176,0,11.663330115981239,827890.9471817017,23533.0,922.1019882861946,81000,,73.13432795987094,34.516,28.214,27.2555,32.1307,21.0311,134.8800048828125,3.588,MARA,83.58186897701687,384.0,387.0660705566406
2021-08-12,33.84000015258789,33.720001220703125,34.15999984741211,32.43000030517578,33.84000015258789,6146300,796368.3869209668,0,11.663330115981239,796356.7235908508,23533.0,883.1708480505762,81000,,70.75812460805105,34.99,28.682,27.4363,32.1035,21.1615,134.8800048828125,2.9123,MARA,84.1171843705354,384.0,388.19525146484375
2021-08-13,32.880001068115234,35.06999969482422,36.25,32.72999954223633,32.880001068115234,9910400,773776.7284660718,0,11.663330115981239,773765.0651359558,23533.0,855.2799116865083,81000,,59.0759115380439,34.716,29.1595,27.6225,32.1395,21.2881,134.8800048828125,2.1014,MARA,84.48150728720205,384.0,388.9637451171875
2021-08-16,33.040000915527344,32.9900016784668,33.77000045776367,31.829999923706055,33.040000915527344,6224800,777542.0048752209,0,11.663330115981239,777530.341545105,23533.0,859.9284010805197,81000,,69.07478112628824,34.128,29.694,27.8083,32.1364,21.4151,134.8800048828125,1.4718,MARA,84.92230589831318,384.0,389.8935546875
2021-08-17,30.649999618530273,32.93000030517578,33.540000915527344,30.030000686645508,30.649999618530273,7216500,721298.1043529889,0,11.663330115981239,721286.4410228729,23533.0,790.4914868555418,81000,,57.31062733623598,33.118,30.095,27.971,32.1366,21.5329,134.8800048828125,0.4788,MARA,83.70336781960947,384.0,387.3223571777344
2021-08-18,30.780000686645508,30.56999969482422,32.45000076293945,30.25,30.780000686645508,6087400,724357.4194889447,0,11.663330115981239,724345.7561588287,23533.0,794.268419122154,81000,,60.0121385137751,32.238,30.381,28.0982,32.1418,21.6524,134.8800048828125,-0.1869,MARA,81.72877291220206,384.0,383.1571960449219
2021-08-19,31.809999465942383,30.299999237060547,32.43000030517578,30.100000381469727,31.809999465942383,8219200,748596.380762138,0,11.663330115981239,748584.7174320221,23533.0,824.1930626693062,81000,,62.039170962595755,31.832,30.7085,28.2513,32.0861,21.7762,134.8800048828125,-0.4306,MARA,81.9851386529428,384.0,383.6979675292969
2021-08-20,35.2599983215332,32.56999969482422,36.18000030517578,32.369998931884766,35.2599983215332,15533200,829785.2038307568,0,11.663330115981239,829773.5405006409,23533.0,924.4261775688356,81000,,67.39237777773585,32.308,31.2395,28.418,32.0892,21.9154,134.8800048828125,0.0837,MARA,83.42444710201687,384.0,386.7340087890625
2021-08-23,36.7599983215332,37.56999969482422,38.790000915527344,35.599998474121094,36.7599983215332,19439800,865084.7038307568,0,11.663330115981239,865073.0405006409,23533.0,968.0058071984652,81000,,73.36244484907097,33.052,31.5985,28.6,32.0903,22.0604,134.8800048828125,0.6364,MARA,85.0482462918317,384.0,390.1592102050781
2021-08-24,37.97999954223633,36.470001220703125,38.04999923706055,35.150001525878906,37.97999954223633,10997100,893794.9925575635,0,11.663330115981239,893783.3292274475,23533.0,1003.4506080957574,81000,,72.87549489525085,34.518,32.1465,28.8202,32.1401,22.2107,134.8800048828125,1.1157,MARA,85.34063633812798,384.0,390.7759704589844
2021-08-25,38.33000183105469,37.40999984741211,38.9900016784668,36.77000045776367,38.33000183105469,9732400,902031.5964203259,0,11.663330115981239,902019.93309021,23533.0,1013.6192548399085,81000,,69.2264622354102,36.028,32.655,29.039,32.2092,22.363,134.8800048828125,1.3506,MARA,85.68246214831316,384.0,391.49700927734375
2021-08-26,36.220001220703125,37.2400016784668,38.47999954223633,36.02000045776367,36.220001220703125,7795500,852376.9520569226,0,11.663330115981239,852365.2887268066,23533.0,952.3172247616328,81000,,55.736753037593985,36.91,33.092,29.222,32.2735,22.5056,134.8800048828125,0.9692,MARA,84.59846330572059,384.0,389.21044921875
2021-08-27,40.20000076293945,36.599998474121094,40.65999984741211,36.25,40.20000076293945,13083300,946038.2812843701,0,11.663330115981239,946026.6179542542,23533.0,1067.9484954128027,81000,,60.86508957171483,37.898,33.7205,29.4955,32.3021,22.6649,134.8800048828125,1.3421,MARA,86.23567395386873,384.0,392.6639404296875
2021-08-30,40.540000915527344,39.310001373291016,40.790000915527344,37.650001525878906,40.540000915527344,9673400,954039.5048752209,0,11.663330115981239,954027.841545105,23533.0,1077.8265492286678,81000,,62.42299619744462,38.654,34.336,29.7653,32.3217,22.8252,134.8800048828125,1.4815,MARA,87.09031805109095,384.0,394.4667053222656
2021-08-31,40.59000015258789,39.86000061035156,41.58000183105469,39.27000045776367,40.59000015258789,8161900,955216.1369209668,0,11.663330115981239,955204.4735908508,23533.0,1079.2791813839096,81000,,64.22935097177447,39.176,35.009,30.0353,32.3115,22.986,134.8800048828125,1.4172,MARA,86.77094594460945,384.0,393.79302978515625
2021-09-01,41.18000030517578,41.04999923706055,42.86000061035156,40.47999954223633,41.18000030517578,9554300,970095.668911781,0,18.401722755141463,970077.2671890259,23557.0,1083.0434986729038,82000,Buy all cash Monthly invest,70.09857418916802,39.746,35.632,30.3277,32.3155,23.1496,134.8800048828125,1.322,MARA,85.90345928052581,386.0,394.2105102539063
2021-09-02,42.20000076293945,43.189998626708984,44.52000045776367,41.720001220703125,42.20000076293945,10899600,994123.8196953199,0,18.401722755141463,994105.4179725647,23557.0,1112.3461215796583,82000,,75.43667551695697,40.942,36.1685,30.5953,32.308,23.3175,134.8800048828125,1.2801,MARA,86.45726720437771,386.0,395.3869934082031
2021-09-03,43.40999984741211,43.709999084472656,44.970001220703125,43.220001220703125,43.40999984741211,12697600,1022627.7681282422,0,18.401722755141463,1022609.3664054871,23557.0,1147.1070343027345,82000,,76.76819169195684,41.584,36.6265,30.877,32.3501,23.4908,134.8800048828125,1.2963,MARA,86.38582711708256,386.0,395.2352294921875
2021-09-07,39.38999938964844,42.79999923706055,43.65999984741211,38.65999984741211,39.38999938964844,15592800,927928.6173447034,0,18.401722755141463,927910.2156219482,23557.0,1031.6202650545163,82000,,70.80952137451885,41.354,36.797,31.091,32.3185,23.6481,134.8800048828125,0.4949,MARA,85.69798822309913,386.0,393.7740173339844
2021-09-08,37.290000915527344,39.130001068115234,39.869998931884766,37.099998474121094,37.290000915527344,7771900,878458.9532898328,0,18.401722755141463,878440.5515670776,23557.0,971.2914064510156,82000,,64.17065830101483,40.694,36.8765,31.2135,32.2829,23.7962,134.8800048828125,-0.4496,MARA,85.51935209088211,386.0,393.39453125
2021-09-09,38.88999938964844,38.25,40.29999923706055,37.86000061035156,38.88999938964844,9530900,916150.1173447034,0,18.401722755141463,916131.7156219482,23557.0,1017.2562406642724,82000,,65.038233266803,40.236,37.062,31.3505,32.2482,23.9502,134.8800048828125,-0.8248,MARA,84.6886473879,386.0,391.62982177734375
2021-09-10,35.7400016784668,38.900001525878906,39.18000030517578,35.56999969482422,35.7400016784668,8576200,841945.6212623975,0,18.401722755141463,841927.2195396423,23557.0,926.7629527590212,82000,,51.03270955476701,38.944,37.157,31.4467,32.2128,24.0907,134.8800048828125,-1.6071,MARA,83.26392547002656,386.0,388.6032104492188
2021-09-13,35.59000015258789,35.040000915527344,36.66999816894531,34.2599983215332,35.59000015258789,8485100,838412.0353172681,0,18.401722755141463,838393.6335945129,23557.0,922.4537016064245,82000,,47.32755093291919,37.38,37.2925,31.5388,32.1924,24.2306,134.8800048828125,-2.1056,MARA,83.6926952841224,386.0,389.5140686035156
2021-09-14,34.68000030517578,36.70000076293945,37.27000045776367,34.40999984741211,34.68000030517578,7443600,816975.168911781,0,18.401722755141463,816956.7671890259,23557.0,896.311181599733,82000,,42.35403257553781,36.438,37.3745,31.6348,32.1977,24.3669,134.8800048828125,-2.5248,MARA,82.74137707361362,386.0,387.4931335449219
2021-09-15,37.04999923706055,36.09000015258789,37.20000076293945,35.18000030517578,37.04999923706055,9514000,872805.2337501905,0,18.401722755141463,872786.8320274353,23557.0,964.3966265246225,82000,,47.288129483785674,36.39,37.6945,31.7885,32.2215,24.5132,134.8800048828125,-2.3067,MARA,84.2643596384002,386.0,390.7284851074219
2021-09-16,36.34000015258789,36.900001525878906,37.31999969482422,35.2599983215332,36.34000015258789,6203800,856079.7853172681,0,18.401722755141463,856061.3835945129,23557.0,943.9997381917904,82000,,50.27026794819915,35.88,37.9725,31.9385,32.2236,24.6564,134.8800048828125,-2.2206,MARA,83.94725356823062,386.0,390.0548400878906
2021-09-17,35.84000015258789,36.45000076293945,36.59000015258789,35.470001220703125,35.84000015258789,6082300,844301.2853172681,0,18.401722755141463,844282.8835945129,23557.0,929.6357138015464,82000,,38.35469523778084,35.9,38.174,32.0757,32.2045,24.7976,134.8800048828125,-2.1815,MARA,82.14735985872224,386.0,386.2312316894531
2021-09-20,33.88999938964844,32.4900016784668,34.5,32.29999923706055,33.88999938964844,8322100,798365.1173447034,0,18.401722755141463,798346.7156219482,23557.0,873.6159967618335,82000,,33.64485139563919,35.56,38.1055,32.1492,32.1191,24.931,134.8800048828125,-2.4225,MARA,79.17731688104026,386.0,379.92181396484375
2021-09-21,33.2400016784668,34.209999084472656,34.209999084472656,32.45000076293945,33.2400016784668,6551400,783053.1212623975,0,18.401722755141463,783034.7195396423,23557.0,854.9428308078019,82000,,32.44146907269106,35.272,37.9295,32.2333,31.9959,25.0614,134.8800048828125,-2.6004,MARA,79.00313408223596,386.0,379.5517883300781
2021-09-22,35.70000076293945,33.34000015258789,36.41999816894531,33.11000061035156,35.70000076293945,8110800,841003.3196953199,0,18.401722755141463,840984.9179725647,23557.0,925.6138045064877,82000,,37.98245272074181,35.002,37.8155,32.3265,31.8863,25.2012,134.8800048828125,-2.171,MARA,80.7271200054448,386.0,383.2141418457031
2021-09-23,37.70000076293945,35.88999938964844,37.720001220703125,35.540000915527344,37.70000076293945,7151300,888117.3196953199,0,18.401722755141463,888098.9179725647,23557.0,983.0699020674633,82000,,40.53826393030747,35.274,37.784,32.4233,31.7292,25.3493,134.8800048828125,-1.458,MARA,82.90663884000082,386.0,387.8442077636719
2021-09-24,36.18000030517578,35.0,36.40999984741211,34.63999938964844,36.18000030517578,8227600,852310.668911781,0,18.401722755141463,852292.2671890259,23557.0,939.4032547704647,82000,,34.99376964256956,35.342,37.782,32.5035,31.5936,25.49,134.8800048828125,-1.2239,MARA,83.2103274475656,386.0,388.4893493652344
2021-09-27,35.16999816894531,36.279998779296875,37.029998779296875,35.09000015258789,35.16999816894531,5463400,828518.0485885999,0,18.401722755141463,828499.6468658447,23557.0,910.387864132439,82000,,39.990506685313086,35.598,37.5305,32.5782,31.5012,25.6267,134.8800048828125,-1.209,MARA,82.69224675015707,386.0,387.3887634277344
2021-09-28,32.75,34.599998474121094,35.25,32.650001525878906,32.75,5648300,771510.1517227552,0,18.401722755141463,771491.75,23557.0,840.8660386862869,82000,,39.3925182000328,35.5,37.141,32.6192,31.3589,25.7538,134.8800048828125,-1.5837,MARA,79.04778234109648,386.0,379.6466369628906
2021-09-29,30.610000610351562,33.119998931884766,33.34000015258789,30.549999237060547,30.610000610351562,7559700,721098.1861008069,0,18.401722755141463,721079.7843780518,23557.0,779.3880318302523,82000,,31.13035383498874,34.482,36.642,32.634,31.2057,25.8716,134.8800048828125,-2.1433,MARA,79.32918991600599,386.0,380.2444458007813
2021-09-30,31.579999923706055,32.029998779296875,32.439998626708984,31.049999237060547,31.579999923706055,6362900,743948.4599254987,0,18.401722755141463,743930.0582027435,23557.0,807.2542194213399,82000,,39.4736778601475,33.258,36.162,32.6838,31.0516,25.9941,134.8800048828125,-2.2235,MARA,77.06185421966927,386.0,375.4278259277344
2021-10-01,33.16999816894531,34.029998779296875,34.27000045776367,32.34000015258789,33.16999816894531,8287800,782399.0730888746,0,18.326277961440496,782380.7468109131,23587.0,842.6494856492465,83000,Buy all cash Monthly invest,44.29244630317029,32.656,35.7105,32.7735,30.903,26.1226,134.8800048828125,-1.8685,MARA,78.21605310453852,389.0,379.92083740234375
2021-10-04,33.630001068115234,32.810001373291016,33.849998474121094,31.889999389648438,33.630001068115234,7867000,793249.1614715955,0,18.326277961440496,793230.835193634,23587.0,855.721881291079,83000,,47.46988089134141,32.348,35.2215,32.8725,30.8252,26.2525,134.8800048828125,-1.4604,MARA,76.02554811583369,389.0,375.24700927734375
2021-10-05,37.189998626708984,34.20000076293945,37.290000915527344,33.880001068115234,37.189998626708984,11565400,877218.8238861463,0,18.326277961440496,877200.4976081848,23587.0,956.8901492604173,83000,,50.319050644377974,33.236,35.1115,33.0362,30.7839,26.3956,134.8800048828125,-0.4601,MARA,77.73421981434652,389.0,378.8927612304688
2021-10-06,38.959999084472656,38.4900016784668,39.79999923706055,37.439998626708984,38.959999084472656,15438700,918967.824683418,0,18.326277961440496,918949.4984054565,23587.0,1007.1901502209856,83000,,55.69565079658356,34.906,35.195,33.2528,30.7842,26.5454,134.8800048828125,0.5156,MARA,78.52387832632408,389.0,380.57763671875
2021-10-07,38.41999816894531,38.150001525878906,38.59000015258789,37.11000061035156,38.41999816894531,8015100,906230.8230888746,0,18.326277961440496,906212.4968109131,23587.0,991.8443651673189,83000,,55.59895473308126,36.274,35.1715,33.4825,30.8081,26.6941,134.8800048828125,0.999,MARA,80.05855625924718,389.0,383.8521423339844
2021-10-08,39.4900016784668,38.7400016784668,39.97999954223633,37.97999954223633,39.4900016784668,7564200,931468.9958679578,0,18.326277961440496,931450.6695899963,23587.0,1022.2518022505517,83000,,62.6353843126771,37.538,35.359,33.7327,30.8574,26.848,134.8800048828125,1.4361,MARA,79.71950798852762,389.0,383.1287231445313
2021-10-11,42.959999084472656,40.560001373291016,44.119998931884766,40.43000030517578,42.959999084472656,14174500,1013315.824683418,0,18.326277961440496,1013297.4984054565,23587.0,1120.8624393776122,83000,,69.45555961594641,39.404,35.7275,34.0598,30.9243,27.0155,134.8800048828125,2.2248,MARA,78.41235926423589,389.0,380.3396911621094
2021-10-12,40.86000061035156,42.880001068115234,43.040000915527344,39.630001068115234,40.86000061035156,10236200,963783.1606743238,0,18.326277961440496,963764.8343963623,23587.0,1061.1845309329203,83000,,60.47928527878512,40.138,36.0365,34.3683,31.006,27.176,134.8800048828125,2.2176,MARA,78.05540386696322,389.0,379.57806396484375
2021-10-13,43.790000915527344,40.65999984741211,43.880001068115234,39.54999923706055,43.790000915527344,9918800,1032893.077872505,0,18.326277961440496,1032874.7515945435,23587.0,1144.4494914126565,83000,,61.917808873657975,41.104,36.3735,34.721,31.1017,27.349,134.8800048828125,2.564,MARA,78.62647243076921,389.0,380.7965393066406
2021-10-14,43.59000015258789,44.29999923706055,44.880001068115234,42.29999923706055,43.59000015258789,10298100,1028175.6598770521,0,18.326277961440496,1028157.3335990906,23587.0,1138.7658552735568,83000,,65.29096159183871,42.138,36.736,35.0298,31.1805,27.5216,134.8800048828125,2.5762,MARA,81.6245001495545,389.0,387.193359375
2021-10-15,48.88999938964844,45.5,48.95000076293945,45.15999984741211,48.88999938964844,22547400,1153186.7418815992,0,18.326277961440496,1153168.4156036377,23587.0,1289.3816167248183,83000,,74.05330090394425,44.018,37.3885,35.4237,31.3036,27.7165,134.8800048828125,3.2462,MARA,83.0387197599296,389.0,390.2108459472656
2021-10-18,51.45000076293945,48.38999938964844,53.41999816894531,48.27000045776367,51.45000076293945,22345400,1213569.4942734144,0,18.326277961440496,1213551.1679954529,23587.0,1362.1319208113428,83000,,82.6238675200621,45.716,38.2665,35.8705,31.4187,27.9217,134.8800048828125,3.8009,MARA,83.59637228163757,389.0,391.4006958007813
2021-10-19,53.90999984741211,51.599998474121094,54.0099983215332,48.7400016784668,53.90999984741211,23597600,1271593.492678871,0,18.326277961440496,1271575.1664009094,23587.0,1432.0403526251457,83000,,90.20013734489957,48.326,39.3,36.276,31.5824,28.1365,134.8800048828125,4.2044,MARA,85.02395072284376,389.0,394.4466857910156
2021-10-20,53.06999969482422,54.11000061035156,56.47999954223633,52.5,53.06999969482422,22137700,1251780.4090797803,0,18.326277961440496,1251762.0828018188,23587.0,1408.1691675660004,83000,,87.2443665285376,50.182,40.1685,36.7102,31.7182,28.3472,134.8800048828125,4.0025,MARA,85.74225248212701,389.0,395.9793090820313
2021-10-21,50.90999984741211,52.66999816894531,53.9900016784668,49.400001525878906,50.90999984741211,15392100,1200832.492678871,0,18.326277961440496,1200814.1664009094,23587.0,1346.7861357576758,83000,,80.14955894348712,51.646,40.829,37.0893,31.8406,28.5493,134.8800048828125,3.2706,MARA,86.19732520220653,389.0,396.9502868652344
2021-10-22,49.459999084472656,50.560001373291016,51.130001068115234,47.369998931884766,49.459999084472656,9819500,1166631.324683418,0,18.326277961440496,1166612.9984054565,23587.0,1305.57990925713,83000,,76.02761936170242,51.76,41.493,37.4557,31.9698,28.7462,134.8800048828125,2.3615,MARA,86.00991539451874,389.0,396.5504150390625
2021-10-25,54.689998626708984,51.099998474121094,55.290000915527344,51.0099983215332,54.689998626708984,14915800,1289991.3238861463,0,18.326277961440496,1289972.9976081848,23587.0,1454.2064143206583,83000,,77.27555954042889,52.408,42.469,37.9067,32.146,28.9649,134.8800048828125,2.2887,MARA,86.97356767208603,389.0,398.6065368652344
2021-10-26,52.86000061035156,53.880001068115234,54.959999084472656,52.27000045776367,52.86000061035156,10082200,1246827.1606743238,0,18.326277961440496,1246808.8343963623,23587.0,1402.2013984028,83000,,71.62414715284,52.198,43.4745,38.3172,32.3248,29.1755,134.8800048828125,1.7774,MARA,87.15200961368055,389.0,398.9872741699219
2021-10-27,50.040000915527344,50.81999969482422,51.29999923706055,48.900001525878906,50.040000915527344,8853300,1180311.827872505,0,18.326277961440496,1180293.5015945435,23587.0,1322.0624432198856,83000,,66.87972598015116,51.592,44.446,38.699,32.4808,29.3744,134.8800048828125,0.9055,MARA,86.34003870759528,389.0,397.2547912597656
2021-10-28,50.38999938964844,52.189998626708984,53.68000030517578,49.849998474121094,50.38999938964844,11053600,1188567.2418815992,0,18.326277961440496,1188548.9156036377,23587.0,1332.0087251585533,83000,,66.17210672415806,51.488,45.3865,39.0602,32.6688,29.5744,134.8800048828125,0.2745,MARA,88.16027237664647,389.0,401.1385803222656
2021-10-29,52.2400016784668,50.83000183105469,52.75,49.79999923706055,52.2400016784668,9944600,1232203.2458679578,0,18.326277961440496,1232184.9195899963,23587.0,1384.5822239372985,83000,,64.46384533637178,52.044,46.34,39.4063,32.8879,29.7817,134.8800048828125,0.0192,MARA,88.49487247136128,389.0,401.8525085449219
2021-11-01,55.5099983215332,52.34000015258789,57.790000915527344,52.290000915527344,55.5099983215332,15363300,1310327.6607881163,0,14.150408324905015,1310313.5103797913,23605.0,1459.9138818906147,84000,Buy all cash Monthly invest,72.03007427359839,52.208,47.434,39.7607,33.1601,30.0001,134.8800048828125,0.1843,MARA,87.82887336104257,391.0,402.69964599609375
2021-11-02,63.34000015258789,58.5,63.34000015258789,58.20000076293945,63.34000015258789,18599300,1495154.8540101622,0,14.150408324905015,1495140.7036018372,23605.0,1679.9462547740027,84000,,75.62254313232961,54.304,48.7415,40.2167,33.5241,30.252,134.8800048828125,1.138,MARA,88.55556908480327,391.0,404.2608337402344
2021-11-03,64.66000366210938,61.599998474121094,64.94000244140625,58.79999923706055,64.66000366210938,14060200,1526313.5368524168,0,14.150408324905015,1526299.3864440918,23605.0,1717.0399248243057,84000,,76.82709862988548,57.228,50.0265,40.6993,33.8706,30.5085,134.8800048828125,1.6803,MARA,89.6898547845568,391.0,406.6976623535156
2021-11-04,64.29000091552734,63.880001068115234,65.69000244140625,61.66999816894531,64.29000091552734,10292100,1517579.622019348,0,14.150408324905015,1517565.471611023,23605.0,1706.6424071658905,84000,,72.42283014956855,60.008,51.32,41.1845,34.22,30.7622,134.8800048828125,1.7432,MARA,90.57601815096535,391.0,408.6014404296875
2021-11-05,63.81999969482422,65.0199966430664,65.7699966430664,61.970001220703125,63.81999969482422,7396900,1506485.2432046507,0,14.150408324905015,1506471.0927963257,23605.0,1693.4348133388698,84000,,69.17829064914311,62.324,52.5365,41.6842,34.5603,31.0077,134.8800048828125,1.5063,MARA,91.22290902737208,391.0,409.9911804199219
2021-11-08,75.30000305175781,70.01000213623047,77.33000183105469,70.01000213623047,75.30000305175781,16719500,1777470.7224450682,0,14.150408324905015,1777456.5720367432,23605.0,2016.0365743393668,84000,,75.91470682435065,66.282,54.1535,42.3912,35.0068,31.301,134.8800048828125,2.389,MARA,91.45334587923686,391.0,410.4862365722656
2021-11-09,76.08999633789062,81.51000213623047,83.44999694824219,72.01000213623047,76.08999633789062,16497800,1796118.5139642332,0,14.150408324905015,1796104.3635559082,23605.0,2038.2363261478968,84000,,77.92333328644396,68.832,55.915,43.1087,35.4585,31.5967,134.8800048828125,2.6913,MARA,90.78428067625136,391.0,409.0488586425781
2021-11-10,64.83999633789062,79.19000244140625,79.19000244140625,64.12000274658203,64.83999633789062,19254300,1530562.2639642332,0,14.150408324905015,1530548.1135559082,23605.0,1722.0979332907539,84000,,63.844162303952736,68.868,56.9675,43.6785,35.8248,31.849,134.8800048828125,1.4323,MARA,89.25118381781805,391.0,405.7552490234375
2021-11-11,70.69000244140625,66.81999969482422,72.9000015258789,66.0999984741211,70.69000244140625,10760600,1668651.6580377195,0,14.150408324905015,1668637.5076293945,23605.0,1886.4900690925233,84000,,69.40230373939298,70.148,58.3225,44.3437,36.2209,32.1174,134.8800048828125,1.0373,MARA,89.31321795245579,391.0,405.8885192871094
2021-11-12,75.91999816894531,70.0,76.83000183105469,67.5,75.91999816894531,13218900,1792105.7071862791,0,14.150408324905015,1792091.556777954,23605.0,2033.459175221761,84000,,69.40230160594493,72.568,59.674,45.0788,36.6651,32.4079,134.8800048828125,1.1049,MARA,90.71781451733912,391.0,408.9060668945313
2021-11-15,55.400001525878906,72.58999633789062,73.5,54.650001525878906,55.400001525878906,34932900,1307731.1864266966,0,14.150408324905015,1307717.0360183716,23605.0,1456.8228409841627,84000,,51.73024581929457,68.588,59.8715,45.4145,36.9163,32.6147,134.8800048828125,-1.0495,MARA,90.80642659241812,391.0,409.096435546875
2021-11-16,55.369998931884766,51.33000183105469,57.68000030517578,50.77000045776367,55.369998931884766,27102900,1307022.975195465,0,14.150408324905015,1307008.82478714,23605.0,1455.9797323755533,84000,,53.77425129750212,64.444,59.9445,45.7247,37.1623,32.8208,134.8800048828125,-2.4658,MARA,91.53307970056083,391.0,410.6575317382813
2021-11-17,50.95000076293945,55.689998626708984,56.619998931884766,48.7599983215332,50.95000076293945,18385300,1202688.9184175108,0,14.150408324905015,1202674.7680091858,23605.0,1331.772521925608,84000,,50.3749339464364,61.666,59.8385,45.9408,37.3805,33.0106,134.8800048828125,-3.7952,MARA,91.07224861244929,391.0,409.6675109863281
2021-11-18,51.459999084472656,50.900001525878906,52.029998779296875,47.40999984741211,51.459999084472656,13860500,1214727.428797302,0,14.150408324905015,1214713.278388977,23605.0,1346.1040819015502,84000,,49.468228393529245,57.82,59.866,46.1597,37.5993,33.2021,134.8800048828125,-4.4903,MARA,91.73246397209168,391.0,411.08587646484375
2021-11-19,54.68000030517578,51.84000015258789,56.79999923706055,51.790000915527344,54.68000030517578,14141900,1290735.5576119993,0,14.150408324905015,1290721.4072036743,23605.0,1436.5899495380945,84000,,49.43375770037635,53.572,60.127,46.4673,37.8447,33.4083,134.8800048828125,-4.4393,MARA,91.3735694422949,391.0,410.3148498535156
2021-11-22,49.56999969482422,55.13999938964844,56.0,48.38999938964844,49.56999969482422,13165700,1170113.9932046507,0,14.150408324905015,1170099.8427963257,23605.0,1292.9928490531556,84000,,40.24372979101114,52.406,59.871,46.6235,38.0595,33.595,134.8800048828125,-4.8196,MARA,90.86847493226186,391.0,409.229736328125
2021-11-23,52.119998931884766,50.779998779296875,53.77000045776367,49.599998474121094,52.119998931884766,11340000,1230306.725195465,0,14.150408324905015,1230292.57478714,23605.0,1364.6508633279345,84000,,41.26740608393216,51.756,59.834,46.8165,38.2909,33.7904,134.8800048828125,-4.5985,MARA,91.11659726560684,391.0,409.7627868652344
2021-11-24,52.38999938964844,49.9900016784668,52.650001525878906,48.900001525878906,52.38999938964844,8088600,1236680.0860009764,0,14.150408324905015,1236665.9355926514,23605.0,1372.2381976202098,84000,,41.70153275287507,52.044,59.9515,47.0132,38.5242,33.9889,134.8800048828125,-4.2493,MARA,91.58624978664942,391.0,410.7717590332031
2021-11-26,49.20000076293945,49.16999816894531,51.20000076293945,48.04999923706055,49.20000076293945,6711200,1161380.1684175108,0,14.150408324905015,1161366.0180091858,23605.0,1282.5954385922748,84000,,40.17737164672989,51.592,59.892,47.1468,38.7372,34.1708,134.8800048828125,-4.2268,MARA,87.42567279370625,391.0,401.83343505859375
2021-11-29,51.38999938964844,52.150001525878906,52.29999923706055,48.119998931884766,51.38999938964844,11242800,1213075.0860009764,0,14.150408324905015,1213060.9355926514,23605.0,1344.1370071440194,84000,,31.644397765042726,50.934,59.8495,47.3,38.9477,34.3555,134.8800048828125,-3.7812,MARA,89.68539434987022,391.0,406.6880798339844
2021-11-30,51.06999969482422,52.099998474121094,54.93000030517578,49.09000015258789,51.06999969482422,14540700,1205521.4932046507,0,14.150408324905015,1205507.3427963257,23605.0,1335.1446347674414,84000,,30.652646011293058,51.234,59.6275,47.4277,39.1523,34.534,134.8800048828125,-3.3732,MARA,86.06099285770598,391.0,398.9016418457031
2021-12-01,50.790000915527344,52.61000061035156,57.70000076293945,49.810001373291016,50.790000915527344,18641100,1199907.2969692608,0,44.31534084291047,1199862.981628418,23624.0,1311.6556434932481,85000,Buy all cash Monthly invest,36.91562974483659,50.968,59.0,47.6177,39.3543,34.7061,134.8800048828125,-2.9979,MARA,82.93099608540255,394.0,394.3134765625
2021-12-02,49.06999969482422,50.5,52.939998626708984,47.04999923706055,49.06999969482422,13241200,1159273.9881313702,0,44.31534084291047,1159229.6727905273,23624.0,1263.8517507427885,85000,,28.188047679723,50.304,58.2205,47.814,39.5137,34.8718,134.8800048828125,-2.8298,MARA,85.71962738997516,394.0,400.3295593261719
2021-12-03,41.63999938964844,48.88999938964844,49.650001525878906,40.209999084472656,41.63999938964844,16794900,983747.4527219007,0,2.467141456313797,983744.9855804443,23625.0,1057.3499443787066,85000,Buy all cash ,16.885623630843398,48.792,57.088,47.8598,39.6052,34.9974,134.8800048828125,-3.506,MARA,84.07820591708912,394.0,396.7884216308594
2021-12-06,41.810001373291016,37.959999084472656,44.08000183105469,35.970001220703125,41.810001373291016,16394800,987763.7495854566,0,2.467141456313797,987761.2824440002,23625.0,1062.074999512302,85000,,28.366761829660476,46.876,55.9875,47.961,39.7038,35.1134,134.8800048828125,-3.7627,MARA,86.27555713492,394.0,401.5289001464844
2021-12-07,45.70000076293945,44.290000915527344,47.11000061035156,43.77000045776367,45.70000076293945,11198800,1079664.9851659008,0,2.467141456313797,1079662.5180244446,23625.0,1170.1941001951773,85000,,36.29146712600227,45.802,54.5075,48.1295,39.8342,35.2587,134.8800048828125,-3.2419,MARA,90.10101863250736,394.0,409.7817993164063
2021-12-08,46.63999938964844,45.4900016784668,47.209999084472656,43.90999984741211,46.63999938964844,8408800,1101872.4527219005,0,2.467141456313797,1101869.9855804443,23625.0,1196.3205326140005,85000,,43.22113594471124,44.972,53.035,48.3288,39.9818,35.4076,134.8800048828125,-2.6144,MARA,90.63490922878488,394.0,410.93359375
2021-12-09,41.369998931884766,45.70000076293945,46.0,41.11000061035156,41.369998931884766,11781500,977368.6919072339,0,2.467141456313797,977366.2247657776,23625.0,1049.8455198908634,85000,,36.196989927215995,43.432,51.8615,48.4008,40.0947,35.5289,134.8800048828125,-2.7627,MARA,89.33771153232352,394.0,408.1350708007813
2021-12-10,40.439998626708984,43.119998931884766,43.599998474121094,39.20000076293945,40.439998626708984,8529300,955397.4346974561,0,2.467141456313797,955394.9675559998,23625.0,1023.9969819970071,85000,,29.217743175549685,43.192,50.349,48.4692,40.2038,35.6484,134.8800048828125,-2.8325,MARA,91.14231889675364,394.0,412.02825927734375
2021-12-13,36.84000015258789,39.61000061035156,39.630001068115234,36.459999084472656,36.84000015258789,11589800,870347.4707463452,0,2.467141456313797,870345.0036048889,23625.0,923.9382008780533,85000,,30.564883931270217,42.198,48.395,48.4858,40.2807,35.7566,134.8800048828125,-3.22,MARA,89.44799215043011,394.0,408.37298583984375
2021-12-14,37.33000183105469,35.95000076293945,38.41999816894531,35.58000183105469,37.33000183105469,9912800,881923.7604001233,0,2.467141456313797,881921.293258667,23625.0,937.5573651766157,85000,,25.904206968652986,40.524,47.4915,48.5432,40.3462,35.8686,134.8800048828125,-3.2263,MARA,88.15962143007165,394.0,405.593505859375
2021-12-15,38.72999954223633,37.02000045776367,39.959999084472656,34.29999923706055,38.72999954223633,15213100,914998.7063267896,0,2.467141456313797,914996.2391853333,23625.0,976.4690662668112,85000,,28.53550971710935,38.942,46.6595,48.6347,40.434,35.9841,134.8800048828125,-2.8402,MARA,91.09821230782902,394.0,411.93310546875
2021-12-16,35.5099983215332,39.02000045776367,39.79999923706055,34.619998931884766,35.5099983215332,11334200,838926.1774876782,0,2.467141456313797,838923.7103462219,23625.0,886.9719735149156,85000,,28.508629360642345,37.77,45.8875,48.6315,40.479,36.0755,134.8800048828125,-2.8932,MARA,89.37297699935016,394.0,408.2111511230469
2021-12-17,33.849998474121094,33.900001525878906,35.95000076293945,32.380001068115234,33.849998474121094,11665000,799708.6810925672,0,2.467141456313797,799706.2139511108,23625.0,840.8337424618437,85000,,21.99872112638316,36.452,45.007,48.5673,40.4953,36.1458,134.8800048828125,-3.0048,MARA,87.4094982108621,394.0,403.9752197265625
2021-12-20,32.470001220703125,32.189998626708984,33.47999954223633,31.450000762939453,32.470001220703125,9289200,767106.2459805676,0,2.467141456313797,767103.7788391113,23625.0,802.4779364477266,85000,,21.278566936632885,35.578,43.8965,48.5055,40.5045,36.188,134.8800048828125,-3.1111,MARA,85.38424473544852,394.0,399.6060180664063
2021-12-21,34.43000030517578,34.2400016784668,34.79999923706055,32.79999923706055,34.43000030517578,9805900,813411.2243512342,0,2.467141456313797,813408.7572097778,23625.0,856.9543815896873,85000,,25.983555808823397,34.998,43.1395,48.4932,40.5357,36.2215,134.8800048828125,-2.67,MARA,88.67150116927208,394.0,406.6978149414063
2021-12-22,34.130001068115234,34.189998626708984,35.20000076293945,33.45000076293945,34.130001068115234,8122900,806323.7423756787,0,2.467141456313797,806321.2752342224,23625.0,848.6161675007985,85000,,27.11396958923862,34.078,42.24,48.5162,40.5677,36.2663,134.8800048828125,-2.2461,MARA,90.57576565973618,394.0,410.8059997558594
2021-12-23,38.130001068115234,34.04999923706055,38.72999954223633,33.04999923706055,38.130001068115234,15471700,900823.7423756787,0,2.467141456313797,900821.2752342224,23625.0,959.7926380890337,85000,,43.99178553588278,34.602,41.527,48.6415,40.6377,36.3162,134.8800048828125,-1.1342,MARA,91.74930081598616,394.0,413.3377380371094
2021-12-27,39.400001525878906,39.0,40.779998779296875,38.13999938964844,39.400001525878906,14334500,930827.5031903455,0,2.467141456313797,930825.0360488892,23625.0,995.0911802239359,85000,,46.02441381582698,35.712,41.037,48.7718,40.7278,36.3846,134.8800048828125,-0.0793,MARA,94.48170258528764,394.0,419.2325134277344
2021-12-28,35.13999938964844,37.189998626708984,37.349998474121094,34.5099983215332,35.13999938964844,12501100,830184.9527219007,0,2.467141456313797,830182.4855804443,23625.0,876.6881796728242,85000,,32.79008705791688,36.246,40.2245,48.8047,40.7891,36.4292,134.8800048828125,-0.0258,MARA,94.33557652255786,394.0,418.9172668457031
2021-12-29,33.90999984741211,34.86000061035156,35.79999923706055,33.369998931884766,33.90999984741211,8734700,801126.2135365674,0,2.467141456313797,801123.7463951111,23625.0,842.5014276900793,85000,,29.44785177836718,36.142,39.3665,48.8093,40.8409,36.4772,134.8800048828125,-0.1203,MARA,94.57026940801283,394.0,419.423583984375
2021-12-30,34.38999938964844,33.97999954223633,36.0,33.70000076293945,34.38999938964844,10789500,812466.2027219007,0,2.467141456313797,812463.7355804443,23625.0,855.8425914375302,85000,,36.66921222702434,36.194,38.5465,48.7627,40.8994,36.5273,134.8800048828125,-0.0176,MARA,94.0211013530956,394.0,418.2388305664063
2021-12-31,32.86000061035156,34.70000076293945,35.41999816894531,32.79999923706055,32.86000061035156,8982500,776319.981561012,0,2.467141456313797,776317.5144195557,23625.0,813.3176253658964,85000,,35.847648540678605,35.14,37.736,48.661,40.9569,36.584,134.8800048828125,-0.1379,MARA,93.48968627094942,394.0,417.0923767089844
2022-01-03,32.88999938964844,33.68000030517578,34.189998626708984,32.349998474121094,32.88999938964844,6798800,778023.7692219922,0,10.833659858413625,778012.9355621338,23655.0,804.6788014209212,86000,Buy all cash Monthly invest,41.49073337364433,33.838,37.2985,48.5688,41.0257,36.6478,134.8800048828125,-0.1279,MARA,93.57077700299996,396.0,419.6528625488281
2022-01-04,34.130001068115234,33.599998474121094,35.47999954223633,32.63999938964844,34.130001068115234,10570500,807356.0089261243,0,10.833659858413625,807345.1752662659,23655.0,838.7860568908422,86000,,43.3222007623346,33.636,36.9145,48.4795,41.1061,36.7138,134.8800048828125,0.1823,MARA,93.4916064565792,396.0,419.4809265136719
2022-01-05,29.6200008392334,33.29999923706055,33.900001525878906,29.209999084472656,29.6200008392334,15872200,700671.9535119245,0,10.833659858413625,700661.119852066,23655.0,714.7348296650284,86000,,33.17325554563246,32.778,36.1105,48.2572,41.1585,36.7613,134.8800048828125,-0.3602,MARA,89.79183782240403,396.0,411.4460754394531
2022-01-06,29.299999237060547,29.709999084472656,30.40999984741211,27.0,29.299999237060547,10608000,693102.3156125257,0,10.833659858413625,693091.4819526672,23655.0,705.9329251308438,86000,,37.153496990224156,31.76,35.2435,48.0645,41.2164,36.8059,134.8800048828125,-0.6837,MARA,89.53669057154103,396.0,410.8919677734375
2022-01-07,28.489999771118164,28.479999542236328,29.40999984741211,27.200000762939453,28.489999771118164,9316400,673941.7782456586,0,10.833659858413625,673930.9445858002,23655.0,683.6532305182077,86000,,38.50772038691699,30.886,34.5995,47.8095,41.2652,36.851,134.8800048828125,-0.9427,MARA,88.88122196348324,396.0,409.4684753417969
2022-01-10,28.93000030517578,26.8799991607666,29.219999313354492,26.270000457763672,28.93000030517578,11521500,684349.9908787915,0,10.833659858413625,684339.1572189331,23655.0,695.755803347432,86000,,42.09115114705965,30.094,34.024,47.5652,41.2975,36.8887,134.8800048828125,-0.9087,MARA,88.63487144000032,396.0,408.9334716796875
2022-01-11,29.579999923706055,28.610000610351562,30.3799991607666,28.059999465942383,29.579999923706055,11142700,699725.7318551252,0,10.833659858413625,699714.8981952667,23655.0,713.6345719245642,86000,,38.490745105188864,29.184,33.661,47.2433,41.3335,36.9255,134.8800048828125,-0.6388,MARA,90.2845669739302,396.0,412.5161437988281
2022-01-12,30.360000610351562,31.360000610351562,31.790000915527344,29.799999237060547,30.360000610351562,14678500,718176.6480977247,0,10.833659858413625,718165.8144378662,23655.0,735.0891256950288,86000,,41.252900408623944,29.332,33.3125,46.8918,41.3812,36.9656,134.8800048828125,-0.1979,MARA,90.85206830818711,396.0,413.7485961914063
2022-01-13,28.100000381469727,30.940000534057617,31.389999389648438,27.860000610351562,28.100000381469727,12245300,664716.3426835248,0,10.833659858413625,664705.5090236664,23655.0,672.9259798645637,86000,,24.684505235675942,29.092,32.781,46.4617,41.3688,36.9879,134.8800048828125,-0.2719,MARA,88.22572525086517,396.0,408.044921875
2022-01-14,28.59000015258789,27.579999923706055,29.09000015258789,27.420000076293945,28.59000015258789,9692000,676307.287269325,0,10.833659858413625,676296.4536094666,23655.0,686.4038224061918,86000,,21.597477930185235,29.112,32.435,46.0537,41.3819,37.0084,134.8800048828125,-0.1256,MARA,88.28293208339603,396.0,408.1691589355469
2022-01-18,26.06999969482422,27.579999923706055,28.09000015258789,25.950000762939453,26.06999969482422,9234500,616696.6764409253,0,10.833659858413625,616685.8427810669,23655.0,617.0891586522387,86000,,23.77096814761046,28.54,32.046,45.6397,41.3645,37.022,134.8800048828125,-0.463,MARA,84.9879253269462,396.0,401.0133361816406
2022-01-19,24.850000381469727,26.350000381469727,27.020000457763672,24.780000686645508,24.850000381469727,9449800,587837.5926835248,0,10.833659858413625,587826.7590236664,23655.0,583.5320845157265,86000,,23.784724809229274,27.594,31.665,45.2295,41.3426,37.0317,134.8800048828125,-0.8417,MARA,83.04783942351233,396.0,396.8000183105469
2022-01-20,24.829999923706055,25.3799991607666,27.34000015258789,24.739999771118164,24.829999923706055,12531600,587364.4818551252,0,10.833659858413625,587353.6481952667,23655.0,582.9819556454944,86000,,21.581454948531643,26.488,31.185,44.7318,41.3193,37.0016,134.8800048828125,-0.9767,MARA,81.0374359101584,396.0,392.4339904785156
2022-01-21,22.059999465942383,23.0,24.309999465942383,21.920000076293945,22.059999465942383,17539900,521840.12102672545,0,10.833659858413625,521829.28736686707,23655.0,506.7908384031691,86000,,20.099670037195395,25.28,30.5815,44.2185,41.2678,36.9369,134.8800048828125,-1.5596,MARA,77.48726785056536,396.0,384.7240295410156
2022-01-24,22.899999618530273,19.81999969482422,23.020000457763672,19.43000030517578,22.899999618530273,22122500,541710.3246361921,0,10.833659858413625,541699.4909763336,23655.0,529.8957263211536,86000,,23.529418899647098,24.142,29.82,43.7662,41.2326,36.8906,134.8800048828125,-1.6047,MARA,78.22631942101414,396.0,386.32904052734375
2022-01-25,22.18000030517578,22.56999969482422,23.43000030517578,21.43000030517578,22.18000030517578,14056100,524678.7408787915,0,10.833659858413625,524667.9072189331,23655.0,510.09155916138553,86000,,17.43869408065079,23.364,28.959,43.296,41.1781,36.8277,134.8800048828125,-1.6498,MARA,76.06630128079792,396.0,381.6380920410156
2022-01-26,21.459999084472656,24.0,24.219999313354492,20.950000762939453,21.459999084472656,17840600,507647.11200305907,0,10.833659858413625,507636.2783432007,23655.0,490.28733953844073,86000,,21.97802226593228,22.686,28.275,42.783,41.0947,36.7569,134.8800048828125,-1.6959,MARA,75.67036423501305,396.0,380.7782287597656
2022-01-27,19.790000915527344,21.5,21.920000076293945,19.600000381469727,19.790000915527344,12599000,468143.3053166577,0,10.833659858413625,468132.4716567993,23655.0,444.35268060076476,86000,,20.11314138045047,21.678,27.569,42.1877,40.9742,36.6578,134.8800048828125,-1.9821,MARA,74.7817401945425,396.0,378.848388671875
2022-01-28,21.969999313354492,20.56999969482422,22.0,19.43000030517578,21.969999313354492,13896100,519711.1674172589,0,10.833659858413625,519700.3337574005,23655.0,504.31531095030107,86000,,31.134256601987516,21.66,26.948,41.4982,40.8574,36.5498,134.8800048828125,-1.4403,MARA,79.05775068123397,396.0,388.1346740722656
2022-01-31,23.540000915527344,22.059999465942383,23.600000381469727,21.280000686645508,23.540000915527344,12131500,556849.5553166578,0,10.833659858413625,556838.7216567993,23655.0,547.4994829263462,86000,,35.3612182663703,21.788,26.482,40.8128,40.7561,36.4771,134.8800048828125,-0.5177,MARA,82.32639536010389,396.0,395.2332458496094
2022-02-01,25.030000686645508,24.09000015258789,25.219999313354492,23.190000534057617,25.030000686645508,13900700,593090.4939023206,0,4.627632255264416,593085.8662700653,23695.0,581.7132113819778,87000,Buy all cash Monthly invest,38.181820163479095,22.358,26.089,40.1585,40.6715,36.4011,134.8800048828125,0.5936,MARA,82.54738646697999,399.0,397.8127746582031
2022-02-02,23.020000457763672,24.450000762939453,24.75,22.40999984741211,23.020000457763672,11073700,545463.5384789655,0,4.627632255264416,545458.9108467102,23695.0,526.969584458581,87000,,32.08007735192949,22.67,25.5335,39.4785,40.5813,36.3424,134.8800048828125,0.8705,MARA,84.28687842296736,399.0,401.6056518554688
2022-02-03,21.209999084472656,21.979999542236328,22.649999618530273,21.010000228881836,21.209999084472656,8835300,502575.55593883485,0,4.627632255264416,502570.9283065796,23695.0,477.67305280325843,87000,,32.80079615376448,22.954,25.113,38.577,40.4841,36.3118,134.8800048828125,0.6395,MARA,80.00606408770332,399.0,392.27154541015625
2022-02-04,23.510000228881836,22.110000610351562,23.84000015258789,21.079999923706055,23.510000228881836,19894200,557074.0830556104,0,4.627632255264416,557069.4554233551,23695.0,540.3150379949545,87000,,38.36996464156739,23.262,24.8235,37.7007,40.4047,36.2705,134.8800048828125,1.1727,MARA,80.85171596421867,399.0,394.1154479980469
2022-02-07,25.579999923706055,25.0,26.540000915527344,24.969999313354492,25.579999923706055,22861600,606122.7258244703,0,4.627632255264416,606118.098192215,23695.0,596.6927883039889,87000,,48.854605560059134,23.67,24.678,37.0463,40.3624,36.2495,134.8800048828125,2.111,MARA,80.25580858191132,399.0,392.8161010742188
2022-02-08,26.329999923706055,25.0,26.399999618530273,24.6200008392334,26.329999923706055,12740300,623893.9758244703,0,4.627632255264416,623889.348192215,23695.0,617.1195124419198,87000,,53.53728346534945,23.93,24.548,36.307,40.3253,36.2336,134.8800048828125,2.9031,MARA,81.71486283164188,399.0,395.99749755859375
2022-02-09,28.989999771118164,26.799999237060547,29.040000915527344,26.350000381469727,28.989999771118164,14937600,686922.6722089002,0,4.627632255264416,686918.0445766449,23695.0,689.5662898952876,87000,,58.82852208176891,25.124,24.5185,35.5248,40.3018,36.194,134.8800048828125,4.0372,MARA,84.37888807914997,399.0,401.8062744140625
2022-02-10,28.81999969482422,27.8799991607666,31.440000534057617,27.65999984741211,28.81999969482422,20081600,682894.5204011152,0,4.627632255264416,682889.8927688599,23695.0,684.9362303461094,87000,,66.12595398139443,26.646,24.4415,35.0818,40.2482,36.1687,134.8800048828125,4.5848,MARA,81.14088716993662,399.0,394.7459716796875
2022-02-11,26.93000030517578,28.780000686645508,29.739999771118164,26.459999084472656,26.93000030517578,15399100,638110.9848633955,0,4.627632255264416,638106.3572311401,23695.0,633.4609021418339,87000,,59.15493104211168,27.33,24.383,34.6078,40.1663,36.1283,134.8800048828125,4.3086,MARA,77.53045289427662,399.0,386.8735961914063
2022-02-14,25.549999237060547,26.850000381469727,27.899999618530273,25.270000457763672,25.549999237060547,12765700,605411.859554405,0,4.627632255264416,605407.2319221497,23695.0,595.8757006372471,87000,,57.43272747465212,27.324,24.231,34.1845,40.0627,36.1014,134.8800048828125,3.6522,MARA,76.95206849486253,399.0,385.6124572753906
2022-02-15,28.6299991607666,27.549999237060547,28.93000030517578,27.440000534057617,28.6299991607666,15775800,678392.4577466199,0,4.627632255264416,678387.8301143646,23695.0,679.76144568577,87000,,64.32281238433889,27.784,24.359,33.804,39.9818,36.0955,134.8800048828125,3.8764,MARA,79.79135156328925,399.0,391.8033752441406
2022-02-16,28.399999618530273,27.56999969482422,28.93000030517578,27.110000610351562,28.399999618530273,10612800,672942.6185933301,0,4.627632255264416,672937.9909610748,23695.0,673.4972627509542,87000,,68.2492538176279,27.666,24.5365,33.366,39.9167,36.0951,134.8800048828125,3.8178,MARA,80.00606408770332,399.0,392.27154541015625
2022-02-17,25.719999313354492,27.139999389648438,27.8799991607666,25.5,25.719999313354492,10745900,609440.01136219,0,4.627632255264416,609435.3837299347,23695.0,600.5057601864254,87000,,57.78331129603091,27.046,24.581,32.9685,39.796,36.049,134.8800048828125,2.9921,MARA,76.18091728762923,399.0,383.9309997558594
2022-02-18,23.889999389648438,25.6200008392334,25.760000228881836,23.829999923706055,23.889999389648438,10793200,566078.163169975,0,4.627632255264416,566073.5355377197,23695.0,550.6645553677874,87000,,50.71868263084684,26.438,24.6725,32.498,39.6572,35.9895,134.8800048828125,1.9199,MARA,75.05485569684258,399.0,381.4756774902344
2022-02-22,22.530000686645508,22.899999618530273,24.100000381469727,22.010000228881836,22.530000686645508,12002300,533852.9939023206,0,4.627632255264416,533848.3662700653,23695.0,513.6241309222077,87000,,44.838976312967695,25.834,24.654,32.0003,39.5067,35.9091,134.8800048828125,0.8448,MARA,73.14011991592935,399.0,377.3006896972656
2022-02-23,21.040000915527344,23.40999984741211,23.899999618530273,20.940000534057617,21.040000915527344,11574400,498547.44932567567,0,4.627632255264416,498542.8216934204,23695.0,473.043045201926,87000,,45.82278591034367,24.316,24.597,31.531,39.3389,35.8272,134.8800048828125,-0.2278,MARA,70.02479388296194,399.0,370.50787353515625
2022-02-24,22.959999084472656,19.559999465942383,23.020000457763672,19.510000228881836,22.959999084472656,16630200,544041.8059388349,0,4.627632255264416,544037.1783065796,23695.0,525.3354091250975,87000,,53.67492687828599,23.228,24.672,31.0572,39.1786,35.7433,134.8800048828125,-0.3753,MARA,72.63622218980463,399.0,376.2019653320313
2022-02-25,23.06999969482422,23.389999389648438,23.729999542236328,22.010000228881836,23.06999969482422,12124700,546648.2704011152,0,4.627632255264416,546643.6427688599,23695.0,528.3313452886381,87000,,48.9824223066306,22.698,24.836,30.5905,39.0091,35.6796,134.8800048828125,-0.3829,MARA,76.40437730749723,399.0,384.4182434082031
2022-02-28,25.350000381469727,23.200000762939453,25.979999542236328,23.1299991607666,25.350000381469727,20632400,600672.8866711805,0,4.627632255264416,600668.2590389252,23695.0,590.428605369173,87000,,49.47320301617987,22.99,25.005,30.1665,38.8921,35.6053,134.8800048828125,0.2674,MARA,75.9618380134846,399.0,383.4533081054688
2022-03-01,26.079999923706055,27.3700008392334,27.489999771118164,24.959999084472656,26.079999923706055,21748400,618965.2706244848,0,8.632435168930215,618956.6381893158,23733.0,603.3696257096418,88000,Buy all cash Monthly invest,49.42686834483048,23.7,25.132,29.7833,38.7987,35.5408,134.8800048828125,0.8938,MARA,72.48660446938602,401.0,377.701904296875
2022-03-02,26.8799991607666,25.549999237060547,27.100000381469727,25.329999923706055,26.8799991607666,13294100,637951.6525176427,0,8.632435168930215,637943.0200824738,23733.0,624.9450596791395,88000,,44.71177710997726,24.868,25.2245,29.5373,38.6986,35.4734,134.8800048828125,1.4847,MARA,75.6472712992755,401.0,384.6380310058594
2022-03-03,24.65999984741211,26.600000381469727,27.25,24.520000457763672,24.65999984741211,9503000,585264.4088138005,0,8.632435168930215,585255.7763786316,23733.0,565.0731918338643,88000,,40.545453252870956,25.208,25.3065,29.2515,38.6062,35.4095,134.8800048828125,1.251,MARA,74.76785044661436,401.0,382.7081298828125
2022-03-04,22.81999969482422,24.729999542236328,25.18000030517578,22.459999084472656,22.81999969482422,10856100,541595.6851924321,0,8.632435168930215,541587.0527572632,23733.0,515.4496422641274,88000,,40.637810519876396,25.158,25.387,28.8702,38.4998,35.3461,134.8800048828125,0.602,MARA,73.3573338811181,401.0,379.61273193359375
2022-03-07,21.479999542236328,23.1200008392334,23.8799991607666,21.450000762939453,21.479999542236328,10943700,509793.46157106373,0,8.632435168930215,509784.8291358948,23733.0,479.3107517852997,88000,,40.71200266593588,24.384,25.2855,28.4508,38.3898,35.2938,134.8800048828125,-0.1606,MARA,68.25061866144702,401.0,368.4059753417969
2022-03-08,22.350000381469727,21.75,23.489999771118164,21.280000686645508,22.350000381469727,10851600,530441.19148859,0,8.632435168930215,530432.559053421,23733.0,502.77408123703407,88000,,34.060914334666336,23.638,25.124,28.1338,38.2673,35.2444,134.8800048828125,-0.3798,MARA,66.98376813793183,401.0,365.6258544921875
2022-03-09,25.68000030517578,24.399999618530273,26.190000534057617,24.030000686645508,25.68000030517578,15228000,609472.0796779058,0,8.632435168930215,609463.4472427368,23733.0,592.581908724893,88000,,44.0350885265019,23.398,25.0915,27.8878,38.1785,35.201,134.8800048828125,0.4169,MARA,71.42431569957735,401.0,375.3706970214844
2022-03-10,24.75,24.010000228881836,24.850000381469727,23.290000915527344,24.75,9376100,587400.382435169,0,8.632435168930215,587391.75,23733.0,567.5004345854193,88000,,47.69596333395885,23.416,24.8795,27.6863,38.0861,35.1453,134.8800048828125,0.6843,MARA,70.6625004724156,401.0,373.6988830566406
2022-03-11,22.489999771118164,25.139999389648438,25.209999084472656,22.440000534057617,22.489999771118164,8914600,533763.7970031163,0,8.632435168930215,533755.1645679474,23733.0,506.5497693217231,88000,,46.74115509152478,23.35,24.563,27.439,37.9911,35.0551,134.8800048828125,0.2541,MARA,68.49008524192463,401.0,368.9314880371094
2022-03-14,21.40999984741211,22.299999237060547,22.43000030517578,20.950000762939453,21.40999984741211,8346700,508132.15881380055,0,8.632435168930215,508123.5263786316,23733.0,477.42290774295515,88000,,47.35848844412076,23.336,24.287,27.1503,37.8925,34.9442,134.8800048828125,-0.2921,MARA,67.26239487465946,401.0,366.2373046875
2022-03-15,22.40999984741211,21.329999923706055,22.469999313354492,20.31999969482422,22.40999984741211,8796100,531865.1588138005,0,8.632435168930215,531856.5263786316,23733.0,504.39222592477336,88000,,53.30757844627797,23.348,24.13,26.932,37.7817,34.834,134.8800048828125,-0.3255,MARA,70.92368870206313,401.0,374.2720642089844
2022-03-16,24.229999542236328,23.309999465942383,24.270000457763672,22.190000534057617,24.229999542236328,11982600,575059.2115710637,0,8.632435168930215,575050.5791358948,23733.0,553.4763767852997,88000,,53.081029646175274,23.058,23.91,26.7717,37.6695,34.6993,134.8800048828125,0.1955,MARA,74.73738173129342,401.0,382.6412658691406
2022-03-17,26.65999984741211,24.049999237060547,26.700000762939453,24.0,26.65999984741211,11090600,632730.4088138005,0,8.632435168930215,632721.7763786316,23733.0,619.0118281975006,88000,,57.82817292806043,23.44,23.823,26.6748,37.5902,34.5919,134.8800048828125,1.195,MARA,76.87059508661791,401.0,387.3226318359375
2022-03-18,27.920000076293945,26.100000381469727,28.030000686645508,26.040000915527344,27.920000076293945,10161500,662633.9942458532,0,8.632435168930215,662625.3618106842,23733.0,652.9931752793786,88000,,55.86490121570625,24.526,23.933,26.5663,37.5297,34.5155,134.8800048828125,2.1084,MARA,78.82099615001681,401.0,391.6028137207031
2022-03-21,27.6299991607666,27.940000534057617,28.790000915527344,26.559999465942383,27.6299991607666,8684300,655751.4025176427,0,8.632435168930215,655742.7700824738,23733.0,645.172048315503,88000,,53.609685954665686,25.77,24.12,26.458,37.4871,34.423,134.8800048828125,2.5063,MARA,78.82967368464038,401.0,391.6218566894531
2022-03-22,29.440000534057617,28.93000030517578,30.959999084472656,28.799999237060547,29.440000534057617,13227200,698708.1651099584,0,8.632435168930215,698699.5326747894,23733.0,693.9865512613163,88000,,55.693952382132146,27.176,24.4655,26.3132,37.4773,34.3415,134.8800048828125,3.0857,MARA,80.90196351562848,401.0,396.1695251464844
2022-03-23,29.25,29.149999618530273,30.299999237060547,28.510000228881836,29.25,8156700,694198.882435169,0,8.632435168930215,694190.25,23733.0,688.8623664036011,88000,,61.22249174850387,28.18,24.876,26.144,37.4579,34.2547,134.8800048828125,3.2312,MARA,78.57714908331094,401.0,391.0676879882813
2022-03-24,30.329999923706055,30.040000915527344,30.469999313354492,28.31999969482422,30.329999923706055,11874000,719830.5206244848,0,8.632435168930215,719821.8881893158,23733.0,717.989227982369,88000,,69.07059057952097,28.914,25.2445,26.0638,37.4342,34.1686,134.8800048828125,3.4005,MARA,81.22602215238055,401.0,396.8806762695313
2022-03-25,28.889999389648438,31.280000686645508,31.489999771118164,28.219999313354492,28.889999389648438,12140800,685654.9879496953,0,8.632435168930215,685646.3555145264,23733.0,679.153395397381,88000,,68.72157169344953,29.108,25.5355,25.9802,37.3947,34.11,134.8800048828125,2.9686,MARA,82.14333768749242,401.0,398.8937377929688
2022-03-28,31.270000457763672,31.059999465942383,32.7400016784668,30.100000381469727,31.270000457763672,19226400,742139.5532992742,0,8.632435168930215,742130.9208641052,23733.0,743.3404014764479,88000,,70.93896244019501,29.836,25.8315,25.9282,37.3454,34.0647,134.8800048828125,3.0774,MARA,83.39700503340637,401.0,401.6449279785156
2022-03-29,31.139999389648438,31.350000381469727,31.649999618530273,29.309999465942383,31.139999389648438,11228200,739054.2379496953,0,8.632435168930215,739045.6055145264,23733.0,739.8343613064719,88000,,65.08286531299053,30.176,26.0845,25.8995,37.2802,34.0322,134.8800048828125,2.9176,MARA,85.7121545834108,401.0,406.7255554199219
2022-03-30,29.559999465942383,30.489999771118164,31.3799991607666,29.280000686645508,29.559999465942383,8076200,701556.0997603795,0,8.632435168930215,701547.4673252106,23733.0,697.2228406367949,88000,,62.82666132812663,30.238,26.2185,25.844,37.2064,34.0072,134.8800048828125,2.2745,MARA,84.55894638833135,401.0,404.19482421875
2022-03-31,27.950000762939453,29.8700008392334,30.190000534057617,27.920000076293945,27.950000762939453,8306200,663346.000542011,0,8.632435168930215,663337.368106842,23733.0,653.8022733431943,88000,,65.0828721713157,29.762,26.383,25.741,37.1102,33.9838,134.8800048828125,1.3614,MARA,81.72838743808055,401.0,397.9831237792969
2022-04-01,28.540000915527344,27.860000610351562,29.059999465942383,27.3700008392334,28.540000915527344,9201800,678343.4796632192,0,4.737902965256012,678338.7417602539,23768.0,662.183685014853,89000,Buy all cash Monthly invest,70.24417738922705,29.692,26.669,25.723,36.9901,33.9572,134.8800048828125,0.8205,MARA,81.3000442720049,404.0,399.0854797363281
2022-04-04,28.920000076293945,28.540000915527344,28.950000762939453,27.600000381469727,28.920000076293945,8319500,687375.2997163198,0,4.737902965256012,687370.5618133545,23768.0,672.3317974340672,89000,,69.15832505861532,29.222,27.041,25.7167,36.8906,33.9483,134.8800048828125,0.4911,MARA,82.83611179746137,404.0,402.4693908691406
2022-04-05,26.260000228881836,29.350000381469727,29.489999771118164,26.020000457763672,26.260000228881836,11188600,624152.4233430288,0,4.737902965256012,624147.6854400635,23768.0,601.2948576887964,89000,,55.69265356426474,28.246,27.2365,25.6795,36.7445,33.9231,134.8800048828125,-0.3741,MARA,80.57772515551966,404.0,397.4942321777344
2022-04-06,24.190000534057617,25.200000762939453,25.6200008392334,23.84000015258789,24.190000534057617,10107300,574952.6705964467,0,4.737902965256012,574947.9326934814,23768.0,546.014236625221,89000,,42.930741639684115,27.172,27.162,25.6005,36.5828,33.8817,134.8800048828125,-1.4089,MARA,78.75013671626402,404.0,393.4681091308594
2022-04-07,23.770000457763672,24.049999237060547,24.610000610351562,22.81999969482422,23.770000457763672,9526000,564970.1087830922,0,4.737902965256012,564965.370880127,23768.0,534.7978750371823,89000,,37.52255298855557,26.336,27.113,25.5037,36.3735,33.8385,134.8800048828125,-2.125,MARA,79.65086762940483,404.0,395.452392578125
2022-04-08,22.68000030517578,23.559999465942383,23.809999465942383,22.610000610351562,22.68000030517578,9102800,539062.9851563832,0,4.737902965256012,539058.247253418,23768.0,505.6887473667228,89000,,35.80034931942242,25.164,27.1225,25.3757,36.1337,33.7762,134.8800048828125,-2.7636,MARA,79.21573346178721,404.0,394.4938049316406
2022-04-11,21.920000076293945,22.049999237060547,22.8700008392334,21.399999618530273,21.920000076293945,6768500,520999.2997163198,0,4.737902965256012,520994.5618133545,23768.0,485.3924715913705,89000,,27.04517714470161,23.764,27.148,25.2727,35.8672,33.7248,134.8800048828125,-3.2453,MARA,76.11317739173806,404.0,387.6589660644531
2022-04-12,21.15999984741211,22.549999237060547,23.350000381469727,20.850000381469727,21.15999984741211,10968500,502935.6142762563,0,4.737902965256012,502930.876373291,23768.0,465.0961958160183,89000,,26.13569383938797,22.744,27.0855,25.1488,35.6012,33.6597,134.8800048828125,-3.6046,MARA,75.46916884955932,404.0,386.240234375
2022-04-13,22.299999237060547,21.020000457763672,22.579999923706055,20.940000534057617,22.299999237060547,8389000,530031.1197694204,0,4.737902965256012,530026.3818664551,23768.0,495.54058401058467,89000,,26.396235806595968,22.366,26.989,25.086,35.3628,33.6017,134.8800048828125,-3.3747,MARA,77.44904247249649,404.0,390.6018371582031
2022-04-14,21.229999542236328,22.299999237060547,22.3700008392334,20.93000030517578,21.229999542236328,8928500,504599.3670228383,0,4.737902965256012,504594.62911987305,23768.0,466.96558092453745,89000,,26.983172691168164,21.858,26.7175,25.0257,35.1276,33.5487,134.8800048828125,-3.3421,MARA,75.29507916491221,404.0,385.8567199707031
2022-04-18,20.899999618530273,20.90999984741211,21.260000228881836,19.790000915527344,20.899999618530273,9628200,496755.9288361928,0,4.737902965256012,496751.19093322754,23768.0,458.1527290294301,89000,,14.461953096474332,21.502,26.3665,24.9602,34.846,33.496,134.8800048828125,-3.2413,MARA,75.32554174281776,404.0,385.923828125
2022-04-19,21.5,21.100000381469727,21.93000030517578,20.40999984741211,21.5,8523000,511016.7379029653,0,4.737902965256012,511012.0,23768.0,474.1761100033318,89000,,17.99468475296159,21.418,26.06,24.9508,34.5847,33.4547,134.8800048828125,-2.8429,MARA,78.12351359258074,404.0,392.0876770019531
2022-04-20,20.719999313354492,21.700000762939453,22.09000015258789,20.25,20.719999313354492,8875000,492477.68158277485,0,4.737902965256012,492472.94367980957,23768.0,453.3457096435672,89000,,19.004203390265772,21.33,25.624,24.9145,34.3403,33.4105,134.8800048828125,-2.6434,MARA,77.98862768031776,404.0,391.79052734375
2022-04-21,19.31999969482422,21.299999237060547,21.989999771118164,19.1200008392334,19.31999969482422,12743700,459202.4906495473,0,4.737902965256012,459197.75274658203,23768.0,415.95785466241273,89000,,19.288250758934737,20.734,25.1275,24.8668,34.0814,33.3751,134.8800048828125,-2.7567,MARA,75.35165450286867,404.0,385.9813537597656
2022-04-22,18.149999618530273,19.079999923706055,19.770000457763672,18.09000015258789,18.149999618530273,9866700,431393.9288361928,0,4.737902965256012,431389.19093322754,23768.0,384.7122795912279,89000,,14.490765915899601,20.118,24.5185,24.8117,33.7973,33.3426,134.8800048828125,-3.0107,MARA,70.56947306523699,404.0,375.44635009765625
2022-04-25,18.719999313354492,17.780000686645508,18.780000686645508,17.600000381469727,18.719999313354492,11327400,444941.68158277485,0,4.737902965256012,444936.94367980957,23768.0,399.9344736885111,89000,,15.58704125175612,19.682,24.01,24.7938,33.4907,33.3254,134.8800048828125,-2.8353,MARA,71.50066655628338,404.0,377.4977416992188
2022-04-26,17.100000381469727,18.5,18.56999969482422,17.020000457763672,17.100000381469727,8916400,406437.54696973774,0,4.737902965256012,406432.80906677246,23768.0,356.67140108959296,89000,,16.76342286338179,18.802,23.3015,24.7127,33.1054,33.3147,134.8800048828125,-3.0409,MARA,66.60099847780725,404.0,366.7039184570313
2022-04-27,16.719999313354492,17.0,18.149999618530273,16.639999389648438,16.719999313354492,11128700,397405.68158277485,0,4.737902965256012,397400.94367980957,23768.0,346.5232377334549,89000,,19.10669509336543,18.002,22.5805,24.599,32.7059,33.2882,134.8800048828125,-3.1141,MARA,67.03178282757021,404.0,367.6529235839844
2022-04-28,16.860000610351562,16.8700008392334,17.260000228881836,15.59000015258789,16.860000610351562,13725900,400733.2324098012,0,4.737902965256012,400728.49450683594,23768.0,350.2620588874171,89000,,20.745135292534925,17.51,21.9455,24.4628,32.3107,33.2653,134.8800048828125,-2.9289,MARA,71.21346775449264,404.0,376.8650512695313
2022-04-29,15.600000381469727,16.6299991607666,17.479999542236328,15.529999732971191,15.600000381469727,10525700,370785.54696973774,0,4.737902965256012,370780.80906677246,23768.0,316.61297412330083,89000,,20.450755145979826,17.0,21.328,24.3392,31.9088,33.2345,134.8800048828125,-3.0348,MARA,64.93007274593398,404.0,363.0229187011719
2022-05-02,16.65999984741211,15.5600004196167,16.920000076293945,15.050000190734863,16.65999984741211,13859700,396974.616276302,0,0.13991216630586223,396974.47636413574,23828.0,341.0829069736689,90000,Buy all cash Monthly invest,28.58306215486583,16.588,20.734,24.2633,31.4202,33.2135,134.8800048828125,-2.5552,MARA,65.22660796364681,407.0,365.3042602539063
2022-05-03,16.780000686645508,16.350000381469727,17.31999969482422,16.229999542236328,16.780000686645508,7599000,399833.99627355544,0,0.13991216630586223,399833.85636138916,23828.0,344.25999585950603,90000,,31.18557271167758,16.524,20.127,24.1512,30.9259,33.1922,134.8800048828125,-2.0187,MARA,65.94192724533086,407.0,366.8860473632813
2022-05-04,17.760000228881836,16.8799991607666,17.829999923706055,15.609999656677246,17.760000228881836,11809900,423185.42536596267,0,0.13991216630586223,423185.2854537964,23828.0,370.20602818440295,90000,,30.226487652826705,16.732,19.702,24.0208,30.5336,33.1792,134.8800048828125,-1.1675,MARA,70.97487297151355,407.0,378.0154113769531
2022-05-05,15.899999618530273,17.270000457763672,17.399999618530273,15.539999961853027,15.899999618530273,9300500,378865.33082250564,0,0.13991216630586223,378865.19091033936,23828.0,320.96147869167294,90000,,28.280363095686866,16.54,19.2875,23.847,30.077,33.149,134.8800048828125,-1.1323,MARA,64.97088049240112,407.0,364.73876953125
2022-05-06,14.949999809265137,15.470000267028809,15.8100004196167,14.449999809265137,14.949999809265137,8417600,356228.73536733596,0,0.13991216630586223,356228.5954551697,23828.0,295.8097059637066,90000,,26.92009786516823,16.41,18.8465,23.613,29.5689,33.117,134.8800048828125,-1.3211,MARA,63.93480471386379,407.0,362.44769287109375
2022-05-09,12.079999923706055,13.9399995803833,14.029999732971191,11.770000457763672,12.079999923706055,15825000,287842.37809423415,0,0.13991216630586223,287842.2381820679,23828.0,219.82486454914905,90000,,18.931401761428717,15.494,18.3165,23.334,29.2079,33.0621,134.8800048828125,-2.372,MARA,58.646090114254434,407.0,350.75274658203125
2022-05-10,11.800000190734863,12.859999656677246,13.1899995803833,11.539999961853027,11.800000190734863,12884500,281170.5444569966,0,0.13991216630586223,281170.4045448303,23828.0,212.41171606332955,90000,,19.5770851460029,14.498,17.8105,23.0818,28.8448,33.0036,134.8800048828125,-3.0166,MARA,59.05358418028091,407.0,351.6538391113281
2022-05-11,9.979999542236328,11.0,12.170000076293945,9.90999984741211,9.979999542236328,17834900,237803.56900457354,0,0.13991216630586223,237803.42909240723,23828.0,164.22618778285945,90000,,19.031833493037922,12.942,17.2515,22.8223,28.5034,32.942,134.8800048828125,-3.9922,MARA,56.49158961919149,407.0,345.9884948730469
2022-05-12,10.149999618530273,9.489999771118164,10.600000381469727,8.800000190734863,10.149999618530273,20886700,241854.33082250567,0,0.13991216630586223,241854.19091033936,23828.0,168.72703424722852,90000,,21.590912785411376,11.792,16.644,22.5143,28.1592,32.8792,134.8800048828125,-4.3565,MARA,56.37019842453004,407.0,345.7200622558594
2022-05-13,11.390000343322754,11.170000076293945,12.0,10.920000076293945,11.390000343322754,15326200,271401.06809286086,0,0.13991216630586223,271400.9281806946,23828.0,201.55674232540096,90000,,25.152550683900742,11.08,16.152,22.2308,27.7984,32.8215,134.8800048828125,-3.8047,MARA,60.05931216015286,407.0,353.8778076171875
2022-05-16,10.319999694824219,11.180000305175781,11.199999809265137,10.130000114440918,10.319999694824219,11021300,245905.0926404378,0,0.13991216630586223,245904.95272827148,23828.0,173.22788071159755,90000,,26.12676584159985,10.728,15.623,21.9742,27.4713,32.7654,134.8800048828125,-3.6754,MARA,59.48706501524184,407.0,352.6123962402344
2022-05-17,11.09000015258789,10.779999732971191,11.260000228881836,10.510000228881836,11.09000015258789,10896800,264252.66354803054,0,0.13991216630586223,264252.52363586426,23828.0,193.61407060892284,90000,,30.705971110800846,10.586,15.1025,21.7608,27.1294,32.7102,134.8800048828125,-2.9861,MARA,62.6776412888421,407.0,359.667724609375
2022-05-18,10.15999984741211,10.609999656677246,10.989999771118164,9.930000305175781,10.15999984741211,9931700,242092.61627630205,0,0.13991216630586223,242092.47636413574,23828.0,168.99179586255784,90000,,28.218467273289406,10.622,14.5745,21.5547,26.7775,32.6509,134.8800048828125,-2.7472,MARA,56.23580694503785,407.0,345.4228820800781
2022-05-19,10.350000381469727,10.1899995803833,10.930000305175781,10.119999885559082,10.350000381469727,10241700,246619.94900182696,0,0.13991216630586223,246619.80908966064,23828.0,174.02216555758548,90000,,31.656188691784394,10.662,14.126,21.3765,26.4537,32.5955,134.8800048828125,-2.2764,MARA,55.1910781106737,407.0,343.1126708984375
2022-05-20,9.770000457763672,10.649999618530273,10.699999809265137,9.210000038146973,9.770000457763672,12378000,232799.7108197591,0,0.13991216630586223,232799.57090759277,23828.0,158.66634535528786,90000,,25.09039216484011,10.338,13.707,21.1567,26.1069,32.5273,134.8800048828125,-2.0528,MARA,55.23009276589288,407.0,343.1989440917969
2022-05-23,9.930000305175781,9.880000114440918,10.260000228881836,9.520000457763672,9.930000305175781,9389500,236612.18718389483,0,0.13991216630586223,236612.04727172852,23828.0,162.9024302043276,90000,,25.306420241489263,10.26,13.2675,20.9377,25.7641,32.4582,134.8800048828125,-1.6225,MARA,58.17358082334732,407.0,349.7078857421875
2022-05-24,9.0,9.609999656677246,9.800000190734863,8.739999771118164,9.0,11216500,214452.1399121663,0,0.13991216630586223,214452.0,23828.0,138.28015545796256,90000,,18.306808956862753,9.842,12.8625,20.6652,25.4158,32.3851,134.8800048828125,-1.6509,MARA,57.03346136398315,407.0,347.1867370605469
2022-05-25,9.270000457763672,8.890000343322754,9.4399995803833,8.84000015258789,9.270000457763672,6868700,220885.7108197591,0,0.13991216630586223,220885.57090759277,23828.0,145.42856757751008,90000,,22.89453253907803,9.664,12.49,20.385,25.0842,32.299,134.8800048828125,-1.3365,MARA,58.34265352978176,407.0,350.0817565917969
2022-05-26,9.850000381469727,8.8100004196167,9.960000038146973,8.529999732971191,9.850000381469727,15650000,234705.94900182696,0,0.13991216630586223,234705.80908966064,23828.0,160.78438777980773,90000,,28.499165535217386,9.564,12.1395,20.1012,24.8192,32.2122,134.8800048828125,-0.6203,MARA,61.48985411843195,407.0,357.0411682128906
2022-05-27,10.270000457763672,9.970000267028809,10.479999542236328,9.8100004196167,10.270000457763672,13974000,244713.7108197591,0,0.13991216630586223,244713.57090759277,23828.0,171.90412313306567,90000,,40.38257831274505,9.664,11.873,19.8613,24.5564,32.1301,134.8800048828125,0.2507,MARA,65.53875280685426,407.0,365.9945068359375
2022-05-31,10.229999542236328,11.039999961853027,11.170000076293945,10.020000457763672,10.229999542236328,19496600,243760.56900457354,0,0.13991216630586223,243760.42909240723,23828.0,170.8450766717484,90000,,41.439477540669714,9.724,11.5515,19.6515,24.2608,32.0475,134.8800048828125,0.9245,MARA,64.61976239615548,407.0,363.96234130859375
2022-06-01,9.220000267028809,10.300000190734863,10.350000381469727,9.109999656677246,9.220000267028809,14993800,220689.3735747859,0,8.66718345136303,220680.70639133453,23935.0,142.51579513712733,91000,Buy all cash Monthly invest,45.45455167686333,9.768,11.1735,19.4472,23.949,31.9654,134.8800048828125,0.8713,MARA,62.54229701073615,409.0,360.9139709472656
2022-06-02,9.34000015258789,9.140000343322754,9.600000381469727,9.100000381469727,9.34000015258789,11644100,223561.57083564252,0,8.66718345136303,223552.90365219116,23935.0,145.67205586334345,91000,,45.12635892798327,9.782,10.7525,19.2303,23.6821,31.8884,134.8800048828125,1.0017,MARA,65.6228191161942,409.0,367.7679443359375
2022-06-03,8.800000190734863,9.069999694824219,9.109999656677246,8.399999618530273,8.800000190734863,11020700,210636.6717486903,0,8.66718345136303,210628.00456523895,23935.0,131.46887005350584,91000,,32.982921841590866,9.572,10.3975,18.949,23.4184,31.8111,134.8800048828125,0.8468,MARA,62.94727982699217,409.0,361.8150329589844
2022-06-06,8.930000305175781,9.229999542236328,9.260000228881836,8.699999809265137,8.930000305175781,10203500,213748.22448783368,0,8.66718345136303,213739.55730438232,23935.0,134.8881587778392,91000,,39.58021756922073,9.304,10.0965,18.6853,23.1858,31.7333,134.8800048828125,0.9173,MARA,63.391051893548656,409.0,362.8023986816406
2022-06-07,8.6899995803833,8.649999618530273,8.880000114440918,8.319999694824219,8.6899995803833,10773200,208003.80713992566,0,8.66718345136303,207995.1399564743,23935.0,128.57561224167654,91000,,30.45602856300127,8.996,9.927,18.4553,22.9472,31.6467,134.8800048828125,0.901,MARA,64.98515566270433,409.0,366.3491821289063
2022-06-08,8.529999732971191,8.640000343322754,9.140000343322754,8.390000343322754,8.529999732971191,11217000,204174.21079211682,0,8.66718345136303,204165.54360866547,23935.0,124.36726460672176,91000,,34.82309524930051,8.858,9.7635,18.2407,22.6955,31.5647,134.8800048828125,0.8752,MARA,63.18423990060995,409.0,362.3422546386719
2022-06-09,7.659999847412109,8.399999618530273,8.4399995803833,7.650000095367432,7.659999847412109,13904900,183350.7635312602,0,8.66718345136303,183342.09634780884,23935.0,101.48435552885738,91000,,27.768594832883196,8.522,9.6475,17.9948,22.4634,31.4712,134.8800048828125,0.3713,MARA,59.354048323998086,409.0,353.8203125
2022-06-10,7.539999961853027,7.349999904632568,7.690000057220459,7.25,7.539999961853027,10500400,180478.56627040356,0,8.66718345136303,180469.8990869522,23935.0,98.32809480264129,91000,,30.053666774658737,8.27,9.517,17.7167,22.2442,31.3697,134.8800048828125,0.0586,MARA,54.68796760601003,409.0,343.4385681152344
2022-06-13,6.650000095367432,6.150000095367432,7.0,6.119999885559082,6.650000095367432,18789100,159176.38621607036,0,1.9839333555187624,159174.40228271484,23936.0,74.91910573194545,91000,Buy all cash ,24.050635872045603,7.814,9.28,17.3832,22.029,31.2667,134.8800048828125,-0.6585,MARA,48.73802854055887,409.0,330.2003173828125
2022-06-14,6.940000057220459,6.539999961853027,7.070000171661377,6.409999847412109,6.940000057220459,10702200,166117.82530298442,0,1.9839333555187624,166115.8413696289,23936.0,82.54706077251035,91000,,31.866200183431175,7.464,9.111,17.0335,21.7999,31.1678,134.8800048828125,-0.7887,MARA,48.36748695750814,409.0,329.3758850097656
2022-06-15,6.869999885559082,6.710000038146973,7.170000076293945,6.550000190734863,6.869999885559082,18151300,164442.3011940977,0,1.9839333555187624,164440.3172607422,23936.0,80.70582548801946,91000,,28.102186541811918,7.132,8.9,16.6875,21.5727,31.0702,134.8800048828125,-0.7778,MARA,50.487234446347415,409.0,334.0921936035156
2022-06-16,6.570000171661377,6.730000019073486,6.820000171661377,6.269999980926514,6.570000171661377,12253800,157261.50804224223,0,1.9839333555187624,157259.52410888672,23936.0,72.81484400246399,91000,,18.46153817938631,6.914,8.7205,16.3063,21.3097,30.9737,134.8800048828125,-0.8492,MARA,45.554073006347,409.0,323.1162109375
2022-06-17,6.610000133514404,6.460000038146973,6.840000152587891,6.440000057220459,6.610000133514404,10248600,158218.9471291563,0,1.9839333555187624,158216.96319580078,23936.0,73.86697486720473,91000,,12.033193009330091,6.728,8.5335,15.929,21.0365,30.8822,134.8800048828125,-0.7111,MARA,45.93322832673461,409.0,323.9598083496094
2022-06-21,7.21999979019165,6.940000057220459,7.789999961853027,6.889999866485596,7.21999979019165,16390900,172819.89891138286,0,1.9839333555187624,172817.91497802734,23936.0,89.91197682569545,91000,,22.077918746047175,6.842,8.406,15.5438,20.8038,30.7965,134.8800048828125,0.0225,MARA,49.50061861771804,409.0,331.89703369140625
2022-06-22,6.75,7.070000171661377,7.329999923706055,6.71999979019165,6.75,10511200,161569.9839333555,0,1.9839333555187624,161568.0,23936.0,77.54943289379727,91000,,24.536076717110475,6.804,8.247,15.1748,20.5775,30.7092,134.8800048828125,0.2531,MARA,49.18609375964156,409.0,331.1972351074219
2022-06-23,7.050000190734863,6.769999980926514,7.099999904632568,6.510000228881836,7.050000190734863,13282100,168750.7884987852,0,1.9839333555187624,168748.8045654297,23936.0,85.44042692174199,91000,,27.236579687646056,6.84,8.1495,14.7712,20.3497,30.6245,134.8800048828125,0.7703,MARA,50.75006316426036,409.0,334.6769714355469
2022-06-24,7.420000076293945,7.170000076293945,7.760000228881836,7.119999885559082,7.420000076293945,13665900,177607.1057595274,0,1.9839333555187624,177605.12182617188,23936.0,95.17264369178835,91000,,35.802466955476945,7.01,8.057,14.3758,20.1377,30.5473,134.8800048828125,1.5143,MARA,55.43334392463768,409.0,345.09698486328125
2022-06-27,6.849999904632568,7.480000019073486,7.5,6.809999942779541,6.849999904632568,9098200,163963.58165064067,0,1.9839333555187624,163961.59771728516,23936.0,80.17976005564908,91000,,30.377353652595318,7.058,7.907,13.9973,19.9207,30.4732,134.8800048828125,1.588,MARA,54.85169719612206,409.0,343.8028564453125
2022-06-28,6.429999828338623,6.949999809265137,7.150000095367432,6.320000171661377,6.429999828338623,10430900,153910.4598244688,0,1.9839333555187624,153908.47589111328,23936.0,69.1323734334822,91000,,29.379560789395356,6.9,7.715,13.6387,19.6898,30.398,134.8800048828125,1.337,MARA,51.51263952527727,409.0,336.3736572265625
2022-06-29,5.800000190734863,6.25,6.269999980926514,5.650000095367432,5.800000190734863,12163900,138830.7884987852,0,1.9839333555187624,138828.8045654297,23936.0,52.561306042621105,91000,,27.0588229637126,6.71,7.4935,13.2597,19.4913,30.3249,134.8800048828125,0.6868,MARA,51.58707702930159,409.0,336.5392761230469
2022-06-30,5.340000152587891,5.53000020980835,5.769999980926514,5.269999980926514,5.340000152587891,10706100,127820.22758569926,0,1.9839333555187624,127818.24365234375,23936.0,40.461788555713476,91000,,29.061370846825085,6.368,7.2995,12.8667,19.2917,30.254,134.8800048828125,-0.0729,MARA,50.393086845901,409.0,333.8827209472656
2022-07-01,5.539999961853027,5.409999847412109,5.699999809265137,5.28000020980835,5.539999961853027,11547900,133602.46472030372,0,5.365640217968462,133597.09908008575,24115.0,45.220070348156206,92000,Buy all cash Monthly invest,32.20640231216855,5.992,7.1095,12.5213,19.1004,30.1828,134.8800048828125,-0.2774,MARA,51.36315865682519,412.0,337.30926513671875
2022-07-05,6.070000171661377,5.400000095367432,6.079999923706055,5.199999809265137,6.070000171661377,12317300,146383.41977983207,0,5.365640217968462,146378.0541396141,24115.0,59.11241280416528,92000,,44.486691980740126,5.836,6.973,12.2193,18.9099,30.1037,134.8800048828125,0.2189,MARA,51.630422052715154,412.0,337.90606689453125
2022-07-06,5.650000095367432,5.940000057220459,6.070000171661377,5.610000133514404,5.650000095367432,11174600,136255.11794000358,0,5.365640217968462,136249.7522997856,24115.0,48.10338906522127,92000,,38.03339417504862,5.68,6.809,11.9173,18.7105,30.022,134.8800048828125,0.2536,MARA,52.17783641773721,412.0,339.1284484863281
2022-07-07,7.010000228881836,5.769999980926514,7.090000152587891,5.710000038146973,7.010000228881836,20439600,169051.52115970344,0,5.365640217968462,169046.15551948547,24115.0,83.75165343446025,92000,,51.04790686312931,5.922,6.725,11.6562,18.5159,29.9485,134.8800048828125,1.7049,MARA,54.40634792949843,412.0,344.104736328125
2022-07-08,8.510000228881836,6.650000095367432,8.899999618530273,6.599999904632568,8.510000228881836,49125100,205224.02115970344,0,5.365640217968462,205218.65551948547,24115.0,123.06958821706897,92000,,62.30964559923759,6.556,6.724,11.4327,18.3527,29.8607,134.8800048828125,4.0901,MARA,54.31586158545121,412.0,343.9026794433594
2022-07-11,7.809999942779541,7.900000095367432,8.289999961853027,7.670000076293945,7.809999942779541,14270700,188343.5142603466,0,5.365640217968462,188338.14862012863,24115.0,104.72121115255067,92000,,57.025760038790196,7.01,6.7315,11.2102,18.1795,29.7807,134.8800048828125,4.863,MARA,52.574412876212094,412.0,340.0140075683594
2022-07-12,7.670000076293945,7.75,7.989999771118164,7.360000133514404,7.670000076293945,10812500,184967.41748004645,0,5.365640217968462,184962.0518398285,24115.0,101.05154073918095,92000,,52.788105802540855,7.33,6.738,10.9663,18.0262,29.6953,134.8800048828125,5.1015,MARA,51.16918906294783,412.0,336.8761291503906
2022-07-13,7.760000228881836,7.5,7.900000095367432,7.050000190734863,7.760000228881836,12906700,187137.77115970344,0,5.365640217968462,187132.40551948547,24115.0,103.41062082576462,92000,,56.566971123140554,7.752,6.7935,10.7418,17.8837,29.6132,134.8800048828125,5.1876,MARA,50.46659082288328,412.0,335.3072204589844
2022-07-14,8.0,7.590000152587891,8.100000381469727,7.260000228881836,8.0,15079800,192925.36564021796,0,5.365640217968462,192920.0,24115.0,109.70148439154129,92000,,56.22542460692183,7.95,6.8465,10.5268,17.7435,29.5314,134.8800048828125,5.2906,MARA,50.07004169754361,412.0,334.4217224121094
2022-07-15,8.039999961853027,8.260000228881836,8.5600004196167,7.670000076293945,8.039999961853027,13282100,193889.96472030372,0,5.365640217968462,193884.59908008575,24115.0,110.74996165250406,92000,,54.24657444766908,7.856,6.905,10.3025,17.6267,29.4473,134.8800048828125,5.2091,MARA,52.9020141680344,412.0,340.7455444335937
2022-07-18,9.760000228881836,8.829999923706055,10.970000267028809,8.699999809265137,9.760000228881836,43749500,235367.77115970344,0,5.365640217968462,235362.40551948547,24115.0,155.83453386924288,92000,,67.21893624687411,8.246,7.0645,10.1198,17.5172,29.3749,134.8800048828125,6.4058,MARA,51.63903199030007,412.0,337.92529296875
2022-07-19,12.899999618530273,10.369999885559082,13.0,9.850000381469727,12.899999618530273,58076500,311088.8564410755,0,5.365640217968462,311083.49080085754,24115.0,238.1400613489951,92000,,78.96150412801401,9.292,7.379,10.0128,17.4398,29.309,134.8800048828125,9.2487,MARA,55.74691521147024,412.0,347.0982360839844
2022-07-20,12.470000267028809,13.550000190734863,14.199999809265137,11.859999656677246,12.470000267028809,70804300,300719.4220796177,0,5.365640217968462,300714.0564393997,24115.0,226.8689370430627,92000,,80.4010961430696,10.234,7.6415,9.9182,17.3649,29.2298,134.8800048828125,10.0158,MARA,56.74264765988224,412.0,349.3217163085937
2022-07-21,13.489999771118164,11.760000228881836,13.510000228881836,11.670000076293945,13.489999771118164,31470900,325316.7101207325,0,5.365640217968462,325311.3444805145,24115.0,253.60511969644836,92000,,85.34258664955071,11.332,7.9785,9.831,17.3124,29.1433,134.8800048828125,10.5047,MARA,58.3245528590161,412.0,352.8541259765625
2022-07-22,12.420000076293945,13.890000343322754,13.920000076293945,12.0600004196167,12.420000076293945,29213400,299513.66748004645,0,5.365640217968462,299508.3018398285,24115.0,225.55833421744177,92000,,77.74193893238149,12.208,8.247,9.753,17.2328,29.0451,134.8800048828125,9.418,MARA,56.88488929541216,412.0,349.63934326171875
2022-07-25,11.569999694824219,11.699999809265137,12.479999542236328,11.510000228881836,11.569999694824219,16546800,279015.908280904,0,5.365640217968462,279010.54264068604,24115.0,203.27816117489564,92000,,71.61949695849466,12.57,8.4545,9.6672,17.1331,28.9446,134.8800048828125,7.639,MARA,57.04001850418423,412.0,349.9857482910156
2022-07-26,10.109999656677246,11.1899995803833,11.289999961853027,10.079999923706055,10.109999656677246,13455500,243808.00736098975,0,5.365640217968462,243802.6417207718,24115.0,165.0087036532497,92000,,66.20639517002729,12.012,8.6175,9.5547,17.0087,28.8401,134.8800048828125,5.1802,MARA,55.16067412791046,412.0,345.7891540527344
2022-07-27,12.319999694824219,10.869999885559082,12.649999618530273,10.579999923706055,12.319999694824219,31321000,297102.158280904,0,5.365640217968462,297096.79264068604,24115.0,222.9371285662,92000,,68.17248438513198,11.982,8.912,9.5,16.9196,28.7505,134.8800048828125,4.6642,MARA,59.21681572416555,412.0,354.8465576171875
2022-07-28,13.199999809265137,12.319999694824219,13.720000267028809,11.84000015258789,13.199999809265137,36781000,318323.36104064673,0,5.365640217968462,318317.9954004288,24115.0,246.0036533050508,92000,,66.7619727549063,11.924,9.282,9.4423,16.8528,28.6685,134.8800048828125,4.5078,MARA,61.22552782929462,412.0,359.33203125
2022-07-29,12.989999771118164,12.819999694824219,14.170000076293945,12.579999923706055,12.989999771118164,31918900,313259.2101207325,0,5.365640217968462,313253.8444805145,24115.0,240.4991414355788,92000,,69.18518658233782,12.038,9.6645,9.3792,16.7652,28.5849,134.8800048828125,3.928,MARA,63.583325070505566,412.0,364.5970153808594
2022-08-01,12.270000457763672,12.5,13.1899995803833,11.829999923706055,12.270000457763672,20688000,296891.45732900355,0,6.526252953716835,296884.9310760498,24196.0,219.23812616021885,93000,Buy all cash Monthly invest,66.33523092874616,12.178,10.001,9.2877,16.6542,28.5083,134.8800048828125,2.8495,MARA,62.40767273728567,415.0,363.499755859375
2022-08-02,12.960000038146973,11.899999618530273,13.640000343322754,11.8100004196167,12.960000038146973,23868600,313586.6871759579,0,6.526252953716835,313580.16092300415,24196.0,237.18998621070742,93000,,67.71117409607024,12.748,10.3455,9.2387,16.5428,28.4341,134.8800048828125,2.3065,MARA,61.35965414847102,415.0,361.1511840820313
2022-08-03,13.279999732971191,13.170000076293945,13.770000457763672,12.930000305175781,13.279999732971191,24463900,321329.3997919247,0,6.526252953716835,321322.87353897095,24196.0,245.51548364723087,93000,,67.88618114685042,12.94,10.727,9.2108,16.4119,28.3569,134.8800048828125,1.9054,MARA,63.8766255315145,415.0,366.7916259765625
2022-08-04,13.420000076293945,13.5,15.029999732971191,13.300000190734863,13.420000076293945,27091800,324716.84809896204,0,6.526252953716835,324710.3218460083,24196.0,249.15790118167962,93000,,68.1022911483415,12.984,11.0475,9.2332,16.2836,28.2659,134.8800048828125,1.511,MARA,63.74775783866966,415.0,366.5028381347656
2022-08-05,14.170000076293945,13.229999542236328,14.390000343322754,13.130000114440918,14.170000076293945,17207100,342863.84809896204,0,6.526252953716835,342857.3218460083,24196.0,268.67080440748606,93000,,65.87473234977841,13.22,11.3305,9.2727,16.1772,28.1718,134.8800048828125,1.451,MARA,63.40845027923585,415.0,365.7424621582031
2022-08-08,14.430000305175781,15.279999732971191,15.779999732971191,14.25,14.430000305175781,19936600,349154.81363698695,0,6.526252953716835,349148.2873840332,24196.0,275.4352834806311,93000,,56.94823306036819,13.652,11.6615,9.3468,16.0846,28.0736,134.8800048828125,1.334,MARA,63.26239659586261,415.0,365.4151611328125
2022-08-09,14.109999656677246,14.010000228881836,14.949999809265137,13.34000015258789,14.109999656677246,16261100,341412.0779459164,0,6.526252953716835,341405.55169296265,24196.0,267.1097612321681,93000,,57.52293324332047,13.882,11.9835,9.4128,15.9636,27.9727,134.8800048828125,0.9014,MARA,62.618139839992736,415.0,363.9714050292969
2022-08-10,16.360000610351562,15.359999656677246,16.989999771118164,14.65999984741211,16.360000610351562,32584700,395853.10102102015,0,6.526252953716835,395846.5747680664,24196.0,325.648495721527,93000,,61.83017554210051,14.498,12.4135,9.4957,15.8632,27.89,134.8800048828125,1.5331,MARA,66.01990375600838,415.0,371.5946350097656
2022-08-11,17.190000534057617,17.719999313354492,18.8799991607666,16.809999465942383,17.190000534057617,29953900,415935.77917501185,0,6.526252953716835,415929.2529220581,24196.0,347.24277330646436,93000,,70.05887273943519,15.252,12.873,9.6102,15.7922,27.7941,134.8800048828125,2.0422,MARA,66.01990375600838,415.0,371.5946350097656
2022-08-12,18.239999771118164,17.25,18.299999237060547,16.389999389648438,18.239999771118164,17649100,441341.56071492884,0,6.526252953716835,441335.0344619751,24196.0,374.5608179730418,93000,,77.58478077796474,16.066,13.383,9.7293,15.7451,27.7012,134.8800048828125,2.513,MARA,68.8589967079573,415.0,377.9569396972656
2022-08-15,17.649999618530273,17.979999542236328,18.469999313354492,17.3799991607666,17.649999618530273,14104800,427065.91702291224,0,6.526252953716835,427059.3907699585,24196.0,359.2106634654971,93000,,83.60071204280689,16.71,13.7775,9.8542,15.7044,27.6056,134.8800048828125,2.2176,MARA,69.58059042120495,415.0,379.5740051269531
2022-08-16,16.8799991607666,17.549999237060547,17.809999465942383,16.270000457763672,16.8799991607666,17057400,408434.98594686243,0,6.526252953716835,408428.4596939087,24196.0,339.1774042439381,93000,,73.31287906844943,17.264,13.9765,9.963,15.6697,27.5043,134.8800048828125,1.4284,MARA,69.87696024043588,415.0,380.2381591796875
2022-08-17,15.449999809265137,16.299999237060547,16.670000076293945,15.300000190734863,15.449999809265137,17188500,373834.721637933,0,6.526252953716835,373828.19538497925,24196.0,301.97281896551937,93000,,60.890609954587376,17.082,14.1255,10.0577,15.6072,27.3929,134.8800048828125,0.1303,MARA,68.71724633124569,415.0,377.6392822265625
2022-08-18,15.59000015258789,15.75,15.819999694824219,15.050000190734863,15.59000015258789,10602400,377222.16994497034,0,6.526252953716835,377215.6436920166,24196.0,305.6152364999681,93000,,62.67056687850133,16.762,14.2305,10.152,15.5448,27.277,134.8800048828125,-0.757,MARA,69.23697955510953,415.0,378.8039855957031
2022-08-19,13.180000305175781,13.880000114440918,14.359999656677246,13.050000190734863,13.180000305175781,16042600,318909.81363698695,0,6.526252953716835,318903.2873840332,24196.0,242.91377810428702,93000,,53.807530499220945,15.75,14.2685,10.2217,15.4434,27.1677,134.8800048828125,-2.3994,MARA,66.90469628898047,415.0,373.5774230957031
2022-08-22,12.930000305175781,12.619999885559082,13.470000267028809,12.529999732971191,12.930000305175781,11300100,312860.81363698695,0,6.526252953716835,312854.2873840332,24196.0,236.4094770290182,93000,,49.869679713775106,14.806,14.3365,10.2827,15.3338,27.0662,134.8800048828125,-3.5333,MARA,63.39126428870748,415.0,365.7039489746094
2022-08-23,13.710000038146973,13.1899995803833,14.380000114440918,13.029999732971191,13.710000038146973,15897400,331733.6871759579,0,6.526252953716835,331727.16092300415,24196.0,256.70288943651383,93000,,51.796158150895,14.172,14.5165,10.347,15.2241,26.9613,134.8800048828125,-3.8325,MARA,63.00470206435011,415.0,364.8376770019531
2022-08-24,13.779999732971191,13.579999923706055,14.350000381469727,13.40999984741211,13.779999732971191,12283100,333427.3997919247,0,6.526252953716835,333420.87353897095,24196.0,258.52408579776846,93000,,51.51260352675156,13.838,14.5895,10.4055,15.1334,26.8698,134.8800048828125,-3.8889,MARA,63.49865630242135,415.0,365.9446105957031
2022-08-25,12.880000114440918,13.829999923706055,14.239999771118164,12.59000015258789,12.880000114440918,17280700,311651.0090219662,0,6.526252953716835,311644.48276901245,24196.0,235.10861185157657,93000,,44.64730314757632,13.296,14.5735,10.4497,15.0506,26.7752,134.8800048828125,-4.2142,MARA,65.87816699735582,415.0,371.2770080566406
2022-08-26,11.350000381469727,13.210000038146973,13.279999732971191,11.25,11.350000381469727,20712100,274631.13548299525,0,6.526252953716835,274624.6092300415,24196.0,195.30229621827445,93000,,38.43843845993909,12.93,14.4915,10.4852,14.9662,26.678,134.8800048828125,-4.9874,MARA,60.19998109345797,415.0,358.5523986816406
2022-08-29,11.8100004196167,11.130000114440918,12.380000114440918,11.09000015258789,11.8100004196167,14423400,285761.2964059994,0,6.526252953716835,285754.77015304565,24196.0,207.27021118924665,93000,,41.4561686719808,12.706,14.4685,10.5263,14.8783,26.5728,134.8800048828125,-5.0901,MARA,59.14332865520191,415.0,356.1844787597656
2022-08-30,11.529999732971191,11.989999771118164,12.170000076293945,11.020000457763672,11.529999732971191,12817200,278986.3997919247,0,6.526252953716835,278979.87353897095,24196.0,199.98537612034912,93000,,28.98171725636918,12.27,14.397,10.5718,14.7604,26.4695,134.8800048828125,-5.0962,MARA,57.416694947519616,415.0,352.3151550292969
2022-08-31,11.850000381469727,11.680000305175781,12.239999771118164,11.420000076293945,11.850000381469727,11566000,286729.13548299525,0,6.526252953716835,286722.6092300415,24196.0,208.3108983688121,93000,,25.6830584006551,11.884,14.3255,10.6205,14.6529,26.3695,134.8800048828125,-4.7386,MARA,56.17965769901072,415.0,349.5429992675781
2022-09-01,11.510000228881836,11.479999542236328,11.6899995803833,10.720000267028809,11.510000228881836,10899800,279497.48494087905,0,0.14938294143360054,279497.3355579376,24283.0,197.33774993710534,94000,Buy all cash Monthly invest,17.234667759197905,11.61,14.23,10.6675,14.5614,26.2762,134.8800048828125,-4.4809,MARA,56.052360520788966,418.0,350.6210632324219
2022-09-02,11.380000114440918,11.8100004196167,11.899999618530273,10.989999771118164,11.380000114440918,13466200,276340.69216191024,0,0.14938294143360054,276340.5427789688,24283.0,193.979459746713,94000,,18.042817350183455,11.616,14.0905,10.715,14.4778,26.1852,134.8800048828125,-4.1882,MARA,54.41733601582304,418.0,346.9442138671875
2022-09-06,11.119999885559082,11.399999618530273,12.100000381469727,10.729999542236328,11.119999885559082,18766000,270027.1066039726,0,0.14938294143360054,270026.9572210312,24283.0,187.26287936592828,94000,,19.032262596371098,11.478,13.925,10.7727,14.3838,26.0827,134.8800048828125,-3.9472,MARA,53.89944187156191,418.0,345.7795715332031
2022-09-07,11.680000305175781,10.949999809265137,11.699999809265137,10.819999694824219,11.680000305175781,12185500,283625.5967935249,0,0.14938294143360054,283625.4474105835,24283.0,201.72935829098395,94000,,27.639389435846866,11.508,13.8035,10.8417,14.2792,25.9743,134.8800048828125,-3.3177,MARA,56.65587147075573,418.0,351.9782409667969
2022-09-08,13.260000228881836,11.4399995803833,13.279999732971191,11.300000190734863,13.260000228881836,19147800,321992.73494087905,0,0.14938294143360054,321992.5855579376,24283.0,242.5454627030628,94000,,38.19655660795756,11.79,13.6485,10.9518,14.1675,25.8788,134.8800048828125,-1.9336,MARA,57.67883555870868,418.0,354.2786865234375
2022-09-09,14.15999984741211,14.079999923706055,14.550000190734863,13.670000076293945,14.15999984741211,22814400,343847.4256776497,0,0.14938294143360054,343847.27629470825,24283.0,265.79513369962734,94000,,55.86124085339699,12.32,13.497,11.0722,14.0528,25.7913,134.8800048828125,-0.5085,MARA,60.10999186325074,418.0,359.7458801269531
2022-09-12,14.430000305175781,14.670000076293945,15.149999618530273,13.880000114440918,14.430000305175781,19467800,350403.8467935249,0,0.14938294143360054,350403.6974105835,24283.0,272.7700497803457,94000,,58.949879527505644,12.93,13.3065,11.1982,13.9428,25.715,134.8800048828125,0.537,MARA,61.86914648737807,418.0,363.7018737792969
2022-09-13,12.819999694824219,13.050000190734863,13.649999618530273,12.800000190734863,12.819999694824219,14978700,311308.2019723579,0,0.14938294143360054,311308.0525894165,24283.0,231.17893826846588,94000,,45.16829448793965,13.27,13.065,11.3023,13.8043,25.6408,134.8800048828125,0.3658,MARA,54.81540191561112,418.0,347.8393859863281
2022-09-14,12.600000381469727,12.880000114440918,13.050000190734863,12.40999984741211,12.600000381469727,9742100,305965.9586461708,0,0.14938294143360054,305965.80926322937,24283.0,225.49570068741573,94000,,43.69658571406302,13.454,12.851,11.4022,13.6656,25.5617,134.8800048828125,0.1328,MARA,55.393237323274015,418.0,349.1388244628906
2022-09-15,12.069999694824219,12.399999618530273,13.170000076293945,12.050000190734863,12.069999694824219,13775000,293095.9519723579,0,0.14938294143360054,293095.8025894165,24283.0,211.80420422591268,94000,,45.49499342346809,13.216,12.682,11.483,13.5134,25.4738,134.8800048828125,-0.2828,MARA,53.65974467086794,418.0,345.24053955078125
2022-09-16,10.920000076293945,11.699999809265137,11.720000267028809,10.90999984741211,10.920000076293945,14387900,265170.5112355873,0,0.14938294143360054,265170.3618526459,24283.0,182.09628854849714,94000,,47.50290255843829,12.568,12.4485,11.5525,13.3637,25.3792,134.8800048828125,-1.1127,MARA,52.45273634151704,418.0,342.5262145996094
2022-09-19,10.869999885559082,10.4399995803833,11.050000190734863,10.390000343322754,10.869999885559082,13102600,263956.3566039726,0,0.14938294143360054,263956.2072210312,24283.0,180.80463468507725,94000,,44.26829129297959,11.856,12.333,11.6162,13.1937,25.2695,134.8800048828125,-1.6122,MARA,53.62123135741215,418.0,345.1539306640625
2022-09-20,10.260000228881836,10.59000015258789,10.850000381469727,10.229999542236328,10.260000228881836,10026000,249143.73494087905,0,0.14938294143360054,249143.58555793762,24283.0,165.04652653285007,94000,,42.55569015317482,11.344,12.1995,11.6635,13.0197,25.15,134.8800048828125,-2.1705,MARA,51.89202700911177,418.0,341.2652893066406
2022-09-21,10.850000381469727,10.399999618530273,11.569999694824219,10.220000267028809,10.850000381469727,21457100,263470.7086461708,0,0.14938294143360054,263470.55926322937,24283.0,180.2879879214583,94000,,44.318182557082274,10.994,12.0565,11.7302,12.8638,25.0351,134.8800048828125,-2.0964,MARA,49.221200645040966,418.0,335.2591247558594
2022-09-22,10.520000457763672,10.630000114440918,10.960000038146973,10.079999923706055,10.520000457763672,10893900,255457.32049881667,0,0.14938294143360054,255457.17111587524,24283.0,171.76310691363477,94000,,44.368602571079656,10.684,11.8935,11.7983,12.7185,24.9144,134.8800048828125,-2.1111,MARA,47.96282766049976,418.0,332.4292907714844
2022-09-23,9.470000267028809,9.989999771118164,10.140000343322754,9.359999656677246,9.470000267028809,16445100,229960.16586720198,0,0.14938294143360054,229960.01648426056,24283.0,144.63847432681064,94000,,40.164780369122006,10.394,11.723,11.8595,12.5596,24.7748,134.8800048828125,-2.5862,MARA,45.50598224307121,418.0,326.9043273925781
2022-09-26,9.609999656677246,9.619999885559082,10.220000267028809,9.520000457763672,9.609999656677246,13707100,233359.771046035,0,0.14938294143360054,233359.62166309357,24283.0,148.25507558088827,94000,,42.12721478177267,10.142,11.636,11.9307,12.3987,24.6446,134.8800048828125,-2.6713,MARA,44.09779002648213,418.0,323.7375793457031
2022-09-27,9.869999885559082,10.369999885559082,10.640000343322754,9.600000381469727,9.869999885559082,19299400,239673.3566039726,0,0.14938294143360054,239673.2072210312,24283.0,154.97165596167298,94000,,40.25834000511843,10.064,11.539,12.0028,12.2621,24.5033,134.8800048828125,-2.4205,MARA,43.691215371395685,418.0,322.8232727050781
2022-09-28,10.949999809265137,9.8100004196167,11.020000457763672,9.770000457763672,10.949999809265137,19269000,265898.99475132674,0,0.14938294143360054,265898.8453683853,24283.0,182.87127101204973,94000,,36.86006581546262,10.084,11.51,12.0842,12.1518,24.3673,134.8800048828125,-1.4744,MARA,46.51091102673146,418.0,329.1642150878906
2022-09-29,10.770000457763672,10.510000228881836,10.800000190734863,10.050000190734863,10.770000457763672,12878300,261528.07049881667,0,0.14938294143360054,261527.92111587524,24283.0,178.2213515944858,94000,,28.996285515211056,10.134,11.456,12.1695,12.0434,24.2085,134.8800048828125,-0.8646,MARA,43.4586020148257,418.0,322.3001708984375
2022-09-30,10.710000038146973,10.770000457763672,11.829999923706055,10.470000267028809,10.710000038146973,20135100,260071.08030926436,0,0.14938294143360054,260070.93092632294,24283.0,176.6713620311323,94000,,26.335875130296074,10.382,11.416,12.2312,11.9437,24.0387,134.8800048828125,-0.4265,MARA,41.27471529607571,418.0,317.3890380859375
2022-10-03,11.079999923706055,10.949999809265137,11.329999923706055,10.390000343322754,11.079999923706055,16559000,270050.8569303295,0,9.098789765545575,270041.75814056396,24372.0,184.26405992666264,95000,Buy all cash Monthly invest,36.858005650593256,10.676,11.401,12.274,11.8533,23.8602,134.8800048828125,0.1337,MARA,44.5273651096545,421.0,325.7805480957031
2022-10-04,12.880000114440918,11.789999961853027,12.989999771118164,11.779999732971191,12.880000114440918,22364700,313920.4615789196,0,9.098789765545575,313911.36278915405,24372.0,230.44259113570487,95000,,51.70731548465904,11.278,11.489,12.3585,11.7843,23.6928,134.8800048828125,1.5632,MARA,48.91017613196125,421.0,335.6705017089844
2022-10-05,12.84000015258789,12.289999961853027,12.920000076293945,11.960000038146973,12.84000015258789,16236100,312945.5825086376,0,9.098789765545575,312936.48371887207,24372.0,229.41640264067118,95000,,54.99351847728745,11.656,11.547,12.4447,11.7055,23.5342,134.8800048828125,2.3813,MARA,48.65315050362036,421.0,335.09051513671875
2022-10-06,13.100000381469727,12.869999885559082,13.789999961853027,12.789999961853027,13.100000381469727,16076200,319282.30808694573,0,9.098789765545575,319273.2092971802,24372.0,236.08664009152182,95000,,65.98240764460891,12.122,11.539,12.5337,11.6378,23.3827,134.8800048828125,2.9372,MARA,47.0893581644962,421.0,331.561767578125
2022-10-07,11.210000038146973,12.5,12.800000190734863,11.010000228881836,11.210000038146973,14869400,273219.2197194836,0,9.098789765545575,273210.120929718,24372.0,187.599178652088,95000,,51.96304941442634,12.222,11.3915,12.5872,11.557,23.2015,134.8800048828125,2.1231,MARA,42.96357277053031,421.0,322.2518005371094
2022-10-10,10.760000228881836,11.050000190734863,11.3100004196167,10.329999923706055,10.760000228881836,9728000,262251.82436807366,0,9.098789765545575,262242.7255783081,24372.0,176.05455196639332,95000,,52.94117647058823,12.158,11.208,12.6325,11.4675,23.0261,134.8800048828125,1.2776,MARA,41.89681836314956,421.0,319.8446350097656
2022-10-11,10.460000038146973,10.739999771118164,10.949999809265137,10.039999961853027,10.460000038146973,12125900,254940.21971948358,0,9.098789765545575,254931.12092971802,24372.0,168.35812602050902,95000,,47.62484566680478,11.674,11.09,12.6442,11.382,22.8612,134.8800048828125,0.5312,MARA,40.96281657706815,421.0,317.7370300292969
2022-10-12,10.420000076293945,10.329999923706055,10.619999885559082,9.90999984741211,10.420000076293945,10334500,253965.3406492016,0,9.098789765545575,253956.24185943604,24372.0,167.33193752547538,95000,,49.3686844664999,11.19,10.981,12.6028,11.3078,22.6946,134.8800048828125,0.0281,MARA,40.52583919862447,421.0,316.7509765625
2022-10-13,11.220000267028809,9.59000015258789,11.289999961853027,9.460000038146973,11.220000267028809,19672200,273462.9452977917,0,9.098789765545575,273453.8465080261,24372.0,187.85573189241228,95000,,61.408083328504866,10.814,10.9385,12.582,11.2501,22.5237,134.8800048828125,0.1853,MARA,44.20175874143904,421.0,325.0458068847656
2022-10-14,10.300000190734863,11.479999542236328,11.75,10.260000228881836,10.300000190734863,15612000,251040.70343835565,0,9.098789765545575,251031.6046485901,24372.0,164.25337204037436,95000,,54.08284302815608,10.632,10.9075,12.5288,11.1799,22.3353,134.8800048828125,-0.2305,MARA,40.958556483780725,421.0,317.7274169921875
2022-10-17,11.6899995803833,10.850000381469727,11.9399995803833,10.84000015258789,11.6899995803833,19014800,284917.76856286736,0,9.098789765545575,284908.6697731018,24372.0,199.91344059249195,95000,,59.49895464153691,10.818,10.9485,12.5167,11.1348,22.1201,134.8800048828125,0.3385,MARA,44.53592586854636,421.0,325.79986572265625
2022-10-18,11.380000114440918,12.34000015258789,12.520000457763672,11.109999656677246,11.380000114440918,16526600,277362.4615789196,0,9.098789765545575,277353.36278915405,24372.0,191.96048587254694,95000,,52.44041050648228,11.002,11.0045,12.5135,11.0903,21.8981,134.8800048828125,0.5217,MARA,46.23681206689134,421.0,329.6379699707031
2022-10-19,11.069999694824219,11.25,11.65999984741211,10.84000015258789,11.069999694824219,13156300,269807.1313520214,0,9.098789765545575,269798.03256225586,24372.0,184.00750668633833,95000,,51.67784798176285,11.132,11.0155,12.5295,11.0421,21.6764,134.8800048828125,0.4532,MARA,45.22569583025482,421.0,327.3563537597656
2022-10-20,10.920000076293945,10.699999809265137,11.65999984741211,10.600000381469727,10.920000076293945,11439800,266151.3406492016,0,9.098789765545575,266142.24185943604,24372.0,180.15930594652798,95000,,51.1627909432832,11.072,11.0355,12.5062,11.0031,21.456,134.8800048828125,0.3201,MARA,44.03466841583254,421.0,324.66876220703125
2022-10-21,11.699999809265137,10.789999961853027,11.739999771118164,10.5600004196167,11.699999809265137,14830700,285161.49414117547,0,9.098789765545575,285152.3953514099,24372.0,200.16999383281626,95000,,53.283897844908104,11.352,11.147,12.4812,10.9618,21.191,134.8800048828125,0.6836,MARA,47.49207898326675,421.0,332.47052001953125
2022-10-24,12.899999618530273,11.720000267028809,12.989999771118164,11.449999809265137,12.899999618530273,17318000,314407.8894925854,0,9.098789765545575,314398.7907028198,24372.0,230.95567315008986,95000,,50.11311937727219,11.594,11.3115,12.4797,10.9294,20.9277,134.8800048828125,1.5642,MARA,49.287214674056216,421.0,336.52130126953125
2022-10-25,14.760000228881836,12.949999809265137,14.9399995803833,12.779999732971191,14.760000228881836,24644600,359739.82436807366,0,9.098789765545575,359730.7255783081,24372.0,278.6734993348144,95000,,59.00562900458229,12.27,11.556,12.5212,10.9044,20.719,134.8800048828125,3.0363,MARA,51.7121273937828,421.0,341.9931945800781
2022-10-26,13.789999961853027,14.489999771118164,15.619999885559082,13.75,13.789999961853027,28316200,336098.97786004754,0,9.098789765545575,336089.879070282,24372.0,253.78839774741846,95000,,53.034298976817325,12.814,11.698,12.535,10.8868,20.4819,134.8800048828125,3.2441,MARA,50.58107938802621,421.0,339.4409484863281
2022-10-27,13.649999618530273,14.220000267028809,14.550000190734863,13.5,13.649999618530273,17465400,332686.8894925854,0,9.098789765545575,332677.7907028198,24372.0,250.19672578166882,95000,,62.68191065181856,13.36,11.842,12.5412,10.876,20.2225,134.8800048828125,3.1118,MARA,49.7756242263794,421.0,337.6234130859375
2022-10-28,13.850000381469727,13.770000457763672,14.239999771118164,13.109999656677246,13.850000381469727,17732600,337561.30808694573,0,9.098789765545575,337552.2092971802,24372.0,255.3276927231008,95000,,66.48879336088031,13.79,11.999,12.5483,10.8908,20.0493,134.8800048828125,2.946,MARA,53.26734544990943,421.0,345.5025939941406
2022-10-31,13.109999656677246,13.869999885559082,14.119999885559082,13.020000457763672,13.109999656677246,14695100,319526.0104223034,0,9.098789765545575,319516.91163253784,24372.0,236.3431688655825,95000,,63.50662205687981,13.832,12.1005,12.5307,10.9017,19.8732,134.8800048828125,2.2909,MARA,52.2262462709929,421.0,343.1533203125
2022-11-01,12.220000267028809,13.449999809265137,13.579999923706055,12.1899995803833,12.220000267028809,14802500,298829.9350976822,0,2.048567759701541,298827.8865299225,24454.0,211.2811823934189,96000,Buy all cash Monthly invest,58.442776995623746,13.324,12.0675,12.4938,10.9203,19.7119,134.8800048828125,1.2919,MARA,51.07059563724199,424.0,341.77081298828125
2022-11-02,10.920000076293945,12.149999618530273,12.279999732971191,10.850000381469727,10.920000076293945,22105700,267039.7304334518,0,2.048567759701541,267037.68186569214,24454.0,178.16638586817896,96000,,48.6559132204289,12.75,11.9715,12.4407,10.9268,19.543,134.8800048828125,-0.089,MARA,47.21916741458574,424.0,333.05059814453125
2022-11-03,10.510000228881836,10.899999618530273,11.529999732971191,10.5,10.510000228881836,16103400,257013.5941648361,0,2.048567759701541,257011.54559707642,24454.0,167.72249392170426,96000,,50.98591561908011,12.122,11.842,12.3432,10.9194,19.3589,134.8800048828125,-1.1994,MARA,45.65213224816323,424.0,329.5025939941406
2022-11-04,10.84000015258789,11.279999732971191,11.449999809265137,10.300000190734863,10.84000015258789,25150800,265083.41229914397,0,2.048567759701541,265081.3637313843,24454.0,176.12855447827496,96000,,45.56830380738764,11.52,11.8235,12.2373,10.9238,19.1975,134.8800048828125,-1.691,MARA,47.78281538414954,424.0,334.3267822265625
2022-11-07,10.5,10.930000305175781,10.970000267028809,10.050000190734863,10.5,14330300,256769.0485677597,0,2.048567759701541,256767.0,24454.0,167.46775892474966,96000,,45.42619568382153,10.998,11.8105,12.1083,10.9188,19.0241,134.8800048828125,-2.1192,MARA,49.20041334557532,424.0,337.53643798828125
2022-11-08,9.960000038146973,9.979999542236328,10.649999618530273,9.199999809265137,9.960000038146973,32449600,243563.88950060576,0,2.048567759701541,243561.84093284607,24454.0,153.71238489646433,96000,,44.365484740002756,10.546,11.7855,11.9802,10.9172,18.8473,134.8800048828125,-2.5985,MARA,50.011676620721815,424.0,339.3732604980469
2022-11-09,9.609999656677246,9.390000343322754,10.630000114440918,9.300000190734863,9.609999656677246,25489200,235004.98017214506,0,2.048567759701541,235002.93160438538,24454.0,144.79685434598446,96000,,43.48258633763612,10.284,11.745,11.859,10.911,18.6824,134.8800048828125,-2.9857,MARA,46.9501615755558,424.0,332.4415283203125
2022-11-10,9.979999542236328,10.029999732971191,10.229999542236328,9.420000076293945,9.979999542236328,28321000,244052.95737360686,0,2.048567759701541,244050.90880584717,24454.0,154.22183059750716,96000,,41.07883887211221,10.178,11.683,11.7678,10.9128,18.5098,134.8800048828125,-2.878,MARA,54.986074152867005,424.0,350.63604736328125
2022-11-11,9.770000457763672,9.449999809265137,9.949999809265137,8.890000343322754,9.770000457763672,21901900,238917.63976191252,0,2.048567759701541,238915.59119415283,24454.0,148.87254141865887,96000,,31.907522493479732,9.964,11.6565,11.6708,10.9114,18.3378,134.8800048828125,-2.7862,MARA,56.46773588585854,424.0,353.9907531738281
2022-11-14,9.520000457763672,9.579999923706055,10.029999732971191,9.510000228881836,9.520000457763672,12472600,232804.13976191252,0,2.048567759701541,232802.09119415283,24454.0,142.50431225199222,96000,,12.784097374469923,9.768,11.548,11.6098,10.9158,18.1658,134.8800048828125,-2.7304,MARA,55.21239327518146,424.0,351.1484680175781
2022-11-15,9.5,9.920000076293945,10.140000343322754,9.40999984741211,9.5,14864500,232315.0485677597,0,2.048567759701541,232313.0,24454.0,141.994842258083,96000,,14.778331834441545,9.676,11.454,11.5527,10.9177,18.0009,134.8800048828125,-2.5587,MARA,56.49334522016842,424.0,354.0487365722656
2022-11-16,8.3100004196167,9.350000381469727,9.5,8.199999809265137,8.3100004196167,18481400,203214.79882906645,0,2.048567759701541,203212.75026130676,24454.0,111.6820821136109,96000,,12.60504942477013,9.416,11.316,11.4627,10.9048,17.862,134.8800048828125,-3.0423,MARA,55.30631213911374,424.0,351.3611145019531
2022-11-17,8.029999732971191,8.270000457763672,8.300000190734863,7.909999847412109,8.029999732971191,16515600,196367.6620378372,0,2.048567759701541,196365.61347007751,24454.0,104.54964795608043,96000,,9.695287858392305,9.026,11.1715,11.3668,10.8862,17.7213,134.8800048828125,-3.3744,MARA,54.858000524123504,424.0,350.3460693359375
2022-11-18,7.46999979019165,8.380000114440918,8.399999618530273,7.449999809265137,7.46999979019165,23126700,182673.4234371063,0,2.048567759701541,182671.37486934662,24454.0,90.28481608031906,96000,,9.943179836234862,8.566,10.96,11.2767,10.8632,17.562,134.8800048828125,-3.7813,MARA,55.54117669192951,424.0,351.89288330078125
2022-11-21,6.190000057220459,7.099999904632568,7.289999961853027,6.159999847412109,6.190000057220459,25771800,151372.3099670288,0,2.048567759701541,151370.2613992691,24454.0,57.679489548988315,96000,,9.421262791895117,7.9,10.6245,11.1907,10.8379,17.3935,134.8800048828125,-4.7362,MARA,54.99461958336831,424.0,350.6553955078125
2022-11-22,6.420000076293945,6.46999979019165,6.550000190734863,6.110000133514404,6.420000076293945,23179200,156996.73043345183,0,2.048567759701541,156994.68186569214,24454.0,63.53826086817897,96000,,14.622639599708677,7.284,10.2075,11.1008,10.8136,17.2478,134.8800048828125,-4.9779,MARA,57.056952753941225,424.0,355.3248291015625
2022-11-23,6.480000019073486,6.460000038146973,6.75,6.309999942779541,6.480000019073486,18227800,158463.96903418272,0,2.048567759701541,158461.92046642303,24454.0,65.06663441060701,96000,,16.472542628331283,6.918,9.842,11.0167,10.7943,17.1063,134.8800048828125,-4.8405,MARA,58.03903028893471,424.0,357.54840087890625
2022-11-25,6.21999979019165,6.349999904632568,6.409999847412109,6.130000114440918,6.21999979019165,7127000,152105.9234371063,0,2.048567759701541,152103.87486934662,24454.0,58.44367024698573,96000,,11.111108435257279,6.556,9.4705,10.9228,10.7717,16.9788,134.8800048828125,-4.6931,MARA,58.02196638512611,424.0,357.509765625
2022-11-28,5.980000019073486,6.019999980926514,6.179999828338623,5.829999923706055,5.980000019073486,14251400,146236.96903418272,0,2.048567759701541,146234.92046642303,24454.0,52.33017607727366,96000,,11.301367877683418,6.258,9.077,10.8307,10.7491,16.8481,134.8800048828125,-4.5312,MARA,55.5241127881209,424.0,351.854248046875
2022-11-29,5.889999866485596,5.900000095367432,6.110000133514404,5.75,5.889999866485596,12013000,144036.10530279845,0,2.048567759701541,144034.05673503876,24454.0,50.03760969041504,96000,,12.244895431554895,6.198,8.716,10.7392,10.7271,16.7113,134.8800048828125,-4.2429,MARA,55.25083423384029,424.0,351.2355041503906
2022-11-30,6.320000171661377,6.050000190734863,6.349999904632568,5.78000020980835,6.320000171661377,23052500,154551.332765567,0,2.048567759701541,154549.2841978073,24454.0,60.99097163079896,96000,,19.926877411264044,6.178,8.421,10.6592,10.7159,16.5897,134.8800048828125,-3.4313,MARA,60.02454893517495,424.0,362.0439147949219
2022-12-01,6.210000038146973,6.349999904632568,6.639999866485596,6.119999885559082,6.210000038146973,16155000,152856.42150057526,0,3.480561625668429,152852.94093894958,24614.0,57.5839396913147,97000,Buy all cash Monthly invest,13.819582759252512,6.124,8.1855,10.568,10.7048,16.4745,134.8800048828125,-2.7569,MARA,59.42125644196186,427.0,362.09222412109375
2022-12-02,6.909999847412109,6.230000019073486,6.940000057220459,6.059999942779541,6.909999847412109,21987600,170086.21680582734,0,3.480561625668429,170082.73624420166,24614.0,75.34661526373951,97000,,24.9122787057604,6.262,8.0055,10.4622,10.707,16.368,134.8800048828125,-1.4826,MARA,59.19145398193047,427.0,361.5701904296875
2022-12-05,6.139999866485596,6.989999771118164,7.150000095367432,6.010000228881836,6.139999866485596,24158600,151133.43727530213,0,3.480561625668429,151129.95671367645,24614.0,55.80766729412592,97000,,22.829580489911024,6.294,7.7705,10.3285,10.7003,16.2501,134.8800048828125,-1.1672,MARA,56.35711616932977,427.0,355.13153076171875
2022-12-06,5.789999961853027,6.119999885559082,6.159999847412109,5.570000171661377,5.789999961853027,15676100,142518.5396226761,0,3.480561625668429,142515.05906105042,24614.0,46.926329507913486,97000,,21.679389846470087,6.274,7.535,10.1845,10.6913,16.132,134.8800048828125,-1.1274,MARA,54.09729794083427,427.0,349.9979858398437
2022-12-07,5.369999885559082,5.690000057220459,5.710000038146973,5.210000038146973,5.369999885559082,16775100,132180.65774477692,0,3.480561625668429,132177.17718315125,24614.0,36.2687193245123,97000,,24.567472449870223,6.084,7.3055,10.0603,10.6813,15.9955,134.8800048828125,-1.3465,MARA,53.79939839966765,427.0,349.3212585449219
2022-12-08,5.389999866485596,5.409999847412109,5.519999980926514,5.21999979019165,5.389999866485596,16147900,132672.93727530213,0,3.480561625668429,132669.45671367645,24614.0,36.77622399515683,97000,,26.086957648481004,5.92,7.0945,9.9402,10.6712,15.8538,134.8800048828125,-1.3164,MARA,55.01228949658896,427.0,352.0765380859375
2022-12-09,5.0,5.369999885559082,5.400000095367432,4.989999771118164,5.0,21330300,123073.48056162566,0,3.480561625668429,123070.0,24614.0,26.879876867655316,97000,,26.915889399802822,5.538,6.8455,9.8223,10.6527,15.7283,134.8800048828125,-1.5252,MARA,53.88023093807575,427.0,349.5048828125
2022-12-12,5.070000171661377,4.920000076293945,5.130000114440918,4.789999961853027,5.070000171661377,14076600,124796.4647868988,0,3.480561625668429,124792.98422527313,24614.0,28.65614926484412,97000,,36.47343245556143,5.324,6.6105,9.7248,10.6387,15.6081,134.8800048828125,-1.4272,MARA,56.07623753994029,427.0,354.49346923828125
2022-12-13,4.659999847412109,5.550000190734863,5.619999885559082,4.650000095367432,4.659999847412109,32685400,114704.71680582732,0,3.480561625668429,114701.23624420166,24614.0,18.2522853668323,97000,,29.62963003844058,5.098,6.3675,9.6213,10.6188,15.4842,134.8800048828125,-1.6273,MARA,57.229562162654936,427.0,357.1134338378906
2022-12-14,4.71999979019165,4.739999771118164,4.840000152587891,4.570000171661377,4.71999979019165,24054100,116181.55539740295,0,3.480561625668429,116178.07483577728,24614.0,19.774799378765916,97000,,29.62963003844058,4.968,6.1285,9.529,10.5963,15.367,134.8800048828125,-1.524,MARA,56.28050191529266,427.0,354.9574890136719
2022-12-15,4.340000152587891,4.599999904632568,4.630000114440918,4.309999942779541,4.340000152587891,16927400,106828.244317424,0,3.480561625668429,106824.76375579834,24614.0,10.13221063651959,97000,,28.82883318271078,4.758,5.93,9.4205,10.5753,15.248,134.8800048828125,-1.7071,MARA,52.43756424917634,427.0,346.2276306152344
2022-12-16,3.880000114440918,4.130000114440918,4.239999771118164,3.75,3.880000114440918,21250200,95505.80337847442,0,3.480561625668429,95502.32281684875,24614.0,-1.5404088881707079,97000,,27.46781374987478,4.534,5.7225,9.3098,10.5541,15.122,134.8800048828125,-2.1866,MARA,50.6203434629932,427.0,342.0995178222656
2022-12-19,3.869999885559082,3.880000114440918,3.950000047683716,3.690000057220459,3.869999885559082,11155200,95259.65774477691,0,3.480561625668429,95256.17718315125,24614.0,-1.794167273425873,97000,,27.947600390090244,4.294,5.5425,9.2165,10.538,15.0147,134.8800048828125,-2.3317,MARA,49.32233437315952,427.0,339.15087890625
2022-12-20,3.9100000858306885,3.869999885559082,4.070000171661377,3.7300000190734863,3.9100000858306885,12919700,96244.22267426223,0,3.480561625668429,96240.74211263657,24614.0,-0.7791518822038879,97000,,21.24105112428009,4.144,5.4285,9.1215,10.5261,14.9089,134.8800048828125,-2.1782,MARA,49.5498127465789,427.0,339.6676330566406
2022-12-21,3.6500000953674316,3.9000000953674316,3.9600000381469727,3.640000104904175,3.6500000953674316,14757200,89844.58290899963,0,3.480561625668429,89841.10234737396,24614.0,-7.376718650515846,97000,,20.506914138550854,3.93,5.29,9.0178,10.5103,14.8054,134.8800048828125,-2.2087,MARA,51.78625576868748,427.0,344.7480773925781
2022-12-22,3.6700000762939453,3.549999952316284,3.690000057220459,3.4800000190734863,3.6700000762939453,14615700,90336.86243952483,0,3.480561625668429,90333.38187789917,24614.0,-6.8692139798713026,97000,,5.737711966149249,3.796,5.1495,8.8965,10.4903,14.7001,134.8800048828125,-2.0008,MARA,49.65246214428143,427.0,339.9008178710937
2022-12-23,3.619999885559082,3.690000057220459,3.8299999237060547,3.549999952316284,3.619999885559082,8600300,89106.15774477691,0,3.480561625668429,89102.67718315125,24614.0,-8.137981706415554,97000,,7.142865252331148,3.744,5.0195,8.7773,10.4734,14.592,134.8800048828125,-1.7301,MARA,50.49057076546581,427.0,341.8047180175781
2022-12-27,3.240000009536743,3.559999942779541,3.5899999141693115,3.2200000286102295,3.240000009536743,12099400,79752.84079636306,0,3.480561625668429,79749.3602347374,24614.0,-17.78057649859478,97000,,7.070715179353755,3.618,4.8825,8.6528,10.442,14.479,134.8800048828125,-1.8943,MARA,49.8919102354541,427.0,340.4447631835937
2022-12-28,3.1500000953674316,3.200000047683716,3.359999895095825,3.109999895095825,3.1500000953674316,9560500,77537.58290899963,0,3.480561625668429,77534.10234737396,24614.0,-20.06434751649523,97000,,7.95455489605132,3.466,4.7455,8.5207,10.3973,14.375,134.8800048828125,-1.9442,MARA,48.053181572589686,427.0,336.2677917480469
2022-12-29,3.4100000858306885,3.180000066757202,3.440000057220459,3.130000114440918,3.4100000858306885,11226200,83937.22267426223,0,3.480561625668429,83933.74211263657,24614.0,-13.466780748183272,97000,,15.625008019721179,3.418,4.6,8.3628,10.3607,14.2701,134.8800048828125,-1.3845,MARA,50.678741176880514,427.0,342.232177734375
2022-12-30,3.4200000762939453,3.2899999618530273,3.4700000286102295,3.25,3.4200000762939453,9615000,84183.36243952483,0,3.480561625668429,84179.88187789917,24614.0,-13.213028412860995,97000,,18.400007553099144,3.368,4.4605,8.2058,10.3253,14.1757,134.8800048828125,-0.8055,MARA,50.263925301699295,427.0,341.28985595703125
2023-01-03,3.4000000953674316,3.5799999237060547,3.7699999809265137,3.2799999713897705,3.4000000953674316,13014400,84686.10190885991,0,2.299533543297798,84683.80237531662,24907.0,-13.585610297081718,98000,Buy all cash Monthly invest,15.918369769851168,3.324,4.285,8.0442,10.2889,14.0863,134.8800048828125,-0.2802,MARA,49.17445463585368,430.0,339.978515625
2023-01-04,4.21999979019165,3.5,4.329999923706055,3.4800000190734863,4.21999979019165,32367400,105109.83430784673,0,2.299533543297798,105107.53477430344,24907.0,7.2549329671905305,98000,,42.307690383927316,3.52,4.189,7.9277,10.2574,14.0005,134.8800048828125,1.5253,MARA,50.24854944711803,430.0,342.42645263671875
2023-01-05,3.9100000858306885,4.110000133514404,4.300000190734863,3.890000104904175,3.9100000858306885,24923800,97388.67167132825,0,2.299533543297798,97386.37213778496,24907.0,-0.6238044170119861,98000,,36.977494278528,3.672,4.095,7.8135,10.223,13.9248,134.8800048828125,2.296,MARA,48.60756010460368,430.0,338.6865234375
2023-01-06,4.090000152587891,3.940000057220459,4.21999979019165,3.7100000381469727,4.090000152587891,19314200,101871.93333404989,0,2.299533543297798,101869.63380050659,24907.0,3.950952381683548,98000,,45.70446712871261,3.808,4.031,7.7073,10.1758,13.8465,134.8800048828125,3.1318,MARA,51.98755626810816,430.0,346.3897705078125
2023-01-09,4.900000095367432,4.260000228881836,5.300000190734863,4.199999809265137,4.900000095367432,44884600,122046.60190885991,0,2.299533543297798,122044.30237531662,24907.0,24.537348886591758,98000,,65.64417267649742,4.104,4.0065,7.6153,10.1091,13.7745,134.8800048828125,4.9354,MARA,51.87669742872279,430.0,346.1371154785156
2023-01-10,5.75,4.909999847412109,5.820000171661377,4.760000228881836,5.75,42394300,143217.5495335433,0,2.299533543297798,143215.25,24907.0,46.14035666688092,98000,,72.9268338636306,4.574,4.044,7.5242,10.0531,13.709,134.8800048828125,7.2308,MARA,52.9593486838049,430.0,348.60455322265625
2023-01-11,5.369999885559082,5.699999809265137,6.150000095367432,5.199999809265137,5.369999885559082,43071900,133752.88668316335,0,2.299533543297798,133750.58714962006,24907.0,36.482537431799344,98000,,66.44144162285322,4.804,4.059,7.442,9.9854,13.6489,134.8800048828125,7.8576,MARA,54.91144978791842,430.0,353.05352783203125
2023-01-12,7.03000020980835,5.960000038146973,7.090000152587891,5.389999866485596,7.03000020980835,67400000,175098.51475923986,0,2.299533543297798,175096.21522569656,24907.0,78.67195383595904,98000,,78.9383587509054,5.428,4.1775,7.3643,9.9405,13.5867,134.8800048828125,10.1864,MARA,55.49109194751662,430.0,354.37457275390625
2023-01-13,7.679999828338623,6.650000095367432,8.119999885559082,6.559999942779541,7.679999828338623,78829700,191288.05525797338,0,2.299533543297798,191285.75572443008,24907.0,95.19189312038098,98000,,80.98918220723596,6.146,4.3255,7.3027,9.9081,13.5206,134.8800048828125,11.8469,MARA,56.09634987710448,430.0,355.7539978027344
2023-01-17,8.369999885559082,8.399999618530273,8.859999656677246,7.900000095367432,8.369999885559082,59317600,208473.88668316335,0,2.299533543297798,208471.58714962006,24907.0,112.72845579914627,98000,,83.4036606745912,6.84,4.527,7.2577,9.8936,13.4512,134.8800048828125,12.9179,MARA,55.85765321435736,430.0,355.2099914550781
2023-01-18,6.909999847412109,8.510000228881836,8.529999732971191,6.820000171661377,6.909999847412109,58413500,172109.6657330367,0,2.299533543297798,172107.3661994934,24907.0,75.62210789085377,98000,,72.40537321578685,7.072,4.6785,7.1908,9.8485,13.384,134.8800048828125,11.1956,MARA,53.3258831699138,430.0,349.4399108886719
2023-01-19,7.340000152587891,6.71999979019165,7.449999809265137,6.519999980926514,7.340000152587891,35227300,182819.68333404989,0,2.299533543297798,182817.3838005066,24907.0,86.55069727964273,98000,,74.56037625080316,7.466,4.852,7.1182,9.7997,13.3262,134.8800048828125,9.9744,MARA,52.22196801376344,430.0,346.92401123046875
2023-01-20,8.069999694824219,7.519999980926514,8.09000015258789,7.03000020980835,8.069999694824219,48773100,201001.7819325301,0,2.299533543297798,200999.48239898682,24907.0,105.10385911482665,98000,,75.88888877409475,7.674,5.06,7.0377,9.7587,13.2619,134.8800048828125,9.3717,MARA,55.02224167547423,430.0,353.3060302734375
2023-01-23,9.0,8.050000190734863,9.119999885559082,7.809999942779541,9.0,47089200,224165.2995335433,0,2.299533543297798,224163.0,24907.0,128.74010156484007,98000,,78.12500075106662,7.938,5.3275,6.9417,9.7314,13.1928,134.8800048828125,9.2745,MARA,56.91045734382163,430.0,357.6094055175781
2023-01-24,8.800000190734863,8.739999771118164,9.569999694824219,8.579999923706055,8.800000190734863,39398800,219183.90428417653,0,2.299533543297798,219181.60475063324,24907.0,123.65704518793525,98000,,76.73267525395357,8.024,5.584,6.8585,9.6968,13.1198,134.8800048828125,8.3753,MARA,56.74420256065837,430.0,357.2304992675781
2023-01-25,8.75,8.3100004196167,8.9399995803833,7.900000095367432,8.75,34985400,217938.5495335433,0,2.299533543297798,217936.25,24907.0,122.38627503422785,98000,,74.27652865408035,8.392,5.8405,6.7768,9.659,13.0355,134.8800048828125,7.1935,MARA,56.79959850443628,430.0,357.35675048828125
2023-01-26,8.75,9.170000076293945,9.359999656677246,8.5,8.75,30466600,217938.5495335433,0,2.299533543297798,217936.25,24907.0,122.38627503422785,98000,,76.82926716447867,8.674,6.116,6.6918,9.6201,12.9518,134.8800048828125,5.9506,MARA,58.47467971856257,430.0,361.1743774414063
2023-01-27,8.020000457763672,8.550000190734863,8.859999656677246,7.980000019073486,8.020000457763672,48107300,199756.45093506307,0,2.299533543297798,199754.15140151978,24907.0,103.83311319904394,98000,,70.53291760971142,8.664,6.3595,6.607,9.5688,12.873,134.8800048828125,4.1389,MARA,58.92647066443308,430.0,362.20404052734375
2023-01-30,7.170000076293945,7.789999961853027,8.170000076293945,7.090000152587891,7.170000076293945,36748000,178585.4914337966,0,2.299533543297798,178583.1919002533,24907.0,82.23009329979243,98000,,61.81061368048269,8.298,6.5475,6.5228,9.5083,12.7965,134.8800048828125,1.9875,MARA,56.94026429834174,430.0,357.6773376464844
2023-01-31,7.210000038146973,7.409999847412109,7.5,7.099999904632568,7.210000038146973,24173200,179581.77048366994,0,2.299533543297798,179579.47095012665,24907.0,83.2467045751734,98000,,58.29545458239957,7.98,6.737,6.461,9.4508,12.7072,134.8800048828125,0.4807,MARA,59.16942546354023,430.0,362.75775146484375
2023-02-01,7.519999980926514,7.170000076293945,7.869999885559082,6.829999923706055,7.519999980926514,43280700,188297.97585849257,0,4.696336073586508,188293.27952241898,25039.0,90.19997561463897,99000,Buy all cash Monthly invest,62.313860771306224,7.734,6.943,6.4112,9.3772,12.6202,134.8800048828125,-0.3155,MARA,60.29369311361603,432.0,366.7307434082031
2023-02-02,8.0,8.0,8.5600004196167,7.739999771118164,8.0,60716900,200316.6963360736,0,4.696336073586508,200312.0,25039.0,102.34009730916527,99000,,56.423839913570575,7.584,7.132,6.3638,9.3006,12.5464,134.8800048828125,-0.4851,MARA,62.58687937071832,432.0,371.9859619140625
2023-02-03,7.070000171661377,7.510000228881836,7.920000076293945,6.980000019073486,7.070000171661377,34183100,177030.43063430281,0,4.696336073586508,177025.73429822922,25039.0,78.81861680232606,99000,,46.104727569470235,7.394,7.29,6.3067,9.2075,12.4763,134.8800048828125,-1.4454,MARA,60.85321015907059,432.0,368.0129699707031
2023-02-06,7.079999923706055,6.920000076293945,7.269999980926514,6.650000095367432,7.079999923706055,23094600,177280.8144257495,0,4.696336073586508,177276.1180896759,25039.0,79.07152972297928,99000,,40.979020764492056,7.376,7.4395,6.2587,9.1194,12.4119,134.8800048828125,-2.0493,MARA,59.92492535793421,432.0,365.8856506347656
2023-02-07,7.099999904632568,7.079999923706055,7.239999771118164,6.510000228881836,7.099999904632568,32060600,177781.59394816848,0,4.696336073586508,177776.89761209488,25039.0,79.5773676244126,99000,,51.66374843973608,7.354,7.5495,6.2168,9.0379,12.3538,134.8800048828125,-2.3849,MARA,61.98498839060471,432.0,370.6066284179688
2023-02-08,6.809999942779541,6.909999847412109,7.400000095367432,6.71999979019165,6.809999942779541,23079400,170520.28490333052,0,4.696336073586508,170515.58856725693,25039.0,72.24271202356618,99000,,45.24236728708298,7.212,7.6025,6.164,8.9659,12.2865,134.8800048828125,-2.7995,MARA,60.213153340888766,432.0,366.5461730957031
2023-02-09,5.949999809265137,6.889999866485596,6.900000095367432,5.829999923706055,5.949999809265137,27776800,148986.74156026336,0,4.696336073586508,148982.04522418976,25039.0,50.49165814168015,99000,,31.40350915351698,6.802,7.6315,6.1003,8.8856,12.2152,134.8800048828125,-3.7518,MARA,58.84400383804787,432.0,363.4085388183594
2023-02-10,5.920000076293945,5.840000152587891,5.940000057220459,5.510000228881836,5.920000076293945,20107400,148235.5782463977,0,4.696336073586508,148230.8819103241,25039.0,49.732907319593636,99000,,17.916662361886083,6.572,7.576,6.0403,8.8251,12.1343,134.8800048828125,-4.2635,MARA,59.229750464468346,432.0,364.2925415039063
2023-02-13,5.849999904632568,5.760000228881836,6.03000020980835,5.579999923706055,5.849999904632568,14942300,146482.84394816848,0,4.696336073586508,146478.14761209488,25039.0,47.96246863451361,99000,,18.41541178670083,6.326,7.4845,5.9795,8.7661,12.05,134.8800048828125,-4.4978,MARA,61.06517304969561,432.0,368.4987182617188
2023-02-14,6.71999979019165,5.820000171661377,6.829999923706055,5.690000057220459,6.71999979019165,36350700,168266.77108268233,0,4.696336073586508,168262.07474660873,25039.0,69.96643543705285,99000,,31.51183542115365,6.25,7.402,5.953,8.7078,11.966,134.8800048828125,-3.6378,MARA,61.00582024429786,432.0,368.3627014160156
2023-02-15,7.949999809265137,7.019999980926514,8.020000457763672,6.860000133514404,7.949999809265137,50585400,199064.74156026336,0,4.696336073586508,199060.04522418976,25039.0,101.07549652551855,99000,,44.04761702024997,6.478,7.454,5.9517,8.6593,11.8963,134.8800048828125,-1.7936,MARA,61.54412368890012,432.0,369.5963134765625
2023-02-16,7.210000038146973,7.679999828338623,8.65999984741211,7.150000095367432,7.210000038146973,66418700,180535.88729123565,0,4.696336073586508,180531.19095516205,25039.0,82.35948211235925,99000,,43.9821658639553,6.73,7.4475,5.9473,8.612,11.8313,134.8800048828125,-1.2696,MARA,59.30182077696833,432.0,364.4577026367188
2023-02-17,7.699999809265137,7.449999809265137,7.869999885559082,7.050000190734863,7.699999809265137,44076900,192804.99156026336,0,4.696336073586508,192800.29522418976,25039.0,94.75251672753875,99000,,54.16012419027497,7.086,7.429,5.9725,8.5816,11.7739,134.8800048828125,-0.4592,MARA,58.8906524531047,432.0,363.5154418945313
2023-02-21,7.130000114440918,7.380000114440918,7.75,7.03000020980835,7.130000114440918,29693300,178532.76920155974,0,4.696336073586508,178528.07286548615,25039.0,80.336130506626,99000,,49.42029029575381,7.342,7.3355,5.9843,8.5426,11.7105,134.8800048828125,-0.4732,MARA,55.741198440320574,432.0,356.2979431152344
2023-02-22,7.190000057220459,7.019999980926514,7.429999828338623,6.840000152587891,7.190000057220459,28798700,180035.10776881667,0,4.696336073586508,180030.41143274307,25039.0,81.85364421092594,99000,,47.51879706795999,7.436,7.255,5.9962,8.5064,11.6334,134.8800048828125,-0.4282,MARA,55.54621442043421,432.0,355.8511047363281
2023-02-23,7.28000020980835,7.269999980926514,7.420000076293945,7.010000228881836,7.28000020980835,18858900,182288.62158946486,0,4.696336073586508,182283.92525339127,25039.0,84.12992079743927,99000,,44.24920184985431,7.302,7.1815,6.0138,8.4683,11.5606,134.8800048828125,-0.3212,MARA,56.32617713350241,432.0,357.6385192871094
2023-02-24,6.670000076293945,6.980000019073486,7.170000076293945,6.510000228881836,6.670000076293945,25465500,167014.8282463977,0,4.696336073586508,167010.1319103241,25039.0,68.70184671353303,99000,,46.63299532209833,7.194,7.0775,6.0253,8.428,11.4947,134.8800048828125,-0.8093,MARA,54.656068823843306,432.0,353.8111877441406
2023-02-27,7.110000133514404,6.96999979019165,7.139999866485596,6.800000190734863,7.110000133514404,25241200,178031.98967914077,0,4.696336073586508,178027.29334306717,25039.0,79.8302926051927,99000,,50.23548047561255,7.076,7.032,6.0457,8.3924,11.4351,134.8800048828125,-0.6971,MARA,55.19016417185468,432.0,355.03515625
2023-02-28,7.099999904632568,7.050000190734863,7.789999961853027,7.03000020980835,7.099999904632568,38171800,177781.59394816848,0,4.696336073586508,177776.89761209488,25039.0,79.5773676244126,99000,,50.0,7.07,7.0285,6.0587,8.3589,11.3713,134.8800048828125,-0.6191,MARA,54.60519879543422,432.0,353.6946105957031
2023-03-01,6.510000228881836,7.179999828338623,7.25,6.380000114440918,6.510000228881836,26686600,164003.61191687078,0,3.6861508795710733,163999.9257659912,25192.0,64.00361191687078,100000,Buy all cash Monthly invest,47.74774968280661,6.934,6.9935,6.0637,8.3158,11.2975,134.8800048828125,-1.0917,MARA,53.49574650947573,435.0,352.4026794433594
2023-03-02,6.260000228881836,6.25,6.420000076293945,5.980000019073486,6.260000228881836,22430900,157705.61191687078,0,3.6861508795710733,157701.9257659912,25192.0,57.70561191687078,100000,,52.561987262062175,6.73,6.9305,6.0528,8.2575,11.2125,134.8800048828125,-1.5821,MARA,54.64087392036439,435.0,355.03515625
2023-03-03,6.380000114440918,6.019999980926514,6.619999885559082,5.940000057220459,6.380000114440918,20930000,160728.64903387518,0,3.6861508795710733,160724.9628829956,25192.0,60.72864903387518,100000,,53.745929021772355,6.672,6.8495,6.0568,8.1927,11.1228,134.8800048828125,-1.7141,MARA,57.08747014228821,435.0,360.6595153808594
2023-03-06,6.320000171661377,6.400000095367432,6.849999904632568,6.179999828338623,6.320000171661377,19853800,159217.13047537298,0,3.6861508795710733,159213.4443244934,25192.0,59.21713047537298,100000,,53.833607923121086,6.514,6.812,6.0657,8.1251,11.034,134.8800048828125,-1.7764,MARA,57.27763661567688,435.0,361.0966796875
2023-03-07,6.090000152587891,6.289999961853027,6.420000076293945,6.039999961853027,6.090000152587891,17933100,153422.9699948737,0,3.6861508795710733,153419.28384399414,25192.0,53.422969994873704,100000,,44.26229764491921,6.312,6.7625,6.0777,8.069,10.9367,134.8800048828125,-1.9514,MARA,54.84793965522765,435.0,355.5111694335937
2023-03-08,6.179999828338623,6.010000228881836,6.21999979019165,5.880000114440918,6.179999828338623,14775300,155690.24182638616,0,3.6861508795710733,155686.5556755066,25192.0,55.690241826386156,100000,,29.655167726688717,6.246,6.7165,6.0908,8.0155,10.8405,134.8800048828125,-1.8793,MARA,55.088790637893695,435.0,356.0648498535156
2023-03-09,5.510000228881836,6.03000020980835,6.230000019073486,5.5,5.510000228881836,19083200,138811.61191687078,0,3.6861508795710733,138807.9257659912,25192.0,38.81161191687079,100000,,30.14018347986054,6.096,6.6515,6.0993,7.9608,10.7371,134.8800048828125,-2.3967,MARA,52.25341847602844,435.0,349.5467529296875
2023-03-10,5.329999923706055,5.480000019073486,5.659999847412109,5.130000114440918,5.329999923706055,20766700,134277.0442288825,0,3.6861508795710733,134273.35807800293,25192.0,34.27704422888249,100000,,20.151129779963043,5.886,6.6205,6.1037,7.9143,10.639,134.8800048828125,-2.7918,MARA,50.07301549140932,435.0,344.5343322753906
2023-03-13,6.699999809265137,5.699999809265137,6.960000038146973,5.349999904632568,6.699999809265137,66973000,168790.0813458869,0,3.6861508795710733,168786.39519500732,25192.0,68.79008134588689,100000,,45.49265880628354,5.962,6.6595,6.1377,7.8795,10.5366,134.8800048828125,-1.5007,MARA,49.81946019355776,435.0,343.9514465332031
2023-03-14,7.130000114440918,7.449999809265137,7.829999923706055,6.739999771118164,7.130000114440918,64006900,179622.64903387518,0,3.6861508795710733,179618.9628829956,25192.0,79.62264903387518,100000,,49.41634295390979,6.17,6.7235,6.1778,7.8534,10.4365,134.8800048828125,-0.1667,MARA,52.304129535598776,435.0,349.663330078125
2023-03-15,7.090000152587891,7.130000114440918,7.480000019073486,6.610000133514404,7.090000152587891,38441500,178614.9699948737,0,3.6861508795710733,178611.28384399414,25192.0,78.61496999487372,100000,,48.133594603889286,6.352,6.742,6.2237,7.8221,10.3429,134.8800048828125,0.6507,MARA,51.36606785957338,435.0,347.5068664550781
2023-03-16,7.630000114440918,7.059999942779541,7.739999771118164,7.0,7.630000114440918,35334500,192218.64903387518,0,3.6861508795710733,192214.9628829956,25192.0,92.21864903387518,100000,,59.56175431257458,6.776,6.726,6.2862,7.798,10.2583,134.8800048828125,1.6591,MARA,53.95209294502259,435.0,353.4517517089844
2023-03-17,8.170000076293945,8.399999618530273,8.510000228881836,7.659999847412109,8.170000076293945,61120200,205822.32807287664,0,3.6861508795710733,205818.64192199707,25192.0,105.82232807287664,100000,,60.35156313664636,7.344,6.774,6.3578,7.7872,10.1734,134.8800048828125,2.7009,MARA,52.270317737503056,435.0,349.5856018066406
2023-03-20,7.849999904632568,8.479999542236328,8.5,7.610000133514404,7.849999904632568,39108100,197760.88374838323,0,3.6861508795710733,197757.19759750366,25192.0,97.76088374838324,100000,,56.90607817285112,7.574,6.7815,6.4235,7.7725,10.0856,134.8800048828125,2.8972,MARA,53.64364491645814,435.0,352.74267578125
2023-03-21,8.869999885559082,7.880000114440918,8.920000076293945,7.730000019073486,8.869999885559082,46252300,223456.72326788396,0,3.6861508795710733,223453.0371170044,25192.0,123.45672326788394,100000,,70.13651702170424,7.922,6.8685,6.5105,7.7642,10.0131,134.8800048828125,3.7519,MARA,55.650767414016734,435.0,357.35675048828125
2023-03-22,7.78000020980835,8.880000114440918,9.119999885559082,7.75,7.78000020980835,48722800,195997.4514363715,0,3.6861508795710733,195993.76528549194,25192.0,95.9974514363715,100000,,61.34328456996793,8.06,6.898,6.579,7.7378,9.9448,134.8800048828125,3.1014,MARA,53.07319859687807,435.0,351.4313049316406
2023-03-23,8.460000038146973,8.029999732971191,8.930000305175781,7.900000095367432,8.460000038146973,45826800,213128.0071118781,0,3.6861508795710733,213124.32096099854,25192.0,113.12800711187809,100000,,64.32506977520738,8.226,6.957,6.6597,7.7185,9.881,134.8800048828125,3.0904,MARA,53.43659245674135,435.0,352.2666931152344
2023-03-24,7.809999942779541,8.229999542236328,8.300000190734863,7.570000171661377,7.809999942779541,28289400,196753.20470938177,0,3.6861508795710733,196749.5185585022,25192.0,96.75320470938176,100000,,59.49044509380694,8.154,7.014,6.7358,7.6943,9.819,134.8800048828125,2.338,MARA,54.45786275093081,435.0,354.61444091796875
2023-03-27,7.110000133514404,8.039999961853027,8.039999961853027,7.099999904632568,7.110000133514404,23372100,179118.80951437444,0,3.6861508795710733,179115.12336349487,25192.0,79.11880951437445,100000,,56.12980815383594,8.006,7.014,6.8018,7.6613,9.7573,134.8800048828125,1.1263,MARA,54.71242695991514,435.0,355.1996459960937
2023-03-28,7.199999809265137,7.010000228881836,7.210000038146973,6.869999885559082,7.199999809265137,18648200,181386.0813458869,0,3.6861508795710733,181382.39519500732,25192.0,81.3860813458869,100000,,56.12980815383594,7.672,7.019,6.865,7.6139,9.6991,134.8800048828125,0.3554,MARA,54.44088383857728,435.0,354.5754089355469
2023-03-29,7.949999809265137,7.570000171661377,8.140000343322754,7.489999771118164,7.949999809265137,36010000,200280.0813458869,0,3.6861508795710733,200276.39519500732,25192.0,100.28008134588688,100000,,64.52380768566167,7.706,7.091,6.9405,7.5732,9.6393,134.8800048828125,0.4635,MARA,56.63448231880188,435.0,359.6181640625
2023-03-30,7.829999923706055,8.100000381469727,8.149999618530273,7.599999904632568,7.829999923706055,25958500,197257.0442288825,0,3.6861508795710733,197253.35807800293,25192.0,97.2570442288825,100000,,64.98801103197749,7.58,7.1695,7.0143,7.5293,9.5835,134.8800048828125,0.3709,MARA,57.56796406929017,435.0,361.76409912109375
2023-03-31,8.720000267028809,7.920000076293945,8.739999771118164,7.829999923706055,8.720000267028809,36159700,219677.93287786932,0,3.6861508795710733,219674.24672698975,25192.0,119.6779328778693,100000,,62.84987624679879,7.762,7.2865,7.0893,7.5085,9.5328,134.8800048828125,0.9985,MARA,59.76581059638979,435.0,366.8166198730469
2023-04-03,8.430000305175781,8.539999961853027,8.899999618530273,8.119999885559082,8.430000305175781,25824800,213367.2801386878,0,3.9724146887753022,213363.30772399902,25310.0,111.254732810582,101000,Buy all cash Monthly invest,58.419691103379044,8.026,7.392,7.1647,7.4891,9.4783,134.8800048828125,1.0499,MARA,59.79456970041106,438.0,368.27001953125
2023-04-04,8.510000228881836,8.600000381469727,8.649999618530273,8.010000228881836,8.510000228881836,23882300,215392.07820768806,0,3.9724146887753022,215388.10579299927,25310.0,113.25948337394856,101000,,59.14948588223916,8.288,7.513,7.2383,7.4728,9.4274,134.8800048828125,1.0466,MARA,58.89356153257768,438.0,366.1923522949219
2023-04-05,7.929999828338623,8.619999885559082,8.630000114440918,7.650000095367432,7.929999828338623,27754500,200712.26806993934,0,3.9724146887753022,200708.29565525055,25310.0,98.72501789102905,101000,,51.92307515962583,8.284,7.6005,7.2888,7.4521,9.38,134.8800048828125,0.48,MARA,58.508666766856,438.0,365.3048095703125
2023-04-06,7.980000019073486,7.820000171661377,8.289999961853027,7.650000095367432,7.980000019073486,15392500,201977.77289743873,0,3.9724146887753022,201973.80048274994,25310.0,99.97799296776111,101000,,48.70040999515922,8.314,7.724,7.326,7.4251,9.3376,134.8800048828125,0.1007,MARA,59.113542992393576,438.0,366.6996154785156
2023-04-10,9.100000381469727,7.96999979019165,9.140000343322754,7.659999847412109,9.100000381469727,42370900,230324.98206968757,0,3.9724146887753022,230321.00965499878,25310.0,128.04453670266093,101000,,57.70653795473787,8.39,7.9125,7.3882,7.4151,9.2975,134.8800048828125,0.7066,MARA,59.28693952027879,438.0,367.0994567871094
2023-04-11,10.229999542236328,9.460000038146973,10.640000343322754,9.270000457763672,10.229999542236328,63439500,258925.26082869025,0,3.9724146887753022,258921.28841400146,25310.0,156.3616443848418,101000,,58.27250468541855,8.75,8.089,7.4415,7.4029,9.2689,134.8800048828125,1.8491,MARA,59.3081144893382,438.0,367.1482849121094
2023-04-12,9.949999809265137,10.050000190734863,10.579999923706055,9.6899995803833,9.949999809265137,43348600,251838.4675871894,0,3.9724146887753022,251834.4951725006,25310.0,149.34501741305883,101000,,64.64237370973228,9.038,8.23,7.4793,7.391,9.2407,134.8800048828125,2.1571,MARA,58.67361977582877,438.0,365.6851806640625
2023-04-13,11.520000457763672,10.420000076293945,11.6899995803833,10.369999885559082,11.520000457763672,57539100,291575.1840006873,0,3.9724146887753022,291571.21158599854,25310.0,188.6883009907795,101000,,68.43373704396129,9.756,8.4515,7.5318,7.3948,9.2184,134.8800048828125,3.2648,MARA,60.729351943894194,438.0,370.4255676269531
2023-04-14,11.970000267028809,12.270000457763672,12.279999732971191,10.979999542236328,11.970000267028809,54369900,302964.67917318793,0,3.9724146887753022,302960.70675849915,25310.0,199.96502888434452,101000,,75.67901464955618,10.554,8.6685,7.6162,7.4035,9.2033,134.8800048828125,3.931,MARA,60.39941945723732,438.0,369.6647644042969
2023-04-17,11.449999809265137,11.050000190734863,11.649999618530273,10.930000305175781,11.449999809265137,29146900,289803.4675871894,0,3.9724146887753022,289799.4951725006,25310.0,186.9341263239499,101000,,77.39898593842238,11.024,8.8325,7.6847,7.4014,9.1816,134.8800048828125,3.6451,MARA,60.94509840989824,438.0,370.9230651855469
2023-04-18,11.680000305175781,12.020000457763672,12.829999923706055,11.449999809265137,11.680000305175781,41896300,295624.7801386878,0,3.9724146887753022,295620.807723999,25310.0,192.6978021175127,101000,,77.79156161657946,11.314,9.024,7.7448,7.3913,9.1603,134.8800048828125,3.2971,MARA,61.05506267109486,438.0,371.1766357421875
2023-04-19,10.65999984741211,10.920000076293945,11.329999923706055,10.649999618530273,10.65999984741211,28329900,269808.5685526893,0,3.9724146887753022,269804.5961380005,25310.0,167.13719658682103,101000,,66.26650325600139,11.456,9.1135,7.7725,7.3571,9.1308,134.8800048828125,2.151,MARA,61.046592683471104,438.0,371.1571044921875
2023-04-20,9.520000457763672,10.399999618530273,10.649999618530273,9.449999809265137,9.520000457763672,27389800,240955.18400068732,0,3.9724146887753022,240951.21158599854,25310.0,138.5694891095914,101000,,59.03743472049238,11.056,9.2005,7.7845,7.3215,9.1042,134.8800048828125,0.5144,MARA,60.13718069979226,438.0,369.06005859375
2023-04-21,8.930000305175781,9.869999885559082,9.949999809265137,8.869999885559082,8.930000305175781,28395200,226022.2801386878,0,3.9724146887753022,226018.30772399902,25310.0,123.78443578087901,101000,,51.160221058517244,10.448,9.224,7.7875,7.2822,9.0791,134.8800048828125,-1.0019,MARA,60.23021822009704,438.0,369.2745971679688
2023-04-24,8.890000343322754,9.020000457763672,9.350000381469727,8.6899995803833,8.890000343322754,26335000,225009.8811041877,0,3.9724146887753022,225005.9086894989,25310.0,122.78206049919574,101000,,52.61363624048629,9.936,9.278,7.7898,7.2408,9.0658,134.8800048828125,-2.0147,MARA,60.44172969228916,438.0,369.7623291015625
2023-04-25,8.989999771118164,8.770000457763672,9.4399995803833,8.5600004196167,8.989999771118164,35069100,227540.86662168952,0,3.9724146887753022,227536.89420700073,25310.0,125.28798675414805,101000,,52.7210856402717,9.398,9.372,7.806,7.2065,9.0541,134.8800048828125,-2.5616,MARA,57.90801230077464,438.0,363.9197387695313
2023-04-26,9.460000038146973,10.100000381469727,10.649999618530273,9.399999618530273,9.460000038146973,65526200,239436.57338018867,0,3.9724146887753022,239432.60096549988,25310.0,137.06591423781055,101000,,58.78300872184929,9.158,9.485,7.8442,7.1835,9.0519,134.8800048828125,-2.5336,MARA,57.20583709240905,438.0,362.3005676269531
2023-04-27,10.0600004196167,9.869999885559082,10.079999923706055,9.270000457763672,10.0600004196167,46101800,254622.58303518745,0,3.9724146887753022,254618.61062049866,25310.0,152.1015673615717,101000,,61.231102818699576,9.266,9.5905,7.8917,7.1763,9.0515,134.8800048828125,-2.0552,MARA,60.32329544346877,438.0,369.4892272949219
2023-04-28,10.069999694824219,9.850000381469727,10.329999923706055,9.510000228881836,10.069999694824219,28853100,254875.66469068977,0,3.9724146887753022,254871.69227600098,25310.0,152.35214325810867,101000,,55.95091631138884,9.494,9.7025,7.9342,7.1727,9.046,134.8800048828125,-1.7101,MARA,61.693779144060514,438.0,372.64947509765625
2023-05-01,8.779999732971191,9.760000228881836,9.930000305175781,8.640000343322754,8.779999732971191,28506300,223220.8049563405,0,6.871745013902,223213.9332113266,25423.0,118.84392642778478,102000,Buy all cash Monthly invest,41.275573188647215,9.472,9.7055,7.9472,7.1555,9.0396,134.8800048828125,-2.3188,MARA,60.97638794730691,440.0,372.3958740234375
2023-05-02,9.550000190734863,8.869999885559082,9.720000267028809,8.649999618530273,9.550000190734863,32177300,242796.52659406632,0,6.871745013902,242789.65484905243,25423.0,138.03581038633953,102000,,47.72727519027426,9.584,9.7615,7.9885,7.1476,9.0332,134.8800048828125,-2.1228,MARA,59.175557629828354,440.0,368.2212219238281
2023-05-03,9.550000190734863,9.170000076293945,9.970000267028809,9.09000015258789,9.550000190734863,26882400,242796.52659406632,0,6.871745013902,242789.65484905243,25423.0,138.03581038633953,102000,,36.37620932292426,9.602,9.8135,8.0297,7.1442,9.0307,134.8800048828125,-1.94,MARA,58.06895434398278,440.0,365.6559143066406
2023-05-04,10.270000457763672,9.739999771118164,10.539999961853027,9.59000015258789,10.270000457763672,35765100,261101.09338273972,0,6.871745013902,261094.22163772583,25423.0,155.9814641007252,102000,,38.66666937933993,9.644,9.9305,8.0825,7.1497,9.0303,134.8800048828125,-1.2931,MARA,56.916091196770765,440.0,362.9833679199219
2023-05-05,10.489999771118164,10.380000114440918,10.649999618530273,10.0,10.489999771118164,37649500,266694.135926151,0,6.871745013902,266687.2641811371,25423.0,161.4648391432853,102000,,43.333332891817435,9.728,10.056,8.1438,7.1539,9.0333,134.8800048828125,-0.7263,MARA,59.78983698414822,440.0,369.6452331542969
2023-05-08,9.329999923706055,9.979999542236328,10.0,9.25,9.329999923706055,30157200,237203.45980539292,0,6.871745013902,237196.58806037903,25423.0,132.55241157391464,102000,,35.547351635592676,9.838,10.0675,8.2002,7.1503,9.0308,134.8800048828125,-1.1374,MARA,59.87820990655936,440.0,369.85009765625
2023-05-09,9.380000114440918,9.470000267028809,9.800000190734863,9.3100004196167,9.380000114440918,23038000,238474.61465444535,0,6.871745013902,238467.74290943146,25423.0,133.7986418180837,102000,,41.061452997634596,9.804,10.025,8.2578,7.1491,9.0324,134.8800048828125,-1.3427,MARA,59.18819549747543,440.0,368.2505187988281
2023-05-10,10.220000267028809,9.789999961853027,10.720000267028809,9.65999984741211,10.220000267028809,51276900,259829.9385336873,0,6.871745013902,259823.0667886734,25423.0,154.7352338565562,102000,,55.10203968147276,9.938,10.0385,8.3307,7.1551,9.0364,134.8800048828125,-0.8846,MARA,59.882435693553845,440.0,369.8598937988281
2023-05-11,8.729999542236328,9.84000015258789,9.930000305175781,8.649999618530273,8.729999542236328,39314900,221949.65010728806,0,6.871745013902,221942.77836227417,25423.0,117.59769618361572,102000,,48.71133532834785,9.63,9.899,8.3642,7.1586,9.0317,134.8800048828125,-1.5688,MARA,59.65942998736513,440.0,369.3429260253906
2023-05-12,8.920000076293945,8.710000038146973,8.930000305175781,8.520000457763672,8.920000076293945,22900900,226780.03368463487,0,6.871745013902,226773.16193962097,25423.0,122.33336635748518,102000,,50.18963166834995,9.316,9.7465,8.3803,7.166,9.0261,134.8800048828125,-1.8253,MARA,59.444836361828976,440.0,368.845458984375
2023-05-15,9.539999961853027,9.1899995803833,9.609999656677246,8.899999618530273,9.539999961853027,26855000,242542.2907752034,0,6.871745013902,242535.4190301895,25423.0,137.78655958353278,102000,,53.26215960025779,9.358,9.651,8.4192,7.1833,9.0232,134.8800048828125,-1.5018,MARA,59.9960185290318,440.0,370.1231994628906
2023-05-16,9.25,9.199999809265137,9.539999961853027,9.0,9.25,18095000,235169.6217450139,0,6.871745013902,235162.75,25423.0,130.5584526911901,102000,,48.72727264320227,9.332,9.5295,8.445,7.2088,9.0233,134.8800048828125,-1.4391,MARA,58.93994038488351,440.0,367.6750183105469
2023-05-17,10.09000015258789,9.069999694824219,10.199999809265137,9.039999961853027,10.09000015258789,30436800,256524.94562425584,0,6.871745013902,256518.07387924194,25423.0,151.49504472966257,102000,,50.17667685753892,9.306,9.501,8.4943,7.2393,9.0265,134.8800048828125,-0.7803,MARA,60.83335624732224,440.0,372.0643005371094
2023-05-18,9.380000114440918,9.920000076293945,10.40999984741211,9.029999732971191,9.380000114440918,37908600,238474.61465444535,0,6.871745013902,238467.74290943146,25423.0,133.7986418180837,102000,,46.24592236843266,9.436,9.494,8.5308,7.2635,9.0289,134.8800048828125,-0.8216,MARA,62.40276877795949,440.0,375.7024841308594
2023-05-19,9.180000305175781,9.520000457763672,9.729999542236328,9.170000076293945,9.180000305175781,19059000,233390.01950349778,0,6.871745013902,233383.1477584839,25423.0,128.81374461127234,102000,,52.46913892760165,9.488,9.5065,8.5625,7.2882,9.0299,134.8800048828125,-0.9556,MARA,62.14608842026954,440.0,375.1074523925781
2023-05-22,9.670000076293945,9.170000076293945,9.720000267028809,8.949999809265137,9.670000076293945,25877200,245847.28368463487,0,6.871745013902,245840.41193962097,25423.0,141.02674871042632,102000,,50.76726263176285,9.514,9.5455,8.6125,7.3189,9.034,134.8800048828125,-0.6744,MARA,62.23446134268072,440.0,375.3123168945313
2023-05-23,9.319999694824219,9.75,10.359999656677246,9.260000228881836,9.319999694824219,30437700,236949.22398653,0,6.871745013902,236942.3522415161,25423.0,132.30316077110785,102000,,48.59240840321205,9.528,9.562,8.6493,7.3475,9.0373,134.8800048828125,-0.7112,MARA,60.42520578010411,440.0,371.1181335449219
2023-05-24,9.430000305175781,9.149999618530273,9.609999656677246,8.859999656677246,9.430000305175781,28986400,239745.76950349778,0,6.871745013902,239738.8977584839,25423.0,135.0448720622527,102000,,44.444444444444436,9.396,9.5605,8.6882,7.3734,9.0447,134.8800048828125,-0.6343,MARA,59.22605644263474,440.0,368.3382873535156
2023-05-25,9.109999656677246,9.489999771118164,9.569999694824219,8.779999732971191,9.109999656677246,28309500,231610.39301671952,0,6.871745013902,231603.52127170563,25423.0,127.06901276148974,102000,,40.99216953982741,9.342,9.513,8.7315,7.3976,9.0512,134.8800048828125,-0.779,MARA,60.610363705578976,440.0,371.54736328125
2023-05-26,8.930000305175781,9.15999984741211,9.6899995803833,8.850000381469727,8.930000305175781,31666500,227034.26950349778,0,6.871745013902,227027.3977584839,25423.0,122.58261716029195,102000,,47.00599187092851,9.292,9.456,8.776,7.4144,9.0607,134.8800048828125,-0.9607,MARA,62.69308429381428,440.0,376.37548828125
2023-05-30,9.420000076293945,9.4399995803833,10.199999809265137,9.140000343322754,9.420000076293945,42716700,239491.53368463487,0,6.871745013902,239484.66193962097,25423.0,134.79562125944594,102000,,50.28089853778458,9.242,9.488,8.8267,7.4418,9.071,134.8800048828125,-0.6966,MARA,62.74356994217519,440.0,376.4925231933594
2023-05-31,9.789999961853027,9.180000305175781,9.84000015258789,9.010000228881836,9.789999961853027,28923900,248898.0407752034,0,6.871745013902,248891.1690301895,25423.0,144.01768703451316,102000,,46.76691574052722,9.336,9.5,8.8845,7.4751,9.0832,134.8800048828125,-0.2475,MARA,61.85998552696379,440.0,374.4442138671875
2023-06-01,9.989999771118164,9.65999984741211,10.380000114440918,9.529999732971191,9.989999771118164,30340000,254977.64092626542,0,2.8767680165266256,254974.7641582489,25523.0,147.55110769540335,103000,Buy all cash Monthly invest,61.75373213995952,9.448,9.522,8.9495,7.5136,9.0975,134.8800048828125,0.1761,MARA,62.78726684399949,443.0,378.03369140625
2023-06-02,10.029999732971191,10.319999694824219,10.390000343322754,9.569999694824219,10.029999732971191,32549100,255998.55995264024,0,2.8767680165266256,255995.68318462372,25523.0,148.54229121615558,103000,,60.652587797984324,9.632,9.51,9.0137,7.5523,9.1117,134.8800048828125,0.4521,MARA,65.17430042874237,443.0,383.5836791992188
2023-06-05,9.1899995803833,9.729999542236328,9.979999542236328,9.0600004196167,9.1899995803833,35660400,234559.2360581395,0,2.8767680165266256,234556.359290123,25523.0,127.72741364867915,103000,,46.77716057275253,9.684,9.445,9.075,7.5872,9.1199,134.8800048828125,0.0344,MARA,64.855468386826,443.0,382.8423767089844
2023-06-06,10.079999923706055,8.949999809265137,10.130000114440918,8.470000267028809,10.079999923706055,53229200,257274.71482076615,0,2.8767680165266256,257271.83805274963,25523.0,149.78127652501567,103000,,56.8822539734053,9.816,9.4825,9.1542,7.6289,9.1338,134.8800048828125,0.3599,MARA,65.19526188652263,443.0,383.6324157714844
2023-06-07,9.550000190734863,10.0,10.579999923706055,9.430000305175781,9.550000190734863,39054100,243747.53163614243,0,2.8767680165266256,243744.65486812592,25523.0,136.64808896712856,103000,,45.279720833531314,9.768,9.491,9.2017,7.6697,9.1442,134.8800048828125,0.1851,MARA,64.65409663650365,443.0,382.3741760253906
2023-06-08,9.569999694824219,9.609999656677246,9.890000343322754,9.529999732971191,9.569999694824219,19797200,244257.97897901505,0,2.8767680165266256,244255.10221099854,25523.0,137.1436689116651,103000,,51.88866392117152,9.684,9.4585,9.2423,7.7101,9.1532,134.8800048828125,0.0727,MARA,65.6399545537708,443.0,384.6663513183594
2023-06-09,9.380000114440918,9.779999732971191,9.819999694824219,9.199999809265137,9.380000114440918,20506400,239408.61968889207,0,2.8767680165266256,239405.74292087555,25523.0,132.43555309601174,103000,,51.99203016954698,9.554,9.491,9.2805,7.7521,9.1637,134.8800048828125,-0.1348,MARA,65.91682430356221,443.0,385.3100891113281
2023-06-12,9.329999923706055,9.270000457763672,9.489999771118164,9.170000076293945,9.329999923706055,14514900,238132.46482076615,0,2.8767680165266256,238129.58805274963,25523.0,131.1965677871516,103000,,46.28820787934895,9.582,9.5115,9.3088,7.7975,9.1758,134.8800048828125,-0.2979,MARA,67.43968668054379,443.0,388.850830078125
2023-06-13,9.680000305175781,9.5,9.949999809265137,9.289999961853027,9.680000305175781,25412200,247065.52455701798,0,2.8767680165266256,247062.64778900146,25523.0,139.8694413174932,103000,,53.930137733061976,9.502,9.5185,9.334,7.8459,9.192,134.8800048828125,-0.156,MARA,68.5430048894049,443.0,391.4161071777344
2023-06-14,9.6899995803833,9.729999542236328,10.029999732971191,9.510000228881836,9.6899995803833,30560400,247320.7360581395,0,2.8767680165266256,247317.859290123,25523.0,140.11721947392184,103000,,52.901778539298306,9.53,9.5405,9.3647,7.8941,9.2101,134.8800048828125,-0.0577,MARA,68.67306568160568,443.0,391.718505859375
2023-06-15,9.359999656677246,9.329999923706055,9.539999961853027,9.109999656677246,9.359999656677246,30601500,238898.14800538987,0,2.8767680165266256,238895.27123737335,25523.0,131.93994951979596,103000,,52.783965689797846,9.488,9.504,9.3728,7.9417,9.226,134.8800048828125,-0.2187,MARA,70.83353964033405,443.0,396.7417297363281
2023-06-16,9.979999542236328,9.479999542236328,10.0600004196167,9.15999984741211,9.979999542236328,50830200,254722.40508451432,0,2.8767680165266256,254719.5283164978,25523.0,147.30330590729545,103000,,60.649082944157996,9.608,9.534,9.4095,7.9943,9.2423,134.8800048828125,0.1009,MARA,70.20428901576071,443.0,395.2786865234375
2023-06-20,11.720000267028809,10.210000038146973,11.729999542236328,9.8100004196167,11.720000267028809,81874000,299132.44358339283,0,2.8767680165266256,299129.5668153763,25523.0,190.41984813921636,103000,,68.60841773531953,10.086,9.661,9.4638,8.0618,9.2676,134.8800048828125,1.4235,MARA,69.41977659777304,443.0,393.4546508789063
2023-06-21,12.210000038146973,12.25,12.899999618530273,12.010000228881836,12.210000038146973,88558500,311638.70774164173,0,2.8767680165266256,311635.8309736252,25523.0,202.5618521763512,103000,,69.20635213777477,10.592,9.788,9.5372,8.1365,9.2893,134.8800048828125,2.4383,MARA,68.49265538906357,443.0,391.2990417480469
2023-06-22,11.829999923706055,12.25,12.680000305175781,11.140000343322754,11.829999923706055,55820500,301939.9648207662,0,2.8767680165266256,301937.08805274963,25523.0,193.1455969133652,103000,,64.19753304452306,11.02,9.9135,9.6158,8.2088,9.3031,134.8800048828125,2.6589,MARA,69.10515784824705,443.0,392.72314453125
2023-06-23,12.710000038146973,11.779999732971191,13.100000381469727,11.5,12.710000038146973,87315100,324400.20774164173,0,2.8767680165266256,324397.3309736252,25523.0,214.9516580015939,103000,,68.30601377668594,11.69,10.0775,9.7077,8.2863,9.3235,134.8800048828125,3.1368,MARA,67.8382168887981,443.0,389.7774353027344
2023-06-26,11.789999961853027,12.550000190734863,13.050000190734863,11.420000076293945,11.789999961853027,51715200,300919.04579439136,0,2.8767680165266256,300916.1690263748,25523.0,192.15441339261298,103000,,67.56757105067337,12.052,10.2115,9.7717,8.3561,9.3407,134.8800048828125,2.6732,MARA,67.14600313775516,443.0,388.1679992675781
2023-06-27,13.380000114440918,12.180000305175781,13.5,12.050000190734863,13.380000114440918,64774800,341500.6196888921,0,2.8767680165266256,341497.74292087555,25523.0,231.5539996979535,103000,,70.370372986761,12.384,10.434,9.8642,8.4393,9.3641,134.8800048828125,3.1022,MARA,68.99607163934802,443.0,392.4695129394531
2023-06-28,13.15999984741211,13.020000457763672,13.699999809265137,12.579999923706055,13.15999984741211,52768500,335885.5528735158,0,2.8767680165266256,335882.67610549927,25523.0,226.10247851797652,103000,,73.17072961717015,12.574,10.621,9.9382,8.5138,9.3856,134.8800048828125,3.0013,MARA,69.07156963881707,443.0,392.6450500488281
2023-06-29,13.819999694824219,13.630000114440918,14.3100004196167,13.180000305175781,13.819999694824219,50628000,352730.7289790151,0,2.8767680165266256,352727.85221099854,25523.0,242.45701842622825,103000,,75.20759102102653,12.972,10.8225,10.028,8.5963,9.4097,134.8800048828125,3.0579,MARA,69.71850034080431,443.0,394.1492004394531
2023-06-30,13.859999656677246,14.4399995803833,14.619999885559082,13.149999618530273,13.859999656677246,63843700,353751.6480053899,0,2.8767680165266256,353748.77123737335,25523.0,243.4482019469805,103000,,77.05313508887714,13.202,11.016,10.1172,8.6778,9.4268,134.8800048828125,2.8608,MARA,71.72745327973603,443.0,398.8201293945313
2023-07-03,15.319999694824219,14.050000190734863,15.640000343322754,13.949999809265137,15.319999694824219,43137000,392010.2499791142,0,2.097787952134695,392008.1521911621,25588.0,276.9329326722252,104000,Buy all cash Monthly invest,80.90814985027609,13.908,11.2805,10.2403,8.7646,9.4368,134.8800048828125,3.2329,MARA,71.35927091987317,445.0,399.58392333984375
2023-07-05,15.5600004196167,14.680000305175781,15.84000015258789,14.569999694824219,15.5600004196167,47454800,398151.3885251042,0,2.097787952134695,398149.2907371521,25588.0,282.837873581831,104000,,80.68893306849462,14.344,11.599,10.3667,8.8463,9.4497,134.8800048828125,3.2789,MARA,70.97799031426358,445.0,398.6928405761719
2023-07-06,15.319999694824219,15.75,15.970000267028809,14.510000228881836,15.319999694824219,47358800,392010.2499791142,0,2.097787952134695,392008.1521911621,25588.0,276.9329326722252,104000,,78.69520274712578,14.776,11.861,10.4703,8.9293,9.4573,134.8800048828125,2.8917,MARA,69.58500712181971,446.0,395.4417724609375
2023-07-07,15.670000076293945,15.279999732971191,16.739999771118164,15.239999771118164,15.670000076293945,60299100,400966.0597401616,0,2.097787952134695,400963.9619522095,25588.0,285.5442882116938,104000,,82.09561867784687,15.146,12.167,10.561,9.0013,9.4709,134.8800048828125,2.5415,MARA,69.19027967900497,446.0,394.5213317871094
2023-07-10,16.920000076293945,15.800000190734863,16.979999542236328,15.239999771118164,16.920000076293945,51905200,432951.0597401616,0,2.097787952134695,432948.9619522095,25588.0,316.2990959040015,104000,,83.17398953401991,15.758,12.5345,10.6772,9.0783,9.4932,134.8800048828125,2.6248,MARA,69.64380856741393,446.0,395.5788879394531
2023-07-11,17.389999389648438,16.770000457763672,17.579999923706055,16.559999465942383,17.389999389648438,47291800,444977.4021702763,0,2.097787952134695,444975.3043823242,25588.0,327.86288670218875,104000,,80.8487388722881,16.172,12.935,10.775,9.1534,9.5235,134.8800048828125,2.5888,MARA,70.73143245704361,446.0,398.1150512695313
2023-07-12,16.860000610351562,17.940000534057617,18.260000228881836,16.780000686645508,16.860000610351562,54020300,431415.7934056279,0,2.097787952134695,431413.6956176758,25588.0,314.8228782746422,104000,,75.18960087957078,16.432,13.3115,10.8565,9.2363,9.5424,134.8800048828125,2.0527,MARA,72.07525423203982,446.0,401.2486267089844
2023-07-13,19.299999237060547,17.190000534057617,19.479999542236328,17.030000686645508,19.299999237060547,71665800,493850.4782658574,0,2.097787952134695,493848.3804779053,25588.0,374.8562291017859,104000,,83.08237364743376,17.228,13.7925,10.9873,9.336,9.5678,134.8800048828125,2.4684,MARA,73.47785127793827,446.0,404.5192565917969
2023-07-14,18.06999969482422,19.1299991607666,19.8799991607666,17.8700008392334,18.06999969482422,53131800,462377.2499791142,0,2.097787952134695,462375.1521911621,25588.0,344.5935095953021,104000,,73.02405660172532,17.708,14.2115,11.0938,9.4193,9.589,134.8800048828125,1.9229,MARA,73.33926937110611,446.0,404.1961059570313
2023-07-17,17.260000228881836,18.18000030517578,18.690000534057617,16.950000762939453,17.260000228881836,42105700,441650.9836445805,0,2.097787952134695,441648.8858566284,25588.0,324.6644073505582,104000,,73.72073416559147,17.776,14.6065,11.2038,9.4882,9.6098,134.8800048828125,1.0201,MARA,73.94397019320269,446.0,405.6061706542969
2023-07-18,16.809999465942383,17.010000228881836,17.790000915527344,16.549999237060547,16.809999465942383,33566400,430136.3641224858,0,2.097787952134695,430134.2663345337,25588.0,313.5926578100825,104000,,66.50625537933433,17.66,14.948,11.3253,9.5549,9.6258,134.8800048828125,0.0993,MARA,75.26257265244998,446.0,408.6809387207031
2023-07-19,17.59000015258789,17.149999618530273,18.030000686645508,17.1299991607666,17.59000015258789,37645700,450095.02169237105,0,2.097787952134695,450092.92390441895,25588.0,332.78367470420295,104000,,70.2283140098865,17.806,15.2415,11.4697,9.6286,9.6438,134.8800048828125,-0.3031,MARA,75.6405221176881,446.0,409.562255859375
2023-07-20,17.059999465942383,17.8700008392334,18.100000381469727,16.81999969482422,17.059999465942383,31582400,436533.3641224858,0,2.097787952134695,436531.2663345337,25588.0,319.7436193485441,104000,,64.97227293207794,17.358,15.484,11.6058,9.6978,9.659,134.8800048828125,-0.8688,MARA,74.49408369511825,446.0,406.8889465332031
2023-07-21,16.8799991607666,17.299999237060547,17.399999618530273,16.239999771118164,16.8799991607666,26477600,431927.5163136479,0,2.097787952134695,431925.4185256958,25588.0,315.31491953235377,104000,,63.77736995245464,17.12,15.7365,11.7373,9.7717,9.6703,134.8800048828125,-1.3637,MARA,74.51507579810803,446.0,406.9378967285156
2023-07-24,16.420000076293945,16.149999618530273,16.6200008392334,15.760000228881836,16.420000076293945,26345500,420157.0597401616,0,2.097787952134695,420154.9619522095,25588.0,303.99717282707843,104000,,55.522090776015204,16.952,15.922,11.8533,9.8487,9.6785,134.8800048828125,-1.8905,MARA,75.25417057631567,446.0,408.6613464355469
2023-07-25,16.18000030517578,16.600000381469727,17.34000015258789,16.15999984741211,16.18000030517578,26409900,414015.94559679,0,2.097787952134695,414013.8478088379,25588.0,298.09225538152884,104000,,53.11244980881028,16.826,16.1415,11.9553,9.9235,9.6872,134.8800048828125,-2.3194,MARA,75.77068886103999,446.0,409.8657836914063
2023-07-26,16.81999969482422,16.459999084472656,17.040000915527344,16.209999084472656,16.81999969482422,24164600,430392.2499791142,0,2.097787952134695,430390.1521911621,25588.0,313.83870190299444,104000,,57.23938447852225,16.672,16.3135,12.0678,10.001,9.6891,134.8800048828125,-2.3199,MARA,75.81271232905755,446.0,409.9637756347656
2023-07-27,15.970000267028809,17.309999465942383,17.329999923706055,15.880000114440918,15.970000267028809,23067400,408642.46462068526,0,2.097787952134695,408640.36683273315,25588.0,292.9254467506589,104000,,51.381216876599495,16.454,16.454,12.1877,10.0674,9.684,134.8800048828125,-2.6233,MARA,74.62007557509496,446.0,407.1827392578125
2023-07-28,16.700000762939453,16.299999237060547,16.790000915527344,16.1200008392334,16.700000762939453,21420600,427321.71731004684,0,2.097787952134695,427319.6195220947,25588.0,310.8862666442758,104000,,48.93617315632738,16.418,16.598,12.3068,10.1477,9.6776,134.8800048828125,-2.4821,MARA,76.32082853764757,446.0,411.1486206054688
2023-07-31,17.3700008392334,17.0,17.790000915527344,16.579999923706055,17.3700008392334,27394300,444465.6792622563,0,2.097787952134695,444463.5814743042,25588.0,327.37084544447725,104000,,49.90513019015222,16.608,16.7735,12.4372,10.2334,9.6764,134.8800048828125,-2.0911,MARA,76.66096866028127,446.0,411.9417724609375
2023-08-01,16.829999923706055,16.860000610351562,16.920000076293945,15.859999656677246,16.829999923706055,31288400,431643.1709857652,0,4.162942475984323,431639.0080432892,25647.0,311.0887342721573,105000,Buy all cash Monthly invest,49.85781664068695,16.738,16.849,12.5465,10.3145,9.6762,134.8800048828125,-2.0271,MARA,75.38622680555076,448.0,410.6687622070313
2023-08-02,16.479999542236328,16.719999313354492,17.399999618530273,16.290000915527344,16.479999542236328,26715600,422666.7112022111,0,4.162942475984323,422662.5482597351,25647.0,302.53972495448676,105000,,33.33333709091491,16.67,16.895,12.6463,10.3951,9.6805,134.8800048828125,-2.0905,MARA,72.95880493055074,448.0,404.9794921875
2023-08-03,16.559999465942383,16.270000457763672,17.200000762939453,16.15999984741211,16.559999465942383,25002400,424718.4692455003,0,4.162942475984323,424714.3063030243,25647.0,304.49378023380984,105000,,39.67168300132601,16.788,16.957,12.7668,10.4835,9.6845,134.8800048828125,-2.0598,MARA,72.4699637847174,448.0,403.8337707519531
2023-08-04,15.829999923706055,16.739999771118164,16.84000015258789,15.8100004196167,15.829999923706055,21876400,405996.1709857652,0,4.162942475984323,405992.0080432892,25647.0,286.66301998644303,105000,,40.11064994144731,16.614,16.965,12.8743,10.5661,9.6956,134.8800048828125,-2.2796,MARA,71.62599243055072,448.0,401.855712890625
2023-08-07,15.069999694824219,15.850000381469727,15.859999656677246,14.149999618530273,15.069999694824219,29981200,386504.4451156327,0,4.162942475984323,386500.28217315674,25647.0,268.0994715386978,105000,,38.4615413803536,16.154,16.8725,12.9552,10.6429,9.7045,134.8800048828125,-2.6552,MARA,73.17185180555074,448.0,405.4788208007813
2023-08-08,15.720000267028809,15.550000190734863,15.960000038146973,14.859999656677246,15.720000267028809,27403300,403175.00979096384,0,4.162942475984323,403170.84684848785,25647.0,283.9761998009179,105000,,37.3819184656167,15.932,16.789,13.0717,10.7179,9.7129,134.8800048828125,-2.552,MARA,72.42401326388406,448.0,403.72607421875
2023-08-09,15.510000228881836,15.850000381469727,16.420000076293945,15.430000305175781,15.510000228881836,26381900,397789.13881260843,0,4.162942475984323,397784.97587013245,25647.0,278.8467988691509,105000,,39.06911704018237,15.738,16.7215,13.1815,10.7809,9.7201,134.8800048828125,-2.4854,MARA,71.27920857638405,448.0,401.0429382324219
2023-08-10,14.550000190734863,15.65999984741211,16.030000686645508,14.40999984741211,14.550000190734863,25847100,373168.017834253,0,4.162942475984323,373163.85489177704,25647.0,255.3981122230981,105000,,35.19695677310537,15.336,16.484,13.265,10.8421,9.727,134.8800048828125,-2.7416,MARA,71.3794950347174,448.0,401.2779846191406
2023-08-11,14.880000114440918,14.40999984741211,15.270000457763672,14.220000267028809,14.880000114440918,21786500,381631.5258775422,0,4.162942475984323,381627.3629350662,25647.0,263.4585960738497,105000,,40.05168076457566,15.146,16.3245,13.3588,10.9019,9.7418,134.8800048828125,-2.6665,MARA,71.22073201388406,448.0,400.9058837890625
2023-08-14,14.989999771118164,14.649999618530273,15.220000267028809,14.109999656677246,14.989999771118164,20920200,384452.68707234354,0,4.162942475984323,384448.52412986755,25647.0,266.1454162593748,105000,,42.18133745982287,15.13,16.211,13.4405,10.9674,9.755,134.8800048828125,-2.4675,MARA,72.18583618055072,448.0,403.1678466796875
2023-08-15,13.930000305175781,14.739999771118164,15.100000381469727,13.899999618530273,13.930000305175781,24409000,357266.88076931925,0,4.162942475984323,357262.71782684326,25647.0,240.2541721612564,105000,,32.00498665924947,14.772,16.067,13.5163,11.0236,9.765,134.8800048828125,-2.6783,MARA,70.21380493055074,448.0,398.5458984375
2023-08-16,13.5,13.670000076293945,13.880000114440918,13.1899995803833,13.5,23097200,346238.662942476,0,4.162942475984323,346234.5,25647.0,229.75110756426284,105000,,33.77135506315115,14.37,15.8625,13.5883,11.0754,9.7719,134.8800048828125,-2.8793,MARA,68.95622680555076,448.0,395.5984497070313
2023-08-17,12.25,13.0600004196167,13.220000267028809,12.199999809265137,12.25,35069700,314179.912942476,0,4.162942475984323,314175.75,25647.0,199.21896470712,105000,,22.632225225702896,13.91,15.622,13.6313,11.1219,9.775,134.8800048828125,-3.4192,MARA,67.59000284721739,448.0,392.3963623046875
2023-08-18,11.279999732971191,11.470000267028809,11.979999542236328,11.149999618530273,11.279999732971191,33162200,289302.31609398813,0,4.162942475984323,289298.15315151215,25647.0,175.52601532760775,105000,,13.879002391199407,13.19,15.342,13.664,11.1567,9.7745,134.8800048828125,-4.0473,MARA,67.74459920138408,448.0,392.7586975097656
2023-08-21,11.050000190734863,11.369999885559082,11.579999923706055,10.84000015258789,11.050000190734863,22828400,283403.517834253,0,4.162942475984323,283399.35489177704,25647.0,169.90811222309813,105000,,14.408868137728888,12.402,15.0735,13.691,11.1896,9.7743,134.8800048828125,-4.3783,MARA,68.85177368055074,448.0,395.3536376953125
2023-08-22,10.949999809265137,11.210000038146973,11.34000015258789,10.880000114440918,10.949999809265137,19751200,280838.80805069895,0,4.162942475984323,280834.64510822296,25647.0,167.46553147685614,105000,,14.866583142406597,11.806,14.812,13.7217,11.2266,9.7712,134.8800048828125,-4.4349,MARA,68.3796512847174,448.0,394.2471008300781
2023-08-23,11.75,10.920000076293945,11.880000114440918,10.869999885559082,11.75,24746800,301356.412942476,0,4.162942475984323,301352.25,25647.0,187.00610756426283,105000,,22.002331894643305,11.456,14.5585,13.7687,11.2723,9.7649,134.8800048828125,-3.8636,MARA,70.19294555555074,448.0,398.49700927734375
2023-08-24,10.550000190734863,11.789999961853027,11.800000190734863,10.369999885559082,10.550000190734863,25292500,270580.017834253,0,4.162942475984323,270575.85489177704,25647.0,157.69525508024097,105000,,20.86092997557182,11.116,14.2875,13.7875,11.3071,9.7499,134.8800048828125,-3.8814,MARA,67.93260701388407,448.0,393.1993408203125
2023-08-25,10.550000190734863,10.680000305175781,10.9399995803833,10.260000228881836,10.550000190734863,19391200,270580.017834253,0,4.162942475984323,270575.85489177704,25647.0,157.69525508024097,105000,,22.771087950486162,10.97,13.98,13.8002,11.3423,9.7337,134.8800048828125,-3.6867,MARA,69.04397420138406,448.0,395.8041076660156
2023-08-28,10.619999885559082,10.619999885559082,10.9399995803833,10.520000457763672,10.619999885559082,13672800,272375.30000740977,0,4.162942475984323,272371.1370649338,25647.0,159.40504762610453,105000,,16.968906508531305,10.884,13.6425,13.8107,11.3801,9.7245,134.8800048828125,-3.3176,MARA,70.15532836805072,448.0,398.4088439941406
2023-08-29,13.680000305175781,10.600000381469727,13.869999885559082,10.539999961853027,13.680000305175781,74154500,350855.13076931925,0,4.162942475984323,350850.96782684326,25647.0,234.14774358982785,105000,,41.3434248981003,11.43,13.485,13.8715,11.4426,9.729,134.8800048828125,-1.2834,MARA,72.5702372222174,448.0,404.06878662109375
2023-08-30,13.470000267028809,13.369999885559082,13.539999961853027,12.470000267028809,13.470000267028809,38207000,345469.25979096384,0,4.162942475984323,345465.09684848785,25647.0,229.01834265806082,105000,,44.5010185475093,11.774,13.3345,13.9428,11.5089,9.7349,134.8800048828125,0.0116,MARA,73.28884399305073,448.0,405.7530212402344
2023-08-31,12.569999694824219,13.5600004196167,13.920000076293945,12.449999809265137,12.569999694824219,33448800,322386.9451156327,0,4.162942475984323,322382.78217315674,25647.0,207.0351858244121,105000,,38.883540215177916,12.178,13.135,13.9843,11.5692,9.7418,134.8800048828125,0.4297,MARA,73.06741170138406,448.0,405.2340393066406
2023-09-01,12.0,12.529999732971191,12.739999771118164,11.739999771118164,12.0,25233700,308763.182942476,0,3.1829424759844187,308760.0,25730.0,191.28602164384526,106000,Buy all cash Monthly invest,36.22119969587899,12.468,12.9435,14.0252,11.6134,9.7465,134.8800048828125,0.4397,MARA,72.7384660973459,450.0,406.09576416015625
2023-09-05,12.0,11.850000381469727,12.199999809265137,11.640000343322754,12.0,14834100,308763.182942476,0,3.1829424759844187,308760.0,25730.0,191.28602164384526,106000,,40.143002427534405,12.744,12.79,14.0657,11.654,9.7537,134.8800048828125,0.4787,MARA,71.98603217653961,450.0,404.3233642578125
2023-09-06,12.0600004196167,11.869999885559082,12.59000015258789,11.829999923706055,12.0600004196167,23218900,310306.9937392137,0,3.1829424759844187,310303.8107967377,25730.0,192.74244692378647,106000,,42.35669096106164,12.42,12.607,14.1103,11.6954,9.7588,134.8800048828125,0.5642,MARA,70.80125774174817,450.0,401.5325622558594
2023-09-07,12.359999656677246,11.899999618530273,12.449999809265137,11.319999694824219,12.359999656677246,20436200,318025.97410878155,0,3.1829424759844187,318022.79116630554,25730.0,200.024503876209,106000,,50.649348602180346,12.198,12.4495,14.1608,11.7348,9.7664,134.8800048828125,0.7979,MARA,70.29409877856274,450.0,400.3379211425781
2023-09-08,10.90999984741211,11.850000381469727,11.899999618530273,10.430000305175781,10.90999984741211,43533200,280717.4790163896,0,3.1829424759844187,280714.2960739136,25730.0,164.82781039282037,106000,,47.9329614891385,11.866,12.2675,14.1813,11.7577,9.7724,134.8800048828125,0.2047,MARA,70.52692342801366,450.0,400.8863525390625
2023-09-11,10.069999694824219,10.550000190734863,10.640000343322754,9.960000038146973,10.069999694824219,30366000,259104.27509030313,0,3.1829424759844187,259101.09214782715,25730.0,144.4379953682105,106000,,44.874474618747264,11.48,12.027,14.1877,11.7762,9.7743,134.8800048828125,-0.5871,MARA,71.64514507084974,450.0,403.5203857421875
2023-09-12,10.15999984741211,10.510000228881836,10.899999618530273,10.0600004196167,10.15999984741211,36784700,261419.97901638955,0,3.1829424759844187,261416.79607391357,25730.0,146.62262171357506,106000,,45.86387462787979,11.112,11.7855,14.201,11.7869,9.7755,134.8800048828125,-0.9776,MARA,70.72641338139664,450.0,401.3562622070313
2023-09-13,9.890000343322754,10.100000381469727,10.180000305175781,9.699999809265137,9.890000343322754,29524400,254472.89177617044,0,3.1829424759844187,254469.70883369446,25730.0,140.06876582657588,106000,,39.68958005023178,10.678,11.5835,14.1995,11.8045,9.7711,134.8800048828125,-1.2867,MARA,70.92596811265767,450.0,401.8263244628906
2023-09-14,10.0,10.149999618530273,10.460000038146973,9.899999618530273,10.0,35131000,257303.18294247598,0,3.1829424759844187,257300.0,25730.0,142.73885183252452,106000,,46.53215488201316,10.206,11.4085,14.1708,11.8173,9.7679,134.8800048828125,-1.3144,MARA,72.40173773142978,450.0,405.3025817871094
2023-09-15,9.800000190734863,9.949999809265137,9.949999809265137,9.529999732971191,9.800000190734863,26000200,252157.187850084,0,3.1829424759844187,252154.00490760803,25730.0,137.88413948121132,106000,,45.387453398400595,9.984,11.286,14.1307,11.8339,9.7641,134.8800048828125,-1.3326,MARA,70.25667012059915,450.0,400.249755859375
2023-09-18,9.789999961853027,10.319999694824219,10.350000381469727,9.470000267028809,9.789999961853027,37718900,251899.88196095437,0,3.1829424759844187,251896.6990184784,25730.0,137.64139807637204,106000,,44.857497180338285,9.928,11.2115,14.0967,11.8562,9.7588,134.8800048828125,-1.2322,MARA,70.44374863253901,450.0,400.6904296875
2023-09-19,9.5600004196167,9.710000038146973,9.979999542236328,9.3100004196167,9.5600004196167,23670200,245981.99373921365,0,3.1829424759844187,245978.81079673767,25730.0,132.0584846596355,106000,,10.687015120655303,9.808,11.137,14.0442,11.8759,9.7449,134.8800048828125,-1.1879,MARA,70.10286152684915,450.0,399.887451171875
2023-09-20,9.289999961853027,9.569999694824219,9.84000015258789,9.279999732971191,9.289999961853027,17914000,239034.88196095437,0,3.1829424759844187,239031.6990184784,25730.0,125.50460562354186,106000,,10.566029180279017,9.688,11.054,14.0025,11.8871,9.7301,134.8800048828125,-1.2069,MARA,68.51487071206436,450.0,396.1468505859375
2023-09-21,9.15999984741211,8.850000381469727,9.300000190734863,8.770000457763672,9.15999984741211,16586500,235689.97901638955,0,3.1829424759844187,235686.79607391357,25730.0,122.34903680791467,106000,,12.362022446931064,9.52,10.9245,13.9322,11.8982,9.7137,134.8800048828125,-1.1815,MARA,65.75872746600749,450.0,389.6546020507813
2023-09-22,8.670000076293945,9.170000076293945,9.279999732971191,8.649999618530273,8.670000076293945,17195700,223082.2849055192,0,3.1829424759844187,223079.1019630432,25730.0,110.45498575992379,106000,,12.58426089792853,9.294,10.8305,13.8573,11.8977,9.7031,134.8800048828125,-1.3543,MARA,65.35960504790974,450.0,388.7144470214844
2023-09-25,8.5600004196167,8.479999542236328,8.890000343322754,8.420000076293945,8.5600004196167,19232000,220251.99373921365,0,3.1829424759844187,220248.81079673767,25730.0,107.78489975397517,106000,,12.280694049258557,9.048,10.731,13.7697,11.8988,9.694,134.8800048828125,-1.4112,MARA,66.04553799906319,450.0,390.3302001953125
2023-09-26,8.25,8.460000038146973,8.680000305175781,8.220000267028809,8.25,16815800,212275.68294247598,0,3.1829424759844187,212272.5,25730.0,100.26007824761885,106000,,10.394993783270806,8.786,10.6125,13.6762,11.8967,9.6848,134.8800048828125,-1.5203,MARA,63.61364689960125,450.0,384.6017456054688
2023-09-27,8.010000228881836,8.390000343322754,8.550000190734863,7.909999847412109,8.010000228881836,22627000,206100.48883160562,0,3.1829424759844187,206097.30588912964,25730.0,94.43442342604303,106000,,4.210523145680298,8.53,10.329,13.5543,11.8973,9.6747,134.8800048828125,-1.6154,MARA,63.65104964641357,450.0,384.6898498535156
2023-09-28,8.569999694824219,8.0600004196167,8.890000343322754,7.929999828338623,8.569999694824219,24186700,220509.27509030313,0,3.1829424759844187,220506.09214782715,25730.0,108.02761800971994,106000,,19.689107009706234,8.412,10.084,13.4378,11.9022,9.6637,134.8800048828125,-1.1503,MARA,64.60375085513999,450.0,386.9339904785156
2023-09-29,8.5,8.710000038146973,8.880000114440918,8.390000343322754,8.5,20176700,218708.18294247598,0,3.1829424759844187,218705.0,25730.0,106.32847447403395,106000,,24.59545976695766,8.378,9.8805,13.3242,11.8972,9.6562,134.8800048828125,-0.7665,MARA,64.21149489212037,450.0,386.010009765625
2023-10-02,8.529999732971191,9.199999809265137,9.6899995803833,8.510000228881836,8.529999732971191,42145500,220475.08602198094,0,0.18292387456699544,220474.90309810638,25847.0,106.05148226353359,107000,Buy all cash Monthly invest,23.102289040322816,8.372,9.707,13.2052,11.8831,9.643,134.8800048828125,-0.3818,MARA,63.593565564521,453.0,385.9804992675781
2023-10-03,7.300000190734863,8.300000190734863,8.40999984741211,7.21999979019165,7.300000190734863,33702900,188683.28785379857,0,0.18292387456699544,188683.104929924,25847.0,76.33952135869025,107000,,17.543840360092318,8.182,9.472,13.0448,11.861,9.626,134.8800048828125,-0.907,MARA,61.39626408849699,453.0,380.7904052734375
2023-10-04,7.539999961853027,7.46999979019165,7.579999923706055,7.179999828338623,7.539999961853027,25114400,194886.56193788975,0,0.18292387456699544,194886.3790140152,25847.0,82.13697377372876,107000,,20.14561595470137,8.088,9.246,12.8807,11.8278,9.6113,134.8800048828125,-0.9598,MARA,62.58231256410119,453.0,383.5918884277344
2023-10-05,7.420000076293945,7.599999904632568,7.880000114440918,7.329999923706055,7.420000076293945,25669000,191784.92489584416,0,0.18292387456699544,191784.7419719696,25847.0,79.2382475662095,107000,,20.544538854575222,7.858,8.999,12.7233,11.7899,9.5967,134.8800048828125,-0.9603,MARA,62.44498525936806,453.0,383.26751708984375
2023-10-06,8.079999923706055,7.199999809265137,8.180000305175781,7.159999847412109,8.079999923706055,30815600,208843.94095190495,0,0.18292387456699544,208843.7580280304,25847.0,95.1812532260794,107000,,31.769713362773217,7.774,8.8575,12.5363,11.7618,9.5816,134.8800048828125,-0.3376,MARA,64.38009998264491,453.0,387.83831787109375
2023-10-09,8.359999656677246,7.610000133514404,8.380000114440918,7.599999904632568,8.359999656677246,27156300,216081.09405001134,0,0.18292387456699544,216080.91112613678,25847.0,101.94494771029099,107000,,37.34175839917847,7.74,8.772,12.3745,11.7342,9.5627,134.8800048828125,0.3786,MARA,65.4745840017016,453.0,390.4235229492188
2023-10-10,8.460000038146973,8.260000228881836,8.850000381469727,8.229999542236328,8.460000038146973,25100600,218665.80390985936,0,0.18292387456699544,218665.6209859848,25847.0,104.3605644017377,107000,,40.919033637382384,7.972,8.687,12.2278,11.7158,9.5365,134.8800048828125,0.9846,MARA,66.32766964258212,453.0,392.43853759765625
2023-10-11,7.900000095367432,8.180000305175781,8.300000190734863,7.730000019073486,7.900000095367432,28534800,204191.48538883656,0,0.18292387456699544,204191.302464962,25847.0,90.83316391480052,107000,,37.39999647140335,8.044,8.5875,12.0793,11.7023,9.5119,134.8800048828125,0.9907,MARA,67.03097304206919,453.0,394.0997619628906
2023-10-12,7.78000020980835,7.849999904632568,8.130000114440918,7.670000076293945,7.78000020980835,17753900,201089.84834679097,0,0.18292387456699544,201089.6654229164,25847.0,87.93443770728129,107000,,40.38876562865449,8.116,8.4765,11.9158,11.6927,9.4875,134.8800048828125,0.9413,MARA,66.0280405595013,453.0,391.7308044433594
2023-10-13,7.710000038146973,8.039999961853027,8.069999694824219,7.550000190734863,7.710000038146973,18261800,199280.55390985936,0,0.18292387456699544,199280.3709859848,25847.0,86.24350832697137,107000,,40.74073304547179,8.042,8.372,11.76,11.6829,9.4619,134.8800048828125,0.8942,MARA,65.15412778387338,453.0,389.6665954589844
2023-10-16,8.100000381469727,8.539999961853027,8.9399995803833,7.869999885559082,8.100000381469727,52441600,209360.89278372258,0,0.18292387456699544,209360.70985984802,25847.0,95.66438577917997,107000,,48.39400773722198,7.99,8.2875,11.6137,11.6755,9.441,134.8800048828125,1.2067,MARA,66.88116496055821,453.0,393.7459106445313
2023-10-17,8.449999809265137,7.980000019073486,8.739999771118164,7.909999847412109,8.449999809265137,30035000,218407.32799395054,0,0.18292387456699544,218407.145070076,25847.0,104.11899812518742,107000,,54.60250816459308,7.988,8.232,11.4808,11.6671,9.4253,134.8800048828125,1.7005,MARA,66.88532521948414,453.0,393.7557373046875
2023-10-18,7.739999771118164,8.380000114440918,8.649999618530273,7.650000095367432,7.739999771118164,28487000,200055.95700796574,0,0.18292387456699544,200055.7740840912,25847.0,86.96818411959416,107000,,41.582148139522026,7.956,8.1545,11.3402,11.6477,9.412,134.8800048828125,1.4606,MARA,64.65474167205241,453.0,388.4870300292969
2023-10-19,7.710000038146973,8.0,8.079999923706055,7.630000114440918,7.710000038146973,31017200,199280.55390985936,0,0.18292387456699544,199280.3709859848,25847.0,86.24350832697137,107000,,41.922288195009884,7.942,8.082,11.1883,11.6281,9.4004,134.8800048828125,1.2881,MARA,63.2606414899737,453.0,385.1941223144531
2023-10-20,7.760000228881836,7.949999809265137,8.380000114440918,7.690000057220459,7.760000228881836,36115800,200572.90883978337,0,0.18292387456699544,200572.7259159088,25847.0,87.45131667269474,107000,,42.158862753804165,7.952,8.0365,11.0515,11.6196,9.3875,134.8800048828125,1.2278,MARA,61.229827891340925,453.0,380.3972778320313
2023-10-23,8.75,8.0600004196167,9.020000457763672,7.739999771118164,8.75,63932600,226161.43292387456,0,0.18292387456699544,226161.25,25847.0,111.3658251624996,107000,,65.52462614223964,8.082,8.046,10.919,11.6129,9.3803,134.8800048828125,1.9793,MARA,60.94682692390517,453.0,379.7288208007813
2023-10-24,9.760000228881836,9.890000343322754,10.720000267028809,9.350000381469727,9.760000228881836,95449800,252266.90883978337,0,0.18292387456699544,252266.7259159088,25847.0,135.76346620540502,107000,,70.40441579291802,8.344,8.1215,10.7922,11.6147,9.3794,134.8800048828125,3.1934,MARA,62.14951643521318,453.0,382.5696105957031
2023-10-25,9.470000267028809,9.699999809265137,10.079999923706055,9.279999732971191,9.470000267028809,53992900,244771.27982576817,0,0.18292387456699544,244771.09690189362,25847.0,128.75820544464312,107000,,68.27094755963907,8.69,8.1945,10.6695,11.608,9.3788,134.8800048828125,3.6199,MARA,59.86483660168516,453.0,377.1731262207031
2023-10-26,8.989999771118164,9.199999809265137,9.520000457763672,8.779999732971191,8.989999771118164,32254600,232364.70700796574,0,0.18292387456699544,232364.5240840912,25847.0,117.16327757753805,107000,,58.37937197300627,8.946,8.2155,10.5447,11.5955,9.3747,134.8800048828125,3.3945,MARA,57.9047603248525,453.0,372.5433654785156
2023-10-27,8.859999656677246,9.199999809265137,9.399999618530273,8.819999694824219,8.859999656677246,27482800,229004.59405001134,0,0.18292387456699544,229004.41112613678,25847.0,114.02298509346855,107000,,54.7348478690981,9.166,8.2335,10.4163,11.5916,9.3709,134.8800048828125,3.0297,MARA,57.20561718429138,453.0,370.8919677734375
2023-10-30,8.850000381469727,9.199999809265137,9.569999694824219,8.609999656677246,8.850000381469727,31761800,228746.14278372258,0,0.18292387456699544,228745.95985984802,25847.0,113.78144185394632,107000,,53.757229044842724,9.186,8.2495,10.3,11.5872,9.3681,134.8800048828125,2.679,MARA,59.09495613932387,453.0,375.3546447753906
2023-10-31,8.8100004196167,8.710000038146973,8.979999542236328,8.420000076293945,8.8100004196167,22365600,227712.26376970738,0,0.18292387456699544,227712.08084583282,25847.0,112.81519978477323,107000,,59.74304499249977,8.996,8.325,10.1957,11.5754,9.3653,134.8800048828125,2.3274,MARA,60.0562731125734,453.0,377.6253051757813
2023-11-01,8.920000076293945,9.0,9.050000190734863,8.510000228881836,8.920000076293945,31215300,231550.47429580183,0,5.112315363596053,231545.36198043823,25958.0,114.39858731092762,108000,Buy all cash Monthly invest,62.23175987623515,8.886,8.394,10.0823,11.577,9.3678,134.8800048828125,2.0983,MARA,61.23890116055808,456.0,381.783203125
2023-11-02,9.859999656677246,9.350000381469727,9.869999885559082,9.09000015258789,9.859999656677246,41686700,255950.98340339155,0,5.112315363596053,255945.87108802795,25958.0,136.99165129943665,108000,,69.4394221801586,9.06,8.516,9.9882,11.5848,9.3754,134.8800048828125,2.5513,MARA,64.30181619962056,456.0,389.0374755859375
2023-11-03,9.40999984741211,9.619999885559082,9.960000038146973,9.289999961853027,9.40999984741211,43692600,244269.88835448714,0,5.112315363596053,244264.77603912354,25958.0,126.17582255045106,108000,,61.71735131632688,9.17,8.5825,9.9025,11.5837,9.3835,134.8800048828125,2.3937,MARA,65.82083950148689,456.0,392.6351623535156
2023-11-06,9.239999771118164,9.649999618530273,10.0600004196167,9.020000457763672,9.239999771118164,30637700,239857.0263740489,0,5.112315363596053,239851.9140586853,25958.0,122.08983923523044,108000,,57.30129504062812,9.248,8.6265,9.8085,11.5837,9.3962,134.8800048828125,2.0634,MARA,66.14040533807544,456.0,393.39202880859375
2023-11-07,9.180000305175781,9.149999618530273,9.25,8.65999984741211,9.180000305175781,32002200,238299.56023711653,0,5.112315363596053,238294.44792175293,25958.0,120.64774096029308,108000,,65.12606136375476,9.322,8.6625,9.7117,11.5761,9.4077,134.8800048828125,1.7172,MARA,66.6093879498376,456.0,394.5027770996094
2023-11-08,8.550000190734863,9.029999732971191,9.050000190734863,8.390000343322754,8.550000190734863,32485800,221946.01726645918,0,5.112315363596053,221940.90495109558,25958.0,105.50557154301777,108000,,57.83582421500664,9.248,8.695,9.622,11.5692,9.4163,134.8800048828125,0.972,MARA,66.74635762214662,456.0,394.8271789550781
2023-11-09,9.229999542236328,9.670000076293945,10.479999542236328,9.15999984741211,9.229999542236328,90786600,239597.4404327342,0,5.112315363596053,239592.3281173706,25958.0,121.84948188216129,108000,,62.27044939569824,9.122,8.7675,9.5508,11.5696,9.4289,134.8800048828125,0.9424,MARA,65.48882656203378,456.0,391.8488159179688
2023-11-10,9.609999656677246,9.40999984741211,9.65999984741211,8.880000114440918,9.609999656677246,42279700,249461.48340339155,0,5.112315363596053,249456.37108802795,25958.0,130.98285500314032,108000,,57.992564528586044,9.162,8.8625,9.5068,11.5691,9.444,134.8800048828125,1.1448,MARA,68.07028611607022,456.0,397.9627990722656
2023-11-13,9.180000305175781,9.420000076293945,9.460000038146973,8.84000015258789,9.180000305175781,31332300,238299.56023711653,0,5.112315363596053,238294.44792175293,25958.0,120.64774096029308,108000,,43.95833076702081,9.15,8.9165,9.4718,11.5679,9.4577,134.8800048828125,0.9089,MARA,67.90013705465529,456.0,397.559814453125
2023-11-14,9.170000076293945,9.380000114440918,9.600000381469727,8.880000114440918,9.170000076293945,37575400,238039.97429580183,0,5.112315363596053,238034.86198043823,25958.0,120.40738360722392,108000,,46.68141205482955,9.148,8.9525,9.4405,11.5657,9.4696,134.8800048828125,0.7053,MARA,71.12490308655634,456.0,405.1974182128906
2023-11-15,10.239999771118164,9.34000015258789,10.430000305175781,9.15999984741211,10.239999771118164,64345300,265815.0263740489,0,5.112315363596053,265809.9140586853,25958.0,146.12502442041566,108000,,62.2309274348571,9.486,9.0775,9.4287,11.5752,9.4864,134.8800048828125,1.28,MARA,71.49844502449037,456.0,406.0821228027344
2023-11-16,9.760000228881836,9.819999694824219,9.9399995803833,9.210000038146973,9.760000228881836,39678400,253355.1982566783,0,5.112315363596053,253350.0859413147,25958.0,134.58814653396138,108000,,58.24176918235995,9.592,9.18,9.3955,11.5821,9.4983,134.8800048828125,1.229,MARA,71.73916632440356,456.0,406.6522521972656
2023-11-17,10.0,9.8100004196167,10.109999656677246,9.510000228881836,10.0,27601800,259585.1123153636,0,5.112315363596053,259580.0,25958.0,140.35658547718853,108000,,60.10545062897288,9.67,9.292,9.3863,11.5869,9.5143,134.8800048828125,1.284,MARA,71.99232184198168,456.0,407.2518310546875
2023-11-20,10.640000343322754,10.199999809265137,10.829999923706055,10.130000114440918,10.640000343322754,55707400,276198.24122733565,0,5.112315363596053,276193.12891197205,25958.0,155.73911224753297,108000,,64.54690593946819,9.962,9.3865,9.3878,11.594,9.5345,134.8800048828125,1.6614,MARA,73.28720709588796,456.0,410.3186645507813
2023-11-21,10.3100004196167,10.350000381469727,10.5600004196167,9.960000038146973,10.3100004196167,42923500,267632.1032077739,0,5.112315363596053,267626.9908924103,25958.0,147.807502970161,108000,,60.675890209921235,10.19,9.414,9.3827,11.5967,9.5551,134.8800048828125,1.5657,MARA,72.83484639167787,456.0,409.2472839355469
2023-11-22,10.920000076293945,10.319999694824219,10.979999542236328,9.880000114440918,10.920000076293945,49753100,283466.47429580183,0,5.112315363596053,283461.36198043823,25958.0,162.468957681298,108000,,58.57605872167158,10.326,9.4865,9.3367,11.6041,9.5782,134.8800048828125,1.7939,MARA,73.58189161194697,456.0,411.0166015625
2023-11-24,11.40999984741211,11.039999961853027,11.600000381469727,10.850000381469727,11.40999984741211,42385900,296185.88835448714,0,5.112315363596053,296180.77603912354,25958.0,174.24619292082144,108000,,66.07717712284618,10.656,9.6075,9.3023,11.6226,9.6049,134.8800048828125,2.115,MARA,73.6773322857751,456.0,411.2426452636719
2023-11-27,11.279999732971191,10.9399995803833,11.649999618530273,10.760000228881836,11.279999732971191,38413400,292811.3453838298,0,5.112315363596053,292806.2330684662,25958.0,171.12161609613867,108000,,66.50486088617367,10.912,9.7285,9.2808,11.6326,9.6308,134.8800048828125,2.0752,MARA,73.37438835673863,456.0,410.525146484375
2023-11-28,12.380000114440918,11.65999984741211,12.399999618530273,11.550000190734863,12.380000114440918,62545100,321365.15528602095,0,5.112315363596053,321360.04297065735,25958.0,197.56032896853793,108000,,72.16066853377296,11.26,9.905,9.2872,11.6562,9.6629,134.8800048828125,2.5605,MARA,73.5445245329539,456.0,410.9281005859375
2023-11-29,12.399999618530273,12.420000076293945,12.630000114440918,12.039999961853027,12.399999618530273,42596300,321884.30241317244,0,5.112315363596053,321879.19009780884,25958.0,198.04102075293747,108000,,79.1225471913849,11.678,10.0845,9.2938,11.6797,9.6949,134.8800048828125,2.6648,MARA,73.43246195157369,456.0,410.6626892089844
2023-11-30,11.970000267028809,12.3100004196167,12.430000305175781,11.90999984741211,11.970000267028809,29942500,310722.3792468974,0,5.112315363596053,310717.2669315338,25958.0,187.70590671009018,108000,,71.54089382407192,11.888,10.237,9.2923,11.7013,9.7267,134.8800048828125,2.2694,MARA,74.10481166945564,456.0,412.2550964355469
2023-12-01,13.699999809265137,12.199999809265137,13.699999809265137,12.180000305175781,13.699999809265137,56850000,356624.7068643376,0,0.011829356859379914,356624.6950349808,26031.0,227.17863015076847,109000,Buy all cash Monthly invest,76.52400551275908,12.346,10.429,9.3147,11.7377,9.7676,134.8800048828125,2.8128,MARA,74.43275163780005,458.0,414.6731872558594
2023-12-04,14.859999656677246,15.329999923706055,15.529999732971191,14.069999694824219,14.859999656677246,81617900,386820.66289232223,0,0.011829356859379914,386820.6510629654,26031.0,254.88134210304793,109000,,83.64929453504918,13.062,10.7015,9.3805,11.7809,9.8134,134.8800048828125,3.5129,MARA,73.55713428679303,458.0,412.58929443359375
2023-12-05,15.279999732971191,14.819999694824219,16.06999969482422,14.8100004196167,15.279999732971191,77635500,397753.6848783299,0,0.011829356859379914,397753.6730489731,26031.0,264.911637503055,109000,,84.51978174322015,13.642,11.0035,9.4673,11.8275,9.8608,134.8800048828125,3.8314,MARA,73.50345728260008,458.0,412.4615478515625
2023-12-06,15.539999961853027,15.649999618530273,16.170000076293945,15.300000190734863,15.539999961853027,56390700,404521.750836353,0,0.011829356859379914,404521.73900699615,26031.0,271.1208723269293,109000,,82.96020816675166,14.27,11.3215,9.557,11.879,9.9103,134.8800048828125,3.8059,MARA,72.7806642354563,458.0,410.7413635253906
2023-12-07,15.510000228881836,14.899999618530273,15.680000305175781,14.710000038146973,15.510000228881836,41151900,403740.8277873799,0,0.011829356859379914,403740.8159580231,26031.0,270.40442916273383,109000,,87.87879663612982,14.978,11.6695,9.6507,11.9251,9.9597,134.8800048828125,3.4279,MARA,74.13125767636082,458.0,413.9556579589844
2023-12-08,16.780000686645508,15.600000381469727,16.790000915527344,15.5600004196167,16.780000686645508,52891600,436800.20970342605,0,0.011829356859379914,436800.1978740692,26031.0,300.7341373425927,109000,,89.32715502763443,15.594,12.047,9.7637,11.9672,10.0145,134.8800048828125,3.4574,MARA,74.87056672479477,458.0,415.7151489257813
2023-12-11,14.649999618530273,15.670000076293945,15.680000305175781,14.229999542236328,14.649999618530273,59302900,381354.1518993184,0,0.011829356859379914,381354.14006996155,26031.0,249.86619440304437,109000,,69.83184674273988,15.552,12.299,9.8445,11.9876,10.062,134.8800048828125,2.1707,MARA,75.54792794540828,458.0,417.32720947265625
2023-12-12,14.890000343322754,14.75,15.109999656677246,14.449999809265137,14.890000343322754,35579500,387601.61076639144,0,0.011829356859379914,387601.5989370346,26031.0,255.59780804256093,109000,,72.85428999235918,15.474,12.5845,9.9295,12.0131,10.111,134.8800048828125,1.249,MARA,76.41941629609276,458.0,419.4012756347656
2023-12-13,16.760000228881836,14.739999771118164,16.860000610351562,14.479999542236328,16.760000228881836,63715300,436279.5777873799,0,0.011829356859379914,436279.5659580231,26031.0,300.25649338291737,109000,,75.88652392327387,15.718,12.964,10.0495,12.0468,10.1666,134.8800048828125,1.3163,MARA,78.8191092164626,458.0,425.1123352050781
2023-12-14,17.81999969482422,16.739999771118164,17.989999771118164,16.420000076293945,17.81999969482422,60551500,463872.4238853261,0,0.011829356859379914,463872.41205596924,26031.0,325.57103108745514,109000,,77.04641198761334,16.18,13.343,10.1917,12.0971,10.2266,134.8800048828125,1.5864,MARA,79.34363331023056,458.0,426.3606567382813
2023-12-15,18.290000915527344,17.350000381469727,18.31999969482422,17.049999237060547,18.290000915527344,53513600,476107.0256614491,0,0.011829356859379914,476107.0138320923,26031.0,336.7954363866506,109000,,78.75307763338276,16.482,13.7695,10.3438,12.138,10.2886,134.8800048828125,1.6918,MARA,79.07102952806669,458.0,425.7118835449219
2023-12-18,19.8799991607666,17.690000534057617,20.09000015258789,17.65999984741211,19.8799991607666,60344600,517496.26998327224,0,0.011829356859379914,517496.2581539154,26031.0,374.76722016813966,109000,,79.57413024409024,17.528,14.2635,10.5307,12.194,10.3539,134.8800048828125,2.1207,MARA,80.08295518164681,458.0,428.12017822265625
2023-12-19,21.969999313354492,20.600000381469727,22.489999771118164,20.329999923706055,21.969999313354492,91857600,571901.0639552877,0,0.011829356859379914,571901.0521259308,26031.0,424.67987518833735,109000,,82.44067693160753,18.944,14.83,10.7542,12.2619,10.4291,134.8800048828125,2.847,MARA,81.17746084167763,458.0,430.7250061035156
2023-12-20,22.100000381469727,23.6200008392334,24.329999923706055,22.040000915527344,22.100000381469727,117235300,575285.1217593953,0,0.011829356859379914,575285.1099300385,26031.0,427.7845153755921,109000,,85.0518993461227,20.012,15.4195,10.985,12.3306,10.5042,134.8800048828125,2.9374,MARA,78.56507311276779,458.0,424.50775146484375
2023-12-21,24.780000686645508,23.239999771118164,25.100000381469727,22.420000076293945,24.780000686645508,104432700,645048.2097034261,0,0.011829356859379914,645048.1978740692,26031.0,491.78734835176704,109000,,85.97402303048791,21.404,16.1125,11.2645,12.4094,10.587,134.8800048828125,3.5038,MARA,80.30279239136587,458.0,428.6433715820313
2023-12-22,26.709999084472656,25.520000457763672,27.729999542236328,24.65999984741211,26.709999084472656,118192600,695287.9979972646,0,0.011829356859379914,695287.9861679077,26031.0,537.8788972451969,109000,,86.64192539577924,23.088,16.8775,11.5668,12.5023,10.6743,134.8800048828125,3.976,MARA,80.7216807563852,458.0,429.6402893066406
2023-12-26,26.959999084472656,26.149999618530273,27.049999237060547,25.219999313354492,26.959999084472656,79566200,701795.7479972646,0,0.011829356859379914,701795.7361679077,26031.0,543.8493100892335,109000,,86.4999957978728,24.504,17.6615,11.8745,12.5993,10.7643,134.8800048828125,3.8068,MARA,81.4723381442149,458.0,431.4267883300781
2023-12-27,31.06999969482422,28.149999618530273,31.299999237060547,28.149999618530273,31.06999969482422,106789700,808783.1738853261,0,0.011829356859379914,808783.1620559692,26031.0,642.0029118214001,109000,,89.1183846055356,26.324,18.596,12.2502,12.7277,10.8645,134.8800048828125,4.3464,MARA,81.80413281298998,458.0,432.2164306640625
2023-12-28,28.110000610351562,28.989999771118164,30.229999542236328,27.559999465942383,28.110000610351562,119982200,731731.4377174184,0,0.011829356859379914,731731.4258880615,26031.0,571.3132456123104,109000,,77.65583845846045,27.526,19.3815,12.597,12.8209,10.9496,134.8800048828125,3.2924,MARA,81.83313839910669,458.0,432.2854614257813
2023-12-29,23.489999771118164,28.950000762939453,29.670000076293945,23.049999237060547,23.489999771118164,144398300,611468.1958713338,0,0.011829356859379914,611468.1840419769,26031.0,460.97999621223283,109000,,62.83964563755881,27.268,19.9575,12.8628,12.8717,11.0126,134.8800048828125,1.0059,MARA,81.34791674629707,458.0,431.1306762695313
2024-01-02,22.93000030517578,26.639999389648438,26.690000534057617,22.770000457763672,22.93000030517578,102571800,597885.919823322,0,9.091866168688057,597876.8279571533,26074.0,443.5326543848381,110000,Buy all cash Monthly invest,66.8566792888727,26.512,20.419,13.1213,12.9223,11.0793,134.8800048828125,-0.8032,MARA,79.45792030022363,460.0,428.37689208984375
2024-01-03,23.440000534057617,20.700000762939453,23.75,20.389999389648438,23.440000534057617,96670300,611183.665791187,0,9.091866168688057,611174.5739250183,26074.0,455.6215143556245,110000,,67.21707721585929,25.808,20.848,13.3773,12.9568,11.1464,134.8800048828125,-1.9287,MARA,78.12885813314267,460.0,425.1986999511719
2024-01-04,26.270000457763672,24.15999984741211,26.8799991607666,23.0,26.270000457763672,97753600,684973.0838018986,0,9.091866168688057,684963.99193573,26074.0,522.7028034562716,110000,,68.43737998180217,24.848,21.3975,13.6758,13.0252,11.2223,134.8800048828125,-1.9491,MARA,77.56750060029465,460.0,423.8563232421875
2024-01-05,24.1200008392334,25.479999542236328,25.600000381469727,23.31999969482422,24.1200008392334,91940500,628913.9937483403,0,9.091866168688057,628904.9018821716,26074.0,471.739994316673,110000,,61.718752494614115,24.05,21.8265,13.9368,13.0823,11.2853,134.8800048828125,-2.6159,MARA,77.79453473559298,460.0,424.3992309570313
2024-01-08,25.979999542236328,24.770000457763672,26.649999618530273,22.6200008392334,25.979999542236328,113019100,677411.5999304387,0,9.091866168688057,677402.50806427,26074.0,515.8287272094898,110000,,63.600989635410976,24.548,22.35,14.2382,13.1588,11.3568,134.8800048828125,-2.57,MARA,80.33296524429323,460.0,430.4693908691406
2024-01-09,25.729999542236328,25.479999542236328,26.670000076293945,24.75,25.729999542236328,84955900,670893.0999304387,0,9.091866168688057,670884.00806427,26074.0,509.9028181185806,110000,,60.861494113459976,25.108,22.7975,14.5373,13.2266,11.4276,134.8800048828125,-2.6418,MARA,79.89544915320661,460.0,429.4231567382813
2024-01-10,25.6299991607666,24.790000915527344,27.68000030517578,23.780000686645508,25.6299991607666,140233400,668285.689983997,0,9.091866168688057,668276.5981178284,26074.0,507.5324454399973,110000,,57.33761036276182,25.546,23.3465,14.836,13.298,11.4979,134.8800048828125,-2.733,MARA,81.08004665409436,460.0,432.2558898925781
2024-01-11,22.399999618530273,27.290000915527344,29.18000030517578,20.75,22.399999618530273,213408200,584066.681919727,0,9.091866168688057,584057.5900535583,26074.0,430.96971083611544,110000,,50.53494876618882,24.772,23.722,15.0743,13.344,11.5578,134.8800048828125,-3.6329,MARA,81.01813869510998,460.0,432.10784912109375
2024-01-12,18.979999542236328,21.5,22.06999969482422,18.760000228881836,18.979999542236328,137407900,494893.5999304387,0,9.091866168688057,494884.50806427,26074.0,349.9032726640352,110000,,39.92355494301248,23.744,23.833,15.2498,13.3653,11.607,134.8800048828125,-5.0582,MARA,81.1006698785262,460.0,432.3052062988281
2024-01-16,17.780000686645508,18.649999618530273,19.040000915527344,17.18000030517578,17.780000686645508,106408800,463604.82976976363,0,9.091866168688057,463595.73790359497,26074.0,321.45893615433056,110000,,34.0819977755077,22.104,23.831,15.4172,13.3787,11.6511,134.8800048828125,-6.1714,MARA,80.48568685739693,460.0,430.8345947265625
2024-01-17,17.260000228881836,17.5,17.979999542236328,16.6200008392334,17.260000228881836,76361100,450046.33783403365,0,9.091866168688057,450037.245967865,26074.0,309.133034394576,110000,,32.87429446784665,20.41,23.7795,15.5763,13.3823,11.6917,134.8800048828125,-6.8427,MARA,79.4826783790589,460.0,428.4360961914063
2024-01-18,16.06999969482422,17.219999313354492,18.149999618530273,15.960000038146973,16.06999969482422,91998300,419018.26390901534,0,9.091866168688057,419009.1720428467,26074.0,280.9256944627412,110000,,20.47243828412499,18.498,23.589,15.7148,13.3832,11.7253,134.8800048828125,-7.3977,MARA,81.07592456158727,460.0,432.24603271484375
2024-01-19,16.1299991607666,15.979999542236328,16.479999542236328,14.619999885559082,16.1299991607666,109887100,420582.689983997,0,9.091866168688057,420573.59811782837,26074.0,282.3478999854518,110000,,23.377772299683656,17.244,23.297,15.8378,13.3784,11.763,134.8800048828125,-7.4666,MARA,83.28828861964834,460.0,437.5364685058594
2024-01-22,16.610000610351562,15.520000457763672,17.139999389648438,15.210000038146973,16.610000610351562,82482700,433098.2477804753,0,9.091866168688057,433089.15591430664,26074.0,293.7256798004321,110000,,31.263617519642523,16.77,23.0225,15.952,13.3721,11.8027,134.8800048828125,-7.0635,MARA,83.70515596251056,460.0,438.5333251953125
2024-01-23,16.110000610351562,15.789999961853027,16.649999618530273,15.449999809265137,16.110000610351562,56602600,420061.2477804753,0,9.091866168688057,420052.15591430664,26074.0,281.87386161861394,110000,,31.366120275533717,16.436,22.589,16.0627,13.3661,11.8403,134.8800048828125,-6.6774,MARA,84.24998683964124,460.0,439.836181640625
2024-01-24,15.649999618530273,16.600000381469727,17.190000534057617,15.539999961853027,15.649999618530273,68891600,408067.181919727,0,9.091866168688057,408058.09005355835,26074.0,270.97016538157004,110000,,28.65753173828125,16.114,22.036,16.1737,13.3592,11.8771,134.8800048828125,-6.3003,MARA,84.40269569084866,460.0,440.2013549804688
2024-01-25,16.270000457763672,15.760000228881836,16.56999969482422,15.569999694824219,16.270000457763672,56469200,424233.08380189864,0,9.091866168688057,424223.99193573,26074.0,285.66643981990785,110000,,18.827931953795556,16.154,21.5015,16.2972,13.3568,11.9201,134.8800048828125,-5.5628,MARA,85.43873195682875,460.0,442.6788330078125
2024-01-26,17.850000381469727,17.229999542236328,18.450000762939453,16.889999389648438,17.850000381469727,87559400,465430.0018126103,0,9.091866168688057,465420.90994644165,26074.0,323.1181834660093,110000,,29.734971030989044,16.498,20.8405,16.4472,13.3736,11.9698,134.8800048828125,-4.2721,MARA,85.32728231638129,460.0,442.4123229980469
2024-01-29,18.520000457763672,17.959999084472656,19.729999542236328,17.530000686645508,18.520000457763672,92576900,482899.58380189864,0,9.091866168688057,482890.49193573,26074.0,338.99962163808965,110000,,23.879559771193,16.88,20.361,16.609,13.4023,12.0226,134.8800048828125,-2.9987,MARA,86.67285837728329,460.0,445.6300048828125
2024-01-30,18.110000610351562,18.440000534057617,19.079999923706055,17.829999923706055,18.110000610351562,56458800,472209.2477804753,0,9.091866168688057,472200.15591430664,26074.0,329.28113434588664,110000,,23.614966608195786,17.28,20.092,16.7622,13.4223,12.0701,134.8800048828125,-2.1715,MARA,86.54078551240403,460.0,445.3141784667969
2024-01-31,17.729999542236328,17.459999084472656,19.18000030517578,17.270000457763672,17.729999542236328,75527900,462301.0999304387,0,9.091866168688057,462292.00806427,26074.0,320.27372720948966,110000,,23.16576786768705,17.696,19.832,16.8933,13.4408,12.1108,134.8800048828125,-1.6531,MARA,83.50704028424352,460.0,438.0595703125
2024-02-01,18.600000381469727,17.760000228881836,18.8700008392334,17.139999389648438,18.600000381469727,64373700,485980.57281250926,0,18.362845849703263,485962.20996665955,26127.0,337.82033586712544,111000,Buy all cash Monthly invest,34.62784030497815,18.162,19.59,17.0465,13.4745,12.1583,134.8800048828125,-0.9148,MARA,85.13750333679478,463.0,443.8237915039063
2024-02-02,18.200000762939453,17.940000534057617,19.079999923706055,17.829999923706055,18.200000762939453,52876100,475529.691779165,0,0.07184508294911396,475529.61993408203,26128.0,328.4051277289775,111000,Buy all cash ,45.8244194433485,18.232,19.1865,17.1958,13.5022,12.202,134.8800048828125,-0.5182,MARA,87.03955637249648,463.0,448.3837890625
2024-02-05,16.639999389648438,18.1200008392334,18.260000228881836,16.6200008392334,16.639999389648438,50371800,434769.97589781735,0,0.07184508294911396,434769.9040527344,26128.0,291.6846629710066,111000,,44.12370858327941,17.856,18.8125,17.3202,13.5159,12.2417,134.8800048828125,-0.7647,MARA,86.35614011932924,463.0,446.745361328125
2024-02-06,17.059999465942383,16.65999984741211,17.5,16.399999618530273,17.059999465942383,39214200,445743.73789122555,0,0.07184508294911396,445743.6660461426,26128.0,301.57093503714015,111000,,48.958330021966276,17.646,18.3665,17.462,13.542,12.2828,134.8800048828125,-0.7092,MARA,86.93663913946754,463.0,448.1370544433594
2024-02-07,17.540000915527344,16.850000381469727,17.600000381469727,16.139999389648438,17.540000915527344,53166200,458285.2157659814,0,0.07184508294911396,458285.14392089844,26128.0,312.8695637531364,111000,,58.26771687330667,17.608,17.957,17.6005,13.5757,12.3255,134.8800048828125,-0.439,MARA,88.47228900442039,463.0,451.8186340332031
2024-02-08,21.579999923706055,18.65999984741211,21.6200008392334,18.260000228881836,21.579999923706055,106855900,563842.3098516747,0,0.07184508294911396,563842.2380065918,26128.0,407.96604491141863,111000,,71.17326334291207,18.204,17.7545,17.8,13.6534,12.3877,134.8800048828125,1.208,MARA,88.59992674042299,463.0,452.1246337890625
2024-02-09,23.889999389648438,23.68000030517578,24.360000610351562,22.5,23.889999389648438,117143200,624197.9758978173,0,0.07184508294911396,624197.9040527344,26128.0,462.3405188268625,111000,,74.76189289890432,19.342,17.829,18.0452,13.7585,12.4576,134.8800048828125,2.9536,MARA,89.6703423403491,463.0,454.69085693359375
2024-02-12,27.280000686645508,23.600000381469727,27.549999237060547,23.600000381469727,27.280000686645508,102363900,712771.9297857567,0,0.07184508294911396,712771.8579406738,26128.0,542.136873680862,111000,,81.75098449626441,21.47,18.244,18.347,13.8938,12.5417,134.8800048828125,4.9268,MARA,89.58389695636646,463.0,454.4836120605469
2024-02-13,25.719999313354492,24.399999618530273,26.399999618530273,24.100000381469727,25.719999313354492,77122100,672012.2139044091,0,0.07184508294911396,672012.1420593262,26128.0,505.41640892289104,111000,,76.93953002700493,23.202,18.641,18.605,14.0168,12.6217,134.8800048828125,5.3215,MARA,86.9119313658981,463.0,448.0778198242188
2024-02-14,29.40999984741211,29.030000686645508,29.729999542236328,28.110000610351562,29.40999984741211,79211200,768424.5478582665,0,0.07184508294911396,768424.4760131836,26128.0,592.2743674398798,111000,,80.19300504623303,25.576,19.2485,18.9325,14.164,12.7182,134.8800048828125,6.2896,MARA,88.69049645136928,463.0,452.3417663574219
2024-02-15,27.020000457763672,30.0,30.450000762939453,26.15999984741211,27.020000457763672,97860300,705978.6438055321,0,0.07184508294911396,705978.5719604492,26128.0,536.0167962212001,111000,,70.31457216540977,26.664,19.796,19.2162,14.3013,12.8042,134.8800048828125,5.7741,MARA,89.9667847055659,463.0,455.4015502929688
2024-02-16,26.940000534057617,28.059999465942383,28.639999389648438,26.25,26.940000534057617,58168600,703888.4057989403,0,0.07184508294911396,703888.3339538574,26128.0,534.1336989179642,111000,,69.15377174630743,27.274,20.3365,19.4878,14.4378,12.8901,134.8800048828125,5.0536,MARA,88.99514928230082,463.0,453.0721435546875
2024-02-20,24.510000228881836,26.950000762939453,27.399999618530273,22.889999389648438,24.510000228881836,72618000,640397.3578253075,0,0.07184508294911396,640397.2859802246,26128.0,476.93455659937615,111000,,63.3333293596913,26.72,20.7315,19.7245,14.5536,12.9668,134.8800048828125,3.6217,MARA,87.95767738046733,463.0,450.58489990234375
2024-02-21,22.899999618530273,22.90999984741211,23.940000534057617,22.760000228881836,22.899999618530273,44857500,598331.2618780419,0,0.07184508294911396,598331.190032959,26128.0,439.0371728631008,111000,,60.2457372127723,26.156,21.071,19.9242,14.6304,13.0365,134.8800048828125,2.0517,MARA,88.1470399974789,463.0,451.0388793945313
2024-02-22,24.559999465942383,23.260000228881836,25.110000610351562,22.670000076293945,24.559999465942383,53000400,641703.7378912255,0,0.07184508294911396,641703.6660461426,26128.0,478.1114755776806,111000,,61.45272503045013,25.186,21.5165,20.1433,14.7228,13.1159,134.8800048828125,1.354,MARA,92.09940543970332,463.0,460.5143127441406
2024-02-23,23.989999771118164,23.6299991607666,24.6299991607666,23.049999237060547,23.989999771118164,42059100,626810.7858648583,0,0.07184508294911396,626810.7140197754,26128.0,464.69440168005247,111000,,61.05383361353656,24.58,21.9025,20.3552,14.818,13.1936,134.8800048828125,0.6335,MARA,92.18585082368594,463.0,460.7215576171875
2024-02-26,29.190000534057617,24.40999984741211,29.81999969482422,24.40999984741211,29.190000534057617,106547600,762676.4057989403,0,0.07184508294911396,762676.3339538574,26128.0,587.0958610801265,111000,,71.03586921152852,25.03,22.4695,20.6353,14.9613,13.2873,134.8800048828125,1.4558,MARA,91.48185112391292,463.0,459.0337829589844
2024-02-27,30.309999465942383,31.739999771118164,32.869998931884766,28.219999313354492,30.309999465942383,116889400,791939.7378912255,0,0.07184508294911396,791939.6660461426,26128.0,613.4592233254284,111000,,71.69996540158589,26.19,23.059,20.9338,15.1138,13.3839,134.8800048828125,2.0629,MARA,91.83590677257916,463.0,459.8825988769531
2024-02-28,31.030000686645508,32.29999923706055,34.09000015258789,29.469999313354492,31.030000686645508,179649700,810751.9297857567,0,0.07184508294911396,810751.8579406738,26128.0,630.4071439511322,111000,,71.92069992560907,27.816,23.705,21.2515,15.2719,13.4837,134.8800048828125,2.3885,MARA,91.53946440736236,463.0,459.1719055175781
2024-02-29,25.899999618530273,29.770000457763672,30.709999084472656,25.059999465942383,25.899999618530273,133154400,676715.2618780419,0,0.07184508294911396,676715.190032959,26128.0,509.653389079317,111000,,56.779659596386885,28.084,24.1135,21.4548,15.3848,13.5598,134.8800048828125,1.122,MARA,92.2476011635033,463.0,460.8695983886719
2024-03-01,27.0,26.530000686645508,27.0,24.520000457763672,27.0,78103500,706451.2118450829,0,23.211845082949253,706428.0,26164.0,530.7600105759669,112000,Buy all cash Monthly invest,55.07340957333271,28.686,24.5335,21.6572,15.5188,13.6383,134.8800048828125,0.4624,MARA,93.25594123261318,465.0,465.3112182617188
2024-03-04,25.709999084472656,27.8700008392334,29.3799991607666,24.459999084472656,25.709999084472656,119395500,672699.6278912255,0,23.211845082949253,672676.4160461426,26164.0,500.62466776002276,112000,,47.25043550006096,27.99,24.909,21.831,15.6492,13.7127,134.8800048828125,-0.3647,MARA,93.02645776442122,465.0,464.7584838867188
2024-03-05,22.260000228881836,24.709999084472656,26.65999984741211,22.010000228881836,22.260000228881836,100790300,582433.7465335461,0,0.84054485292301,582432.9059886932,26165.0,420.03013083352334,112000,Buy all cash ,44.316690527320446,26.38,25.19,21.943,15.75,13.7685,134.8800048828125,-1.7862,MARA,91.09224358115875,465.0,460.0997314453125
2024-03-06,22.6200008392334,23.479999542236328,23.940000534057617,21.6299991607666,22.6200008392334,66880700,591853.1625033948,0,0.84054485292301,591852.3219585419,26165.0,428.4403236637453,112000,,37.47694876873305,24.698,25.468,22.0615,15.8561,13.8303,134.8800048828125,-2.5736,MARA,92.1044187324388,465.0,462.5376586914063
2024-03-07,21.799999237060547,22.0,22.940000534057617,21.450000762939453,21.799999237060547,58499200,570397.8205825421,0,0.84054485292301,570396.9800376892,26165.0,409.2837683772697,112000,,39.78073560314251,23.878,25.681,22.1452,15.9544,13.8859,134.8800048828125,-3.2149,MARA,94.00585499320712,465.0,467.1174621582031
2024-03-08,23.479999542236328,22.100000381469727,25.280000686645508,22.020000457763672,23.479999542236328,94062000,614355.0285674664,0,0.84054485292301,614354.1880226135,26165.0,448.5312755066665,112000,,43.62564417806537,23.174,25.776,22.2923,16.0684,13.9512,134.8800048828125,-3.0758,MARA,92.82976488896782,465.0,464.2847290039063
2024-03-11,20.639999389648438,24.670000076293945,24.889999389648438,20.600000381469727,20.639999389648438,82992200,540046.4245750043,0,0.84054485292301,540045.5840301514,26165.0,382.1843076562538,112000,,42.97640627473971,22.16,25.6135,22.3882,16.1588,14.0075,134.8800048828125,-3.6302,MARA,92.66994242497852,465.0,463.8997802734375
2024-03-12,20.190000534057617,20.889999389648438,20.950000762939453,19.25,20.190000534057617,65064400,528272.2045184704,0,0.84054485292301,528271.3639736176,26165.0,371.6716111772057,112000,,44.86548170629552,21.746,25.259,22.4453,16.2474,14.0617,134.8800048828125,-3.9696,MARA,94.73118847949164,465.0,468.864501953125
2024-03-13,19.700000762939453,20.06999969482422,21.3799991607666,19.6299991607666,19.700000762939453,49994400,515451.36050716374,0,0.84054485292301,515450.5199623108,26165.0,360.22442902425337,112000,,40.36479361575249,21.162,24.958,22.4767,16.3342,14.1106,134.8800048828125,-4.1625,MARA,94.43613649606706,465.0,468.1538391113281
2024-03-14,18.229999542236328,19.200000762939453,19.200000762939453,17.520000457763672,18.229999542236328,61409600,476988.7785674665,0,0.84054485292301,476987.9380226135,26165.0,325.8828380066665,112000,,38.97396783576943,20.448,24.399,22.4757,16.4098,14.154,134.8800048828125,-4.5303,MARA,94.0099474821772,465.0,467.1273193359375
2024-03-15,19.31999969482422,17.770000457763672,19.84000015258789,17.479999542236328,19.31999969482422,57929200,505508.63255992864,0,0.84054485292301,505507.7920150757,26165.0,351.3469933570791,112000,,27.57837567932492,19.616,24.014,22.4663,16.4985,14.1981,134.8800048828125,-4.2502,MARA,92.67404758419308,465.0,463.90966796875
2024-03-18,19.40999984741211,18.979999542236328,20.110000610351562,18.209999084472656,19.40999984741211,51913100,507863.4865523908,0,0.84054485292301,507862.64600753784,26165.0,353.4495415646346,112000,,24.02288635959694,19.37,23.6375,22.4237,16.5889,14.2439,134.8800048828125,-3.8442,MARA,93.87881045171194,465.0,466.81146240234375
2024-03-19,19.31999969482422,18.3799991607666,19.43000030517578,17.399999618530273,19.31999969482422,47831700,505508.63255992864,0,0.84054485292301,505507.7920150757,26165.0,351.3469933570791,112000,,21.228504724271957,19.196,23.378,22.3773,16.6812,14.2889,134.8800048828125,-3.4221,MARA,94.96477710689815,465.0,469.4271240234375
2024-03-20,22.43000030517578,19.559999465942383,22.43000030517578,19.020000457763672,22.43000030517578,74376900,586881.7985297772,0,0.84054485292301,586880.9579849243,26165.0,424.0016058301582,112000,,40.53464646577111,19.742,23.3545,22.3382,16.8013,14.3493,134.8800048828125,-2.0346,MARA,96.66538999250956,465.0,473.5232238769531
2024-03-21,21.780000686645508,22.399999618530273,23.079999923706055,21.309999465942383,21.780000686645508,64872600,569874.5585109326,0,0.84054485292301,569873.7179660797,26165.0,408.81657009904694,112000,,35.40268891308989,20.452,23.2155,22.256,16.9114,14.4068,134.8800048828125,-1.2351,MARA,97.3210624745914,465.0,475.10247802734375
2024-03-22,20.8700008392334,21.170000076293945,21.559999465942383,20.600000381469727,20.8700008392334,37345200,546064.4125033948,0,0.84054485292301,546063.5719585419,26165.0,387.55751116374535,112000,,36.17143509222466,20.762,23.0595,22.1545,17.0145,14.4559,134.8800048828125,-0.9201,MARA,97.0632863504546,465.0,474.4815979003906
2024-03-25,20.950000762939453,21.229999542236328,22.520000457763672,20.709999084472656,20.950000762939453,64877100,548157.6105071637,0,0.84054485292301,548156.7699623108,26165.0,389.4264379528247,112000,,45.36447561894665,21.07,22.6475,21.9858,17.118,14.5005,134.8800048828125,-0.629,MARA,96.5535117336682,465.0,473.2537536621094
2024-03-26,20.3799991607666,20.75,21.489999771118164,19.81999969482422,20.3799991607666,42142100,533243.518586311,0,0.84054485292301,533242.6780414581,26165.0,376.1102844520634,112000,,42.189675527367115,21.282,22.151,21.857,17.227,14.544,134.8800048828125,-0.562,MARA,96.00263484375816,465.0,471.9269104003906
2024-03-27,22.06999969482422,21.049999237060547,22.579999923706055,20.0,22.06999969482422,58349700,577462.3825599286,0,0.84054485292301,577461.5420150757,26165.0,415.59141299993627,112000,,50.88757530012833,21.21,21.703,21.8333,17.3481,14.588,134.8800048828125,0.0421,MARA,97.71283910444804,465.0,476.0461120605469
2024-03-28,22.579999923706055,22.440000534057617,24.649999618530273,22.190000534057617,22.579999923706055,86137100,590806.5385486218,0,0.84054485292301,590805.6980037689,26165.0,427.5058379898409,112000,,46.79487379780343,21.37,21.537,21.8275,17.4744,14.6322,134.8800048828125,0.5951,MARA,97.68818280867168,465.0,475.9867248535156
2024-04-01,21.6299991607666,22.020000457763672,22.5,21.06999969482422,21.6299991607666,37253800,566944.7936865041,0,0.8856836506830632,566943.9080028534,26211.0,401.72105635973816,113000,Buy all cash Monthly invest,54.074071980962316,21.522,21.2685,21.7973,17.5873,14.6746,134.8800048828125,0.6515,MARA,96.56276580749784,467.0,475.3628845214844
2024-04-02,19.729999542236328,20.420000076293945,20.56999969482422,19.459999084472656,19.729999542236328,35079600,517143.9036852071,0,0.8856836506830632,517143.0180015564,26211.0,357.6494722877939,113000,,48.30882040480938,21.278,20.9695,21.6883,17.6821,14.7081,134.8800048828125,0.108,MARA,95.27779136664466,467.0,472.2536315917969
2024-04-03,19.43000030517578,19.649999618530273,20.31999969482422,19.420000076293945,19.43000030517578,31025500,509280.6236826131,0,0.8856836506830632,509279.7379989624,26211.0,350.69081741824164,113000,,48.9932871587255,21.088,20.828,21.6102,17.7735,14.7447,134.8800048828125,-0.3138,MARA,95.4537684422721,467.0,472.679443359375
2024-04-04,18.469999313354492,20.020000457763672,20.459999084472656,18.329999923706055,18.469999313354492,56690100,484118.03768598527,0,0.8856836506830632,484117.1520023346,26211.0,328.423042199987,113000,,50.930231423427294,20.368,20.6205,21.485,17.8616,14.782,134.8800048828125,-0.8422,MARA,93.04753764404028,467.0,466.8570861816406
2024-04-05,18.43000030517578,18.100000381469727,19.260000228881836,18.06999969482422,18.43000030517578,31518200,483069.6236826131,0,0.8856836506830632,483068.7379989624,26211.0,327.49524219700277,113000,,46.24472903904736,19.538,20.452,21.3633,17.9503,14.8215,134.8800048828125,-1.1307,MARA,95.09774057243146,467.0,471.8179626464844
2024-04-08,17.950000762939453,19.43000030517578,19.729999542236328,17.610000610351562,17.950000762939453,44457600,470488.3556810567,0,0.8856836506830632,470487.469997406,26211.0,316.36137670889974,113000,,44.035952270165296,18.802,20.1755,21.2353,18.0357,14.8593,134.8800048828125,-1.3895,MARA,95.17549436525329,467.0,472.006103515625
2024-04-09,17.979999542236328,17.829999923706055,18.549999237060547,17.6200008392334,17.979999542236328,34671800,471274.6536852071,0,0.8856836506830632,471273.7680015564,26211.0,317.0572156506258,113000,,44.49917849337627,18.452,20.0425,21.1617,18.118,14.8967,134.8800048828125,-1.4526,MARA,95.41692840515408,467.0,472.5903015136719
2024-04-10,17.3799991607666,17.299999237060547,18.06999969482422,17.110000610351562,17.3799991607666,34618400,455548.04368650407,0,0.8856836506830632,455547.1580028534,26211.0,303.1398616694727,113000,,23.88830866305119,18.042,19.902,21.135,18.1924,14.9297,134.8800048828125,-1.5904,MARA,93.52633200525604,467.0,468.015625
2024-04-11,17.600000381469727,17.280000686645508,17.829999923706055,17.049999237060547,17.600000381469727,30602000,461314.4956823537,0,0.8856836506830632,461313.609998703,26211.0,308.24291653305636,113000,,27.380954838368737,17.868,19.797,21.132,18.2746,14.9612,134.8800048828125,-1.4976,MARA,94.92177610893587,467.0,471.3921813964844
2024-04-12,16.110000610351562,17.450000762939453,17.469999313354492,15.800000190734863,16.110000610351562,39034000,422260.1116815755,0,0.8856836506830632,422259.2259979248,26211.0,273.6815147624562,113000,,25.763750243031524,17.404,19.691,21.1128,18.3446,14.9863,134.8800048828125,-1.8355,MARA,92.26592599723614,467.0,464.9658203125
2024-04-15,15.149999618530273,16.170000076293945,16.350000381469727,15.109999656677246,15.149999618530273,33790100,397097.5256849477,0,0.8856836506830632,397096.640001297,26211.0,251.4137395442015,113000,,22.897197677741232,16.844,19.4825,21.0975,18.4062,15.0129,134.8800048828125,-2.2669,MARA,89.8269541047358,467.0,459.0642395019531
2024-04-16,14.600000381469727,14.819999694824219,14.989999771118164,14.229999542236328,14.600000381469727,35943500,382681.4956823537,0,0.8856836506830632,382680.609998703,26211.0,238.65619086933955,113000,,22.940081394493262,16.168,19.242,21.072,18.4549,15.0339,134.8800048828125,-2.6028,MARA,89.48729678202945,467.0,458.2423706054688
2024-04-17,14.630000114440918,14.579999923706055,15.130000114440918,14.180000305175781,14.630000114440918,37799800,383467.8186832616,0,0.8856836506830632,383466.9329996109,26211.0,239.3520519320899,113000,,8.758314914483861,15.618,19.0075,21.039,18.4955,15.0551,134.8800048828125,-2.6509,MARA,88.345570934667,467.0,455.479736328125
2024-04-18,15.029999732971191,14.609999656677246,15.819999694824219,14.460000038146973,15.029999732971191,39146100,393952.2086845586,0,0.8856836506830632,393951.3230009079,26211.0,248.63027317217572,113000,,7.631867967788281,15.104,18.6375,21.021,18.5418,15.0749,134.8800048828125,-2.3634,MARA,87.91590082698586,467.0,454.4400634765625
2024-04-19,16.5,15.15999984741211,16.850000381469727,15.100000381469727,16.5,49554000,432482.3856836507,0,0.8856836506830632,432481.5,26211.0,282.7277749412838,113000,,22.79957565025329,15.182,18.3735,21.0352,18.6044,15.1,134.8800048828125,-1.4567,MARA,86.34449225981047,467.0,450.6377258300781
2024-04-22,17.549999237060547,17.149999618530273,17.579999923706055,15.539999961853027,17.549999237060547,66955500,460003.91568624467,0,0.8856836506830632,460003.030002594,26211.0,307.0831112267652,113000,,37.296032580545486,15.662,18.2075,21.0565,18.6768,15.1342,134.8800048828125,-0.3491,MARA,87.96090091340731,467.0,454.5489501953125
2024-04-23,19.440000534057617,17.309999465942383,19.889999389648438,17.25,19.440000534057617,61140900,509542.7396818349,0,0.8856836506830632,509541.8539981842,26211.0,350.92277847949987,113000,,50.049165333366844,16.63,18.132,21.083,18.7651,15.1761,134.8800048828125,1.1355,MARA,90.33030428665296,467.0,460.2821960449219
2024-04-24,19.09000015258789,19.110000610351562,20.040000915527344,18.670000076293945,19.09000015258789,45467000,500368.8796831319,0,0.8856836506830632,500367.9939994812,26211.0,342.80431830365654,113000,,53.24268239471226,17.522,18.0675,21.0925,18.8507,15.2131,134.8800048828125,1.9425,MARA,90.19116724814356,467.0,459.9455261230469
2024-04-25,19.010000228881836,17.920000076293945,19.1200008392334,17.510000228881836,19.010000228881836,37047300,498272.0016828725,0,0.8856836506830632,498271.1159992218,26211.0,340.94867405563934,113000,,53.02083281593192,18.318,17.9145,21.1075,18.9348,15.2559,134.8800048828125,2.3798,MARA,89.40546927062178,467.0,458.04437255859375
2024-04-26,19.43000030517578,19.049999237060547,19.809999465942383,18.6200008392334,19.43000030517578,39397300,509280.6236826131,0,0.8856836506830632,509279.7379989624,26211.0,350.69081741824164,113000,,57.75681027361053,18.904,17.757,21.1358,19.0146,15.2997,134.8800048828125,2.7351,MARA,91.30016461336928,467.0,462.62896728515625
2024-04-29,18.030000686645508,18.43000030517578,18.889999389648438,17.700000762939453,18.030000686645508,40382700,472585.2336813161,0,0.8856836506830632,472584.3479976654,26211.0,318.2170209569168,113000,,50.229152778950564,19.0,17.577,21.1263,19.0864,15.3351,134.8800048828125,2.3721,MARA,91.96720765449726,467.0,464.2430114746094
2024-04-30,16.059999465942383,17.18000030517578,17.510000228881836,16.010000228881836,16.059999465942383,42087000,420949.53168546647,0,0.8856836506830632,420948.6460018158,26211.0,272.521709456165,113000,,44.625409544010196,18.324,17.3935,21.0907,19.1433,15.3635,134.8800048828125,1.366,MARA,88.93486018297314,467.0,456.9056396484375
2024-05-01,16.06999969482422,15.739999771118164,17.209999084472656,15.630000114440918,16.06999969482422,38827800,422206.74633478135,0,15.714352359484451,422191.0319824219,26272.0,270.35679503050994,114000,Buy all cash Monthly invest,43.66196982786615,17.72,17.2255,21.0812,19.2007,15.3884,134.8800048828125,0.7,MARA,87.5422744522764,469.0,455.4203186035156
2024-05-02,17.06999969482422,16.600000381469727,17.139999389648438,15.90999984741211,17.06999969482422,35299800,448478.74633478135,0,15.714352359484451,448463.0319824219,26272.0,293.4024090655977,114000,,54.14507311172516,17.332,17.1555,21.0813,19.2717,15.4204,134.8800048828125,0.6459,MARA,89.2898981769629,469.0,459.6682739257813
2024-05-03,17.520000457763672,17.920000076293945,18.209999084472656,17.1299991607666,17.520000457763672,38631100,460301.16637872666,0,15.714352359484451,460285.4520263672,26272.0,303.77295296379526,114000,,60.70460928735642,16.95,17.11,21.081,19.3408,15.4552,134.8800048828125,0.7828,MARA,91.63635958346984,469.0,465.371826171875
2024-05-06,20.670000076293945,18.440000534057617,21.030000686645508,18.229999542236328,20.670000076293945,87046900,543057.9563567541,0,15.714352359484451,543042.2420043945,26272.0,376.3666283831176,114000,,72.20189763720421,17.478,17.246,21.0658,19.4329,15.501,134.8800048828125,2.0017,MARA,93.56727431842738,469.0,470.0653076171875
2024-05-07,20.209999084472656,20.09000015258789,20.68000030517578,19.700000762939453,20.209999084472656,88992700,530972.8102996252,0,15.714352359484451,530957.0959472656,26272.0,365.7656230698466,114000,,69.78722583983348,18.308,17.3575,21.0045,19.5248,15.5464,134.8800048828125,2.5157,MARA,93.84428869274204,469.0,470.7386474609375
2024-05-08,20.09000015258789,19.59000015258789,20.280000686645508,18.770000457763672,20.09000015258789,39681100,527820.1983611486,0,15.714352359484451,527804.4840087891,26272.0,363.00017400100757,114000,,68.30679986913547,19.112,17.493,20.8847,19.6158,15.5908,134.8800048828125,2.6838,MARA,93.85243691287124,469.0,470.7584533691406
2024-05-09,19.649999618530273,19.709999084472656,20.65999984741211,19.479999542236328,19.649999618530273,45293500,516260.5043303868,0,15.714352359484451,516244.78997802734,26272.0,352.8600915178831,114000,,62.314303844000094,19.628,17.5955,20.7835,19.6942,15.6347,134.8800048828125,2.5149,MARA,94.96456224267524,469.0,473.4617004394531
2024-05-10,17.15999984741211,19.780000686645508,19.81999969482422,17.09000015258789,17.15999984741211,56095700,450843.2303435704,0,15.714352359484451,450827.51599121094,26272.0,295.4765178452372,114000,,48.62965812492796,19.556,17.648,20.5793,19.7559,15.669,134.8800048828125,1.4405,MARA,95.20489079385057,469.0,474.0458679199219
2024-05-13,17.260000228881836,17.65999984741211,18.40999984741211,17.0,17.260000228881836,31441600,453470.44036554307,0,15.714352359484451,453454.7260131836,26272.0,297.7810880399501,114000,,41.23794261518911,18.874,17.7535,20.4167,19.8164,15.7017,134.8800048828125,0.7354,MARA,95.21711940156368,469.0,474.0755920410156
2024-05-14,18.06999969482422,16.899999618530273,18.229999542236328,16.799999237060547,18.06999969482422,30169200,474750.74633478135,0,15.714352359484451,474735.0319824219,26272.0,316.44802310068536,114000,,46.04651032126844,18.446,17.927,20.2688,19.8783,15.7362,134.8800048828125,0.5479,MARA,96.14186077847395,469.0,476.3233642578125
2024-05-15,20.200000762939453,18.8700008392334,20.229999542236328,17.979999542236328,20.200000762939453,53512000,530710.1343963048,0,15.714352359484451,530694.4200439453,26272.0,365.53520561079375,114000,,53.979934185639465,18.468,18.2055,20.197,19.9607,15.7787,134.8800048828125,1.1515,MARA,98.52905073058815,469.0,482.12591552734375
2024-05-16,19.649999618530273,19.850000381469727,20.440000534057617,19.329999923706055,19.649999618530273,32569100,516260.5043303868,0,15.714352359484451,516244.78997802734,26272.0,352.8600915178831,114000,,50.72944051331444,18.468,18.4365,20.1428,20.0335,15.8188,134.8800048828125,1.283,MARA,98.15018988217804,469.0,481.20501708984375
2024-05-17,19.450000762939453,20.190000534057617,20.8799991607666,19.260000228881836,19.450000762939453,48373500,511006.1343963048,0,15.714352359484451,510990.4200439453,26272.0,348.25099508447795,114000,,55.11527295348612,18.926,18.584,20.0577,20.1005,15.8615,134.8800048828125,1.2333,MARA,98.44350069675112,469.0,481.91796875
2024-05-20,22.31999969482422,19.68000030517578,22.81999969482422,18.8700008392334,22.31999969482422,66423200,586406.7463347814,0,15.714352359484451,586391.0319824219,26272.0,414.39188274980825,114000,,71.17726636690236,19.938,18.8225,20.0298,20.1925,15.9125,134.8800048828125,2.0962,MARA,98.63903286977404,469.0,482.3932495117188
2024-05-21,21.350000381469727,22.229999542236328,22.549999237060547,21.1200008392334,21.350000381469727,45259500,560922.9243743322,0,15.714352359484451,560907.2100219727,26272.0,392.03765295994054,114000,,66.77255642764987,20.594,18.918,19.8992,20.2672,15.9617,134.8800048828125,2.1844,MARA,99.1726973455998,469.0,483.6904296875
2024-05-22,21.239999771118164,21.5,22.860000610351562,20.899999618530273,21.239999771118164,47596700,558032.9883391759,0,15.714352359484451,558017.2739868164,26272.0,389.5026213501543,114000,,64.04040393661336,20.802,19.0255,19.748,20.3409,16.0103,134.8800048828125,2.0729,MARA,98.59421138154414,469.0,482.2843017578125
2024-05-23,20.079999923706055,21.459999084472656,21.59000015258789,19.84000015258789,20.079999923706055,43108400,527557.472347965,0,15.714352359484451,527541.7579956055,26272.0,362.7697125859342,114000,,58.22621964591223,20.888,19.079,19.5655,20.4085,16.0549,134.8800048828125,1.5059,MARA,97.11954675366586,469.0,478.6998291015625
2024-05-24,21.209999084472656,20.260000228881836,21.729999542236328,19.860000610351562,21.209999084472656,46579800,557244.8102996252,0,15.714352359484451,557229.0959472656,26272.0,388.8112371049344,114000,,51.99408806401142,21.24,19.168,19.4873,20.4711,16.1044,134.8800048828125,1.4162,MARA,98.4597971370095,469.0,481.9575805664063
2024-05-28,20.729999542236328,21.149999618530273,22.270000457763672,20.149999618530273,20.729999542236328,49579900,544634.2623259923,0,15.714352359484451,544618.5479736328,26272.0,377.7493529175372,114000,,51.91740616293149,20.922,19.303,19.3828,20.52,16.1505,134.8800048828125,1.1113,MARA,98.6186560419317,469.0,482.3437194824219
2024-05-29,20.239999771118164,20.350000381469727,21.100000381469727,20.110000610351562,20.239999771118164,31746400,531760.9883391759,0,15.714352359484451,531745.2739868164,26272.0,366.4570073150666,114000,,50.53840500998791,20.7,19.512,19.2917,20.5613,16.1944,134.8800048828125,0.685,MARA,97.22138067272252,469.0,478.9473571777344
2024-05-30,20.040000915527344,20.540000915527344,21.18000030517578,19.760000228881836,20.040000915527344,47554300,526506.6184050939,0,15.714352359484451,526490.9040527344,26272.0,361.84791088166133,114000,,51.424402448707426,20.46,19.7105,19.2547,20.5988,16.2389,134.8800048828125,0.2963,MARA,95.897439284676,469.0,475.729248046875
2024-05-31,19.520000457763672,20.34000015258789,20.649999618530273,18.899999618530273,19.520000457763672,39494900,512845.16637872666,0,15.714352359484451,512829.4520263672,26272.0,349.86418103397074,114000,,60.06826421796898,20.348,19.833,19.203,20.6322,16.2787,134.8800048828125,-0.1509,MARA,97.60024152113265,469.0,479.8682556152344
2024-06-03,19.579999923706055,20.209999084472656,21.389999389648438,19.1200008392334,19.579999923706055,47885300,515416.4794479844,0,12.141456269930814,515404.3379917145,26323.0,348.18824299824735,115000,Buy all cash Monthly invest,59.93150852705937,20.022,19.936,19.166,20.6556,16.3114,134.8800048828125,-0.4269,MARA,96.96139796905518,471.0,480.39306640625
2024-06-04,20.520000457763672,19.600000381469727,21.309999465942383,19.56999969482422,20.520000457763672,62277800,540160.113505983,0,12.141456269930814,540147.9720497131,26323.0,369.70444652694175,115000,,60.37257099666658,19.98,19.9285,19.1167,20.7045,16.346,134.8800048828125,-0.2995,MARA,97.20066514912482,471.0,480.9772644042969
2024-06-05,21.06999969482422,20.93000030517578,21.149999618530273,19.40999984741211,21.06999969482422,62964700,554637.7434231278,0,12.141456269930814,554625.6019668579,26323.0,382.29368993315467,115000,,54.25219596887385,20.146,19.9715,19.1238,20.756,16.3845,134.8800048828125,-0.052,MARA,99.55690254403822,471.0,486.7302856445313
2024-06-06,20.799999237060547,20.93000030517578,22.049999237060547,20.579999923706055,20.799999237060547,57567500,547530.5213734147,0,12.141456269930814,547518.3799171448,26323.0,376.1134968464475,115000,,55.77889543564535,20.298,20.007,19.134,20.7897,16.4182,134.8800048828125,-0.0025,MARA,99.51230633140236,471.0,486.6213989257813
2024-06-07,19.270000457763672,20.770000457763672,21.440000534057617,19.059999465942383,19.270000457763672,59027900,507256.3635059831,0,12.141456269930814,507244.22204971313,26323.0,341.0924900052027,115000,,49.20212595067338,20.248,19.988,19.1268,20.8017,16.4494,134.8800048828125,-0.4753,MARA,99.25275337411632,471.0,485.9876708984375
2024-06-10,19.459999084472656,19.170000076293945,19.920000076293945,18.780000686645508,19.459999084472656,37683300,512257.6973568437,0,12.141456269930814,512245.55590057373,26323.0,345.44147596247274,115000,,33.372079148807444,20.224,20.103,19.1473,20.8115,16.4747,134.8800048828125,-0.7073,MARA,99.9056854234115,471.0,487.5818786621094
2024-06-11,19.829999923706055,18.850000381469727,19.8799991607666,17.600000381469727,19.829999923706055,44635800,521997.2294479844,0,12.141456269930814,521985.0879917145,26323.0,353.9106343025952,115000,,40.49999260902052,20.086,20.2315,19.1558,20.8111,16.5025,134.8800048828125,-0.7162,MARA,100.35989684919274,471.0,488.6908874511719
2024-06-12,20.309999465942383,20.309999465942383,21.0,19.969999313354492,20.309999465942383,52223000,534632.2573982712,0,12.141456269930814,534620.1159420013,26323.0,364.89761512893153,115000,,44.44443938045998,19.934,20.3435,19.1708,20.7972,16.5296,134.8800048828125,-0.5478,MARA,102.0267052943354,471.0,492.7605895996094
2024-06-13,20.0,20.34000015258789,21.079999923706055,19.360000610351562,20.0,40912400,526472.1414562699,0,12.141456269930814,526460.0,26323.0,357.80186213588684,115000,,49.46808524129626,19.774,20.3335,19.1822,20.7797,16.5552,134.8800048828125,-0.5278,MARA,102.4079229191656,471.0,493.6913757324219
2024-06-14,19.469999313354492,20.0,20.360000610351562,18.950000762939453,19.469999313354492,36095200,512520.93338170025,0,12.141456269930814,512508.7919254303,26323.0,345.67037685365244,115000,,37.42774052657735,19.814,20.3245,19.1328,20.7355,16.5725,134.8800048828125,-0.6709,MARA,102.57013414326543,471.0,494.0874328613281
2024-06-17,20.020000457763672,19.15999984741211,20.530000686645508,18.479999542236328,20.020000457763672,43085300,526998.613505983,0,12.141456269930814,526986.4720497131,26323.0,358.25966391824613,115000,,44.92132116268079,19.926,20.353,19.1035,20.6797,16.591,134.8800048828125,-0.5623,MARA,104.17611025463604,471.0,498.0086059570313
2024-06-18,20.280000686645508,19.479999542236328,20.389999389648438,19.149999618530273,20.280000686645508,36053200,533842.5995308396,0,12.141456269930814,533830.4580745697,26323.0,364.2109561137736,115000,,50.29586483327907,20.016,20.251,19.0937,20.6241,16.6117,134.8800048828125,-0.3932,MARA,104.71955160250457,471.0,499.3354797363281
2024-06-20,20.65999984741211,20.670000076293945,21.3700008392334,20.079999923706055,20.65999984741211,50043000,543845.3174396988,0,12.141456269930814,543833.175983429,26323.0,372.90897168669466,115000,,54.46685197817378,20.086,20.2165,19.0888,20.5373,16.6325,134.8800048828125,-0.1566,MARA,104.1517748213395,471.0,497.9491882324219
2024-06-21,19.209999084472656,19.93000030517578,19.979999542236328,18.579999923706055,19.209999084472656,67042600,505676.9473568437,0,12.141456269930814,505664.80590057373,26323.0,339.719084658125,115000,,48.030486560582204,19.928,20.115,19.0693,20.4632,16.642,134.8800048828125,-0.4719,MARA,103.7056877055956,471.0,496.8600158691406
2024-06-24,18.690000534057617,18.469999313354492,19.149999618530273,18.3700008392334,18.690000534057617,33442800,491989.0255142686,0,12.141456269930814,491976.88405799866,26323.0,327.81654392545096,115000,,44.657865536697805,19.772,20.0455,19.013,20.4232,16.6475,134.8800048828125,-0.8226,MARA,103.15819670164692,471.0,495.5232543945313
2024-06-25,19.25,18.989999771118164,19.81999969482422,18.549999237060547,19.25,40559500,506729.89145626995,0,12.141456269930814,506717.75,26323.0,340.63468822284347,115000,,42.0125726712104,19.618,19.9475,18.9575,20.3925,16.6574,134.8800048828125,-0.8277,MARA,104.00173756335715,471.0,497.5828552246094
2024-06-26,19.3700008392334,19.09000015258789,20.270000457763672,19.030000686645508,19.3700008392334,38602800,509888.6735474107,0,12.141456269930814,509876.53209114075,26323.0,343.381455258618,115000,,38.696813940895005,19.436,19.8795,18.9198,20.3586,16.6577,134.8800048828125,-0.7543,MARA,104.2288432762478,471.0,498.1373596191406
2024-06-27,19.65999984741211,19.700000762939453,20.229999542236328,19.280000686645508,19.65999984741211,34565000,517522.3174396989,0,12.141456269930814,517510.17598342896,26323.0,350.01940646930336,115000,,42.44031944307422,19.236,19.8505,18.9187,20.3035,16.6643,134.8800048828125,-0.5783,MARA,104.54516641228716,471.0,498.9096984863281
2024-06-28,19.850000381469727,19.850000381469727,20.809999465942383,19.469999313354492,19.850000381469727,49591000,522523.70149769756,0,12.141456269930814,522511.5600414276,26323.0,354.3684360849544,115000,,54.677419602933014,19.364,19.841,18.9257,20.2679,16.6751,134.8800048828125,-0.3783,MARA,103.75723332804804,471.0,496.9858703613281
2024-07-01,22.559999465942383,20.329999923706055,22.84000015258789,20.31999969482422,22.559999465942383,74453700,594854.0441983888,0,14.538279885958787,594839.5059185028,26367.0,412.8052105158524,116000,Buy all cash Monthly invest,67.7752329448131,20.138,19.993,18.9938,20.2394,16.6991,134.8800048828125,0.6341,MARA,103.32249306376228,473.0,498.128662109375
2024-07-02,22.1200008392334,22.479999542236328,22.979999542236328,21.540000915527344,22.1200008392334,47465100,583252.600407953,0,14.538279885958787,583238.062128067,26367.0,402.80396586892505,116000,,63.02617560198677,20.712,20.12,19.0553,20.2093,16.718,134.8800048828125,1.0795,MARA,104.63937123127644,473.0,501.3582153320313
2024-07-03,20.979999542236328,21.5,21.579999923706055,20.639999389648438,20.979999542236328,30989000,553194.1862100313,0,14.538279885958787,553179.6479301453,26367.0,376.89153983623385,116000,,53.54497437794693,21.034,20.143,19.1058,20.1706,16.7343,134.8800048828125,0.935,MARA,105.563211800082,473.0,503.6238708496094
2024-07-05,20.170000076293945,19.649999618530273,20.239999771118164,19.420000076293945,20.170000076293945,40044600,531836.9302915285,0,14.538279885958787,531822.3920116425,26367.0,358.4801123202832,116000,,50.854271838425504,21.136,20.098,19.1423,20.152,16.748,134.8800048828125,0.535,MARA,106.79095498834808,473.0,506.63482666015625
2024-07-08,19.5,20.56999969482422,21.049999237060547,19.209999084472656,19.5,41156600,514171.03827988595,0,14.538279885958787,514156.5,26367.0,343.25089506886724,116000,,50.14866547008401,21.066,20.033,19.1777,20.1563,16.7608,134.8800048828125,0.0375,MARA,106.98949590610636,473.0,507.1217346191406
2024-07-09,19.030000686645508,19.709999084472656,19.850000381469727,18.850000381469727,19.030000686645508,38784300,501778.56638466805,0,14.538279885958787,501764.0281047821,26367.0,332.56772964195517,116000,,45.05494442677674,20.36,20.021,19.2015,20.1668,16.7727,134.8800048828125,-0.4351,MARA,107.21642114435394,473.0,507.6782531738281
2024-07-10,18.889999389648438,19.209999084472656,19.309999465942383,18.780000686645508,18.889999389648438,27531600,498087.1521867463,0,14.538279885958787,498072.61390686035,26367.0,329.38547602305715,116000,,42.97269135060567,19.714,19.9925,19.2478,20.1803,16.7813,134.8800048828125,-0.7636,MARA,109.20998101458056,473.0,512.5673217773438
2024-07-11,19.020000457763672,19.520000457763672,19.889999389648438,18.84000015258789,19.020000457763672,40818900,501514.8903497407,0,14.538279885958787,501500.35206985474,26367.0,332.34042271529376,116000,,41.49377856076686,19.322,19.952,19.3123,20.2049,16.794,134.8800048828125,-0.8963,MARA,107.4190187427258,473.0,508.1751098632813
2024-07-12,20.770000457763672,19.15999984741211,20.920000076293945,19.1200008392334,20.770000457763672,53885700,547657.1403497407,0,14.538279885958787,547642.6020698547,26367.0,372.1182244394317,116000,,57.84709048701103,19.442,19.975,19.4152,20.2436,16.811,134.8800048828125,-0.3743,MARA,108.69942411613462,473.0,511.3152160644531
2024-07-15,24.579999923706055,21.90999984741211,24.979999542236328,21.559999465942383,24.579999923706055,96172800,648115.3962682436,0,14.538279885958787,648100.8579883575,26367.0,458.7201691967617,116000,,72.26001358066874,20.458,20.204,19.581,20.31,16.841,134.8800048828125,1.1627,MARA,109.3315072197092,473.0,512.8653564453125
2024-07-16,26.719999313354492,24.25,26.790000915527344,24.18000030517578,26.719999313354492,67641700,704540.7601751039,0,14.538279885958787,704526.2218952179,26367.0,507.36272428888265,116000,,75.21944491130056,21.996,20.5665,19.7758,20.3984,16.8822,134.8800048828125,2.6579,MARA,110.51874582086762,473.0,515.7769775390625
2024-07-17,25.549999237060547,25.799999237060547,27.299999237060547,24.309999465942383,25.549999237060547,62374800,673691.3681634614,0,14.538279885958787,673676.8298835754,26367.0,480.7684208305703,116000,,69.48297258264286,23.328,20.843,19.9267,20.4809,16.92,134.8800048828125,3.0406,MARA,107.5810868663788,473.0,508.5725708007813
2024-07-18,23.649999618530273,25.989999771118164,26.170000076293945,23.360000610351562,23.649999618530273,44289800,623594.0782216737,0,14.538279885958787,623579.5399417877,26367.0,437.58110191523593,116000,,61.41957621048133,24.254,21.0115,20.0283,20.5424,16.9496,134.8800048828125,2.5328,MARA,106.02108162577402,473.0,504.7467651367188
2024-07-19,24.729999542236328,23.709999084472656,25.5,23.3799991607666,24.729999542236328,61002900,652070.4362100313,0,14.538279885958787,652055.8979301453,26367.0,462.129686387958,116000,,63.28975900191223,25.046,21.215,20.1165,20.5997,16.9867,134.8800048828125,2.3551,MARA,104.64747214869794,473.0,501.3780822753906
2024-07-22,23.950000762939453,25.030000686645508,25.559999465942383,23.299999237060547,23.950000762939453,48793600,631504.2083963106,0,14.538279885958787,631489.6701164246,26367.0,444.40017965199183,116000,,54.23007131023487,24.92,21.452,20.1975,20.645,17.0237,134.8800048828125,1.8613,MARA,106.77070891669702,473.0,506.5851745605469
2024-07-23,21.649999618530273,23.5,23.56999969482422,21.5,21.649999618530273,54378400,570860.0782216737,0,14.538279885958787,570845.5399417877,26367.0,392.1207570876498,116000,,48.715141615154,23.906,21.6,20.2415,20.6745,17.0484,134.8800048828125,0.7747,MARA,106.42627682251766,473.0,505.740478515625
2024-07-24,20.670000076293945,22.030000686645508,22.59000015258789,20.610000610351562,20.670000076293945,36964200,545020.4302915285,0,14.538279885958787,545005.8920116425,26367.0,369.8451985271797,116000,,49.14506486405906,22.93,21.671,20.2622,20.699,17.0699,134.8800048828125,-0.2612,MARA,101.70575651359556,473.0,494.1637268066406
2024-07-25,20.280000686645508,20.25,21.270000457763672,19.90999984741211,20.280000686645508,37320600,534737.3163846681,0,14.538279885958787,534722.7781047821,26367.0,360.9804451591966,116000,,50.31056074544917,22.256,21.7165,20.2997,20.713,17.0938,134.8800048828125,-1.0481,MARA,100.6887242849284,473.0,491.6695251464844
2024-07-26,21.56999969482422,21.56999969482422,22.139999389648438,20.829999923706055,21.56999969482422,43781900,568750.7202333162,0,14.538279885958787,568736.1819534302,26367.0,390.3023450287209,116000,,55.64648095700005,21.624,21.812,20.3915,20.7411,17.1216,134.8800048828125,-1.1481,MARA,102.9375563824752,473.0,497.18463134765625
2024-07-29,20.450000762939453,22.530000686645508,22.899999618530273,20.420000076293945,20.450000762939453,45269200,539219.7083963106,0,14.538279885958787,539205.1701164246,26367.0,364.84457620371603,116000,,53.740780435303634,20.924,21.842,20.4645,20.7728,17.1444,134.8800048828125,-1.508,MARA,103.08747935189872,473.0,497.5523071289063
2024-07-30,19.729999542236328,20.59000015258789,20.959999084472656,19.6200008392334,19.729999542236328,27107900,520235.4362100312,0,14.538279885958787,520220.89793014526,26367.0,348.4788243189924,116000,,52.147239921865,20.54,21.7005,20.5088,20.7951,17.1685,134.8800048828125,-1.8978,MARA,102.02586096789918,473.0,494.9487609863281
2024-07-31,19.670000076293945,20.260000228881836,20.670000076293945,19.579999923706055,19.670000076293945,31839900,518653.4302915284,0,14.538279885958787,518638.89201164246,26367.0,347.11502611338653,116000,,51.667521173384685,20.34,21.578,20.5447,20.8128,17.1942,134.8800048828125,-2.0892,MARA,105.20664699547866,473.0,502.7494201660156
2024-08-01,18.139999389648438,19.719999313354492,19.979999542236328,17.850000381469727,18.139999389648438,38813800,479306.91368691414,0,11.849813623141586,479295.063873291,26422.0,309.66402879223426,117000,Buy all cash Monthly invest,43.175917160676974,19.912,21.436,20.5025,20.7842,17.2188,134.8800048828125,-2.5908,MARA,101.53125328644325,475.0,495.8927917480469
2024-08-02,17.190000534057617,17.709999084472656,18.469999313354492,17.09000015258789,17.190000534057617,38866900,454206.0439244935,0,11.849813623141586,454194.19411087036,26422.0,288.2102939525586,117000,,27.483238341691887,19.036,21.287,20.4522,20.7283,17.2434,134.8800048828125,-3.0966,MARA,97.85197125289788,475.0,486.83013916015625
2024-08-05,16.950000762939453,13.930000305175781,16.950000762939453,13.65999984741211,16.950000762939453,45550600,447864.76997200935,0,11.849813623141586,447852.92015838623,26422.0,282.79040168547806,117000,,16.333559735190022,18.336,21.1595,20.3998,20.6422,17.268,134.8800048828125,-3.3586,MARA,91.91750670858532,475.0,472.2126159667969
2024-08-06,17.25,17.3799991607666,17.579999923706055,16.059999465942383,17.25,29049100,455791.3498136231,0,11.849813623141586,455779.5,26422.0,289.5652562509599,117000,,19.574772984886906,17.84,21.0705,20.3598,20.5717,17.2943,134.8800048828125,-3.2688,MARA,93.82976945397796,475.0,476.9228210449219
2024-08-07,15.84000015258789,17.739999771118164,17.799999237060547,15.739999771118164,15.84000015258789,28804000,418536.33384530037,0,11.849813623141586,418524.48403167725,26422.0,257.7233622609405,117000,,20.304175064200805,17.074,20.918,20.3378,20.4586,17.3113,134.8800048828125,-3.5202,MARA,92.48633871479524,475.0,473.6137390136719
2024-08-08,17.389999389648438,16.549999237060547,17.670000076293945,16.100000381469727,17.389999389648438,34023100,459490.41368691414,0,11.849813623141586,459478.563873291,26422.0,292.7268493050548,117000,,23.05432164463366,16.924,20.8365,20.34,20.3783,17.3398,134.8800048828125,-2.9748,MARA,96.97249442852052,475.0,484.6638488769531
2024-08-09,17.030000686645508,17.389999389648438,17.459999084472656,16.709999084472656,17.030000686645508,22114100,449978.5279561707,0,11.849813623141586,449966.6781425476,26422.0,284.59703244117156,117000,,23.78786865125403,16.892,20.6495,20.3227,20.2957,17.3668,134.8800048828125,-2.5841,MARA,97.81565729118414,475.0,486.7406921386719
2024-08-12,15.109999656677246,16.030000686645508,16.200000762939453,15.0,15.109999656677246,52147500,399248.2607423493,0,11.849813623141586,399236.4109287262,26422.0,241.23782969431568,117000,,24.492969773496313,16.524,20.176,20.2378,20.2174,17.3855,134.8800048828125,-2.858,MARA,97.91652114731228,475.0,486.9891357421875
2024-08-13,15.489999771118164,15.010000228881836,15.979999542236328,14.75,15.489999771118164,41943400,409288.62376610725,0,11.849813623141586,409276.77395248413,26422.0,249.8193365522284,117000,,28.805228259924576,16.172,19.6145,20.1685,20.1557,17.393,134.8800048828125,-2.738,MARA,101.20043817497324,475.0,495.0779418945313
2024-08-14,15.140000343322754,15.779999732971191,15.800000190734863,14.90999984741211,15.140000343322754,29611400,400040.9388848969,0,11.849813623141586,400029.0890712738,26422.0,241.91533238025377,117000,,28.899826655144267,16.032,19.094,20.0967,20.0772,17.4,134.8800048828125,-2.6258,MARA,101.84189810461062,475.0,496.657958984375
2024-08-15,15.460000038146973,15.199999809265137,16.280000686645508,15.1899995803833,15.460000038146973,34757600,408495.97082154243,0,11.849813623141586,408484.1210079193,26422.0,249.1418554030277,117000,,22.747539183394196,15.646,18.6845,19.9823,20.0061,17.412,134.8800048828125,-2.2712,MARA,105.30333353671864,475.0,505.18402099609375
2024-08-16,16.239999771118164,15.569999694824219,16.489999771118164,15.390000343322754,16.239999771118164,36335500,429105.12376610725,0,11.849813623141586,429093.27395248413,26422.0,266.7565160394079,117000,,30.634764745940913,15.488,18.26,19.8972,19.8982,17.4297,134.8800048828125,-1.5951,MARA,105.73501250431684,475.0,506.247314453125
2024-08-19,16.440000534057617,16.389999389648438,16.799999237060547,15.960000038146973,16.440000534057617,25446300,434389.5439244935,0,11.849813623141586,434377.69411087036,26422.0,271.273114465379,117000,,34.10627971249336,15.754,17.8845,19.8172,19.7826,17.4482,134.8800048828125,-0.958,MARA,107.71180036489372,475.0,511.116455078125
2024-08-20,16.420000076293945,16.84000015258789,17.1200008392334,16.030000686645508,16.420000076293945,34991500,433861.09182946174,0,11.849813623141586,433849.2420158386,26422.0,270.821446008087,117000,,34.238599565472214,15.94,17.623,19.7562,19.6608,17.4664,134.8800048828125,-0.4577,MARA,107.3688929891342,475.0,510.2718200683594
2024-08-21,17.6299991607666,16.549999237060547,17.649999618530273,16.399999618530273,17.6299991607666,38065400,465831.68763939827,0,11.849813623141586,465819.83782577515,26422.0,298.1467415721353,117000,,47.447445268713835,16.438,17.471,19.6965,19.5919,17.4883,134.8800048828125,0.3973,MARA,108.09508549610368,475.0,512.060546875
2024-08-22,16.860000610351562,17.610000610351562,17.729999542236328,16.75,16.860000610351562,30867700,445486.7859403321,0,11.849813623141586,445474.936126709,26422.0,280.75793670113853,117000,,48.31804245670501,16.718,17.3,19.632,19.5074,17.5131,134.8800048828125,0.685,MARA,106.41277400605291,475.0,507.916748046875
2024-08-23,18.690000534057617,17.15999984741211,18.729999542236328,16.81999969482422,18.690000534057617,46172400,493839.0439244935,0,11.849813623141586,493827.19411087036,26422.0,322.0846529269175,117000,,57.631580752569775,17.208,17.156,19.6062,19.4489,17.549,134.8800048828125,1.5726,MARA,108.6437224297809,475.0,513.4119262695312
2024-08-26,18.559999465942383,18.56999969482422,18.84000015258789,17.829999923706055,18.559999465942383,29703600,490404.15570275276,0,11.849813623141586,490392.30588912964,26422.0,319.14885102799377,117000,,55.83259012394033,17.632,17.0615,19.5815,19.4181,17.584,134.8800048828125,2.051,MARA,108.13138706820236,475.0,512.1499633789062
2024-08-27,17.75,18.079999923706055,18.170000076293945,17.1299991607666,17.75,33185200,469002.3498136231,0,11.849813623141586,468990.5,26422.0,300.8567092424129,117000,,58.98400912943777,17.898,16.9625,19.552,19.3775,17.6168,134.8800048828125,1.997,MARA,108.40975693916258,475.0,512.8356323242188
2024-08-28,17.1299991607666,17.209999084472656,17.549999237060547,16.700000762939453,17.1299991607666,24596600,452620.68763939827,0,11.849813623141586,452608.83782577515,26422.0,286.85528858068227,117000,,48.65979247651159,17.798,16.8355,19.5112,19.3386,17.6465,134.8800048828125,1.6784,MARA,107.21962290700276,475.0,509.9041442871094
2024-08-29,16.989999771118164,17.549999237060547,18.450000762939453,16.860000610351562,16.989999771118164,41675100,448921.62376610725,0,11.849813623141586,448909.77395248413,26422.0,283.6936955265874,117000,,49.78902469694683,17.824,16.778,19.4523,19.2845,17.6765,134.8800048828125,1.3814,MARA,107.251910243825,475.0,509.9836730957031
2024-08-30,16.700000762939453,17.229999542236328,17.280000686645508,16.489999771118164,16.700000762939453,31089300,441259.26997200935,0,11.849813623141586,441247.42015838623,26422.0,277.1446751897516,117000,,60.1273987801955,17.426,16.7535,19.3795,19.2517,17.7053,134.8800048828125,1.0542,MARA,109.20046217170128,475.0,514.7832641601562
2024-09-03,15.260000228881836,16.5,16.520000457763672,15.029999732971191,15.260000228881836,30074500,404206.6163610646,0,14.990298671435767,404191.6260623932,26487.0,242.54797996700387,118000,Buy all cash Monthly invest,48.709317646404024,16.766,16.669,19.2872,19.2106,17.729,134.8800048828125,0.2911,MARA,104.07864649646568,477.0,504.3691711425781
2024-09-04,14.880000114440918,14.930000305175781,15.449999809265137,14.720000267028809,14.880000114440918,24013000,394141.47892986744,0,0.035898556422646166,394141.44303131104,26488.0,234.01820248293853,118000,Buy all cash ,48.54585979406606,16.192,16.5505,19.214,19.1704,17.7523,134.8800048828125,-0.3242,MARA,103.57249867862768,477.0,503.1170654296875
2024-09-05,13.84000015258789,14.84000015258789,15.09000015258789,13.739999771118164,13.84000015258789,31903200,366593.95994030446,0,0.035898556422646166,366593.92404174805,26488.0,210.67284740703766,118000,,41.61490646438238,15.534,16.4505,19.1203,19.1338,17.7718,134.8800048828125,-1.0765,MARA,103.0703848449578,477.0,501.87493896484375
2024-09-06,13.369999885559082,14.300000190734863,14.359999656677246,13.170000076293945,13.369999885559082,29409800,354144.5928672454,0,0.035898556422646166,354144.55696868896,26488.0,200.12253632817405,118000,,34.65240608984837,14.81,16.2495,19.0127,19.0842,17.7914,134.8800048828125,-1.6685,MARA,99.69212665383291,477.0,493.517822265625
2024-09-09,14.619999885559082,13.800000190734863,14.75,13.670000076293945,14.619999885559082,30047100,387254.5928672454,0,0.035898556422646166,387254.55696868896,26488.0,228.18185836207238,118000,,41.24999575889973,14.394,16.129,18.9178,19.0443,17.8166,134.8800048828125,-1.4294,MARA,101.93761248333172,477.0,499.07269287109375
2024-09-10,15.9399995803833,14.75,15.960000038146973,14.359999656677246,15.9399995803833,35512300,422218.7447837493,0,0.035898556422646166,422218.7088851929,26488.0,257.8124955794486,118000,,47.94871546159842,14.53,16.1705,18.8502,19.0162,17.8487,134.8800048828125,-0.6279,MARA,102.76911901202448,477.0,501.1296691894531
2024-09-11,15.789999961853027,15.4399995803833,16.200000762939453,14.880000114440918,15.789999961853027,35427800,418245.5548881194,0,0.035898556422646166,418245.518989563,26488.0,254.44538549840624,118000,,41.35338595214222,14.712,16.1855,18.7888,18.9608,17.8811,134.8800048828125,-0.1047,MARA,104.8418713665332,477.0,506.2572326660156
2024-09-12,15.800000190734863,15.8100004196167,16.049999237060547,15.380000114440918,15.800000190734863,27260800,418510.44095074147,0,0.035898556422646166,418510.40505218506,26488.0,254.66986521249277,118000,,44.63562546893411,15.104,16.2185,18.7185,18.911,17.9112,134.8800048828125,0.2813,MARA,106.6013052809764,477.0,510.6097106933594
2024-09-13,16.1200008392334,15.850000381469727,16.719999313354492,15.65999984741211,16.1200008392334,34828700,426986.61812817067,0,0.035898556422646166,426986.58222961426,26488.0,261.8530662103141,118000,,34.64755413895752,15.654,16.2515,18.6492,18.8714,17.943,134.8800048828125,0.6856,MARA,107.6979198212058,477.0,513.322509765625
2024-09-16,15.869999885559082,15.699999809265137,16.209999084472656,15.359999656677246,15.869999885559082,23786900,420364.5928672454,0,0.035898556422646166,420364.55696868896,26488.0,256.2411803959706,118000,,34.15783656809374,15.904,16.233,18.5693,18.8291,17.9735,134.8800048828125,0.849,MARA,108.01123826127136,477.0,514.0975952148438
2024-09-17,15.869999885559082,16.229999542236328,16.59000015258789,15.5600004196167,15.869999885559082,33344300,420364.5928672454,0,0.035898556422646166,420364.55696868896,26488.0,256.2411803959706,118000,,37.76041792783245,15.89,16.2045,18.5137,18.7915,18.0093,134.8800048828125,0.9512,MARA,108.10765911832908,477.0,514.3361206054688
2024-09-18,15.34000015258789,15.829999923706055,16.579999923706055,15.170000076293945,15.34000015258789,35338500,406325.95994030446,0,0.035898556422646166,406325.92404174805,26488.0,244.34403384771565,118000,,38.20817541374889,15.8,16.1505,18.4578,18.7354,18.0418,134.8800048828125,0.7936,MARA,107.43281180966916,477.0,512.6666870117188
2024-09-19,15.449999809265137,16.3799991607666,16.510000228881836,15.430000305175781,15.449999809265137,42715700,409239.63084637135,0,0.035898556422646166,409239.59494781494,26488.0,246.8132464799757,118000,,39.81481563243678,15.73,16.0415,18.3945,18.676,18.0752,134.8800048828125,0.7366,MARA,111.04807582292722,477.0,521.610107421875
2024-09-20,15.539999961853027,15.420000076293945,15.609999656677246,14.970000267028809,15.539999961853027,30712900,411623.5548881194,0,0.035898556422646166,411623.518989563,26488.0,248.8335210916266,118000,,42.11956144984899,15.614,15.9755,18.3307,18.6252,18.1063,134.8800048828125,0.7366,MARA,110.6343395506649,477.0,520.5866088867188
2024-09-23,16.06999969482422,15.550000190734863,16.299999237060547,15.359999656677246,16.06999969482422,24601500,425662.1878150603,0,0.035898556422646166,425662.1519165039,26488.0,260.73066763988163,118000,,56.27906488473997,15.654,15.8445,18.2708,18.5947,18.1384,134.8800048828125,0.9497,MARA,111.152490630263,477.0,521.868408203125
2024-09-24,16.40999984741211,16.1299991607666,16.549999237060547,15.619999885559082,16.40999984741211,36047300,434668.11185680836,0,0.035898556422646166,434668.07595825195,26488.0,268.3628066583122,118000,,61.93447380468247,15.762,15.737,18.2135,18.5696,18.1715,134.8800048828125,1.2054,MARA,111.7590686166408,477.0,523.3689575195312
2024-09-25,16.139999389648438,16.350000381469727,16.860000610351562,16.020000457763672,16.139999389648438,32695400,427516.3397315642,0,0.035898556422646166,427516.3038330078,26488.0,262.30198282335954,118000,,70.39005946935815,15.922,15.6565,18.1065,18.5502,18.2059,134.8800048828125,1.2258,MARA,111.32924575307815,477.0,522.3056640625
2024-09-26,17.520000457763672,16.700000762939453,18.25,16.5,17.520000457763672,60450700,464069.80802380055,0,0.035898556422646166,464069.77212524414,26488.0,293.2794983252547,118000,,81.67938353347141,16.336,15.676,18.0298,18.5426,18.2465,134.8800048828125,1.7527,MARA,112.16880791376408,477.0,524.382568359375
2024-09-27,17.290000915527344,17.920000076293945,17.920000076293945,16.850000381469727,17.290000915527344,41237600,457977.5801490447,0,0.035898556422646166,457977.5442504883,26488.0,288.116593346648,118000,,74.14105097637768,16.686,15.691,17.9683,18.5371,18.2864,134.8800048828125,1.9201,MARA,111.89439829958904,477.0,523.7037353515625
2024-09-30,16.219999313354492,16.610000610351562,16.709999084472656,16.079999923706055,16.219999313354492,30746400,429635.3777106902,0,0.035898556422646166,429635.3418121338,26488.0,264.0977777209239,118000,,52.6515108412648,16.716,15.667,17.9025,18.5224,18.3202,134.8800048828125,1.5248,MARA,112.81713208492734,477.0,525.9863891601562
2024-10-01,15.069999694824219,16.1299991607666,16.190000534057617,14.670000076293945,15.069999694824219,36592300,400169.214715161,0,0.44281879873244634,400168.7718963623,26554.0,236.27665102114372,119000,Buy all cash Monthly invest,44.26751703590901,16.448,15.6575,17.8287,18.5032,18.3478,134.8800048828125,0.7614,MARA,109.894882340311,479.0,521.0721435546875
2024-10-02,15.210000038146973,15.020000457763672,15.529999732971191,14.850000381469727,15.210000038146973,26569600,403886.7838317534,0,0.44281879873244634,403886.3410129547,26554.0,239.40065868214572,119000,,45.39781735168513,16.262,15.674,17.765,18.4832,18.3789,134.8800048828125,0.31,MARA,109.93099720129447,479.0,521.161865234375
2024-10-03,15.470000267028809,15.039999961853027,15.479999542236328,14.789999961853027,15.470000267028809,26987000,410790.8299094817,0,0.44281879873244634,410790.387090683,26554.0,245.2023780751947,119000,,44.88188787168687,15.852,15.7555,17.708,18.4779,18.4112,134.8800048828125,0.1272,MARA,109.53378286634177,479.0,520.175048828125
2024-10-04,16.309999465942383,15.8100004196167,16.639999389648438,15.550000190734863,16.309999465942383,32244300,433096.16863743274,0,0.44281879873244634,433095.72581863403,26554.0,263.94636019952327,119000,,53.17002511570856,15.656,15.9025,17.6628,18.4876,18.4469,134.8800048828125,0.3566,MARA,111.46374138295153,479.0,524.9697265625
2024-10-07,15.989999771118164,16.43000030517578,16.719999313354492,15.520000457763672,15.989999771118164,30754000,424598.89674107044,0,0.44281879873244634,424598.4539222717,26554.0,256.80579558073146,119000,,50.82644535821433,15.61,15.971,17.5832,18.4992,18.477,134.8800048828125,0.3675,MARA,109.56183944541873,479.0,520.2447509765625
2024-10-08,15.829999923706055,15.75,16.3700008392334,15.649999618530273,15.829999923706055,25109200,420350.2607928893,0,0.44281879873244634,420349.8179740906,26554.0,253.23551327133552,119000,,53.55587575383858,15.762,15.9655,17.4373,18.5092,18.5023,134.8800048828125,0.3042,MARA,111.54395568302702,479.0,525.1690063476562
2024-10-09,15.4399995803833,15.779999732971191,16.149999618530273,15.350000381469727,15.4399995803833,26085300,409994.1916762969,0,0.44281879873244634,409993.74885749817,26554.0,244.5329341817621,119000,,49.93026341621209,15.808,15.948,17.2493,18.5126,18.5272,134.8800048828125,0.1043,MARA,112.98842728270202,479.0,528.757568359375
2024-10-10,15.229999542236328,15.390000343322754,15.5,15.0600004196167,15.229999542236328,20941200,404417.85066334216,0,0.44281879873244634,404417.40784454346,26554.0,239.84693333053963,119000,,47.87379739279376,15.76,15.9195,17.0773,18.502,18.5532,134.8800048828125,-0.1003,MARA,112.63133238175338,479.0,527.8704223632812
2024-10-11,16.079999923706055,15.430000305175781,16.229999542236328,15.3100004196167,16.079999923706055,36454600,426988.7607928893,0,0.44281879873244634,426988.3179740906,26554.0,258.81408469990697,119000,,50.065704504424126,15.714,15.9175,16.9512,18.4897,18.5833,134.8800048828125,0.1314,MARA,113.89522967651114,479.0,531.0103759765625
2024-10-14,16.979999542236328,16.790000915527344,17.959999084472656,16.34000015258789,16.979999542236328,65860600,450887.35066334216,0,0.44281879873244634,450886.90784454346,26554.0,278.89693333053964,119000,,53.4883693784006,15.912,15.973,16.822,18.4692,18.6172,134.8800048828125,0.6421,MARA,115.6446138882036,479.0,535.3564453125
2024-10-15,16.920000076293945,17.049999237060547,17.940000534057617,16.6299991607666,16.920000076293945,50534300,449294.12484470813,0,0.44281879873244634,449293.6820259094,26554.0,277.55808810479675,119000,,54.899501190056,16.13,16.0255,16.7048,18.4512,18.651,134.8800048828125,0.912,MARA,114.00354969152886,479.0,531.2794799804688
2024-10-16,18.079999923706055,17.5,18.190000534057617,16.959999084472656,18.079999923706055,53156500,480096.7607928893,0,0.44281879873244634,480096.3179740906,26554.0,303.4426561284784,119000,,53.61756771642309,16.658,16.1625,16.6453,18.4434,18.6891,134.8800048828125,1.4925,MARA,114.90231837136407,479.0,533.5123291015625
2024-10-17,18.010000228881836,17.969999313354492,18.489999771118164,17.100000381469727,18.010000228881836,43533700,478237.988896527,0,0.44281879873244634,478237.5460777283,26554.0,301.88066293825796,119000,,54.74933588787205,17.214,16.2905,16.601,18.4316,18.7231,134.8800048828125,1.7454,MARA,114.93442865932693,479.0,533.5921020507812
2024-10-18,18.8799991607666,18.3700008392334,19.100000381469727,18.260000228881836,18.8799991607666,47505600,501339.94053379504,0,0.44281879873244634,501339.49771499634,26554.0,321.294067675458,119000,,68.02168589006018,17.774,16.4575,16.5777,18.4387,18.7625,134.8800048828125,2.1337,MARA,115.7609676171952,479.0,535.6455078125
2024-10-21,18.709999084472656,18.700000762939453,18.770000457763672,17.860000610351562,18.709999084472656,42646400,496825.7585078856,0,0.44281879873244634,496825.3156890869,26554.0,317.5006374015846,119000,,78.43750540167287,18.12,16.5895,16.53,18.4607,18.802,134.8800048828125,2.1835,MARA,115.42794929023552,479.0,534.8181762695312
2024-10-22,18.969999313354492,18.34000015258789,19.139999389648438,18.110000610351562,18.969999313354492,32373000,503729.8045856139,0,0.44281879873244634,503729.3617668152,26554.0,323.30235679463357,119000,,78.83436089828547,18.53,16.7175,16.5053,18.4849,18.8428,134.8800048828125,2.1766,MARA,115.27948527328108,479.0,534.4493408203125
2024-10-23,18.06999969482422,18.600000381469727,18.75,17.329999923706055,18.06999969482422,44412100,479831.214715161,0,0.44281879873244634,479830.7718963623,26554.0,303.21950816400084,119000,,68.15642822712003,18.528,16.814,16.4777,18.4932,18.8825,134.8800048828125,1.7093,MARA,113.3174410366411,479.0,529.574951171875
2024-10-24,18.219999313354492,18.479999542236328,18.989999771118164,17.729999542236328,18.219999313354492,48745900,483814.3045856139,0,0.44281879873244634,483813.8617668152,26554.0,306.56664250891924,119000,,64.76043750526952,18.57,16.849,16.4535,18.4991,18.9199,134.8800048828125,1.3616,MARA,113.7988988126226,479.0,530.7710571289062
2024-10-25,17.059999465942383,18.200000762939453,18.31999969482422,16.950000762939453,17.059999465942383,56106500,453011.66863743274,0,0.44281879873244634,453011.22581863403,26554.0,280.6820744852376,119000,,57.31874180700861,18.206,16.8375,16.4355,18.469,18.951,134.8800048828125,0.6308,MARA,113.71465537159384,479.0,530.561767578125
2024-10-28,18.940000534057617,17.719999313354492,19.190000534057617,17.6200008392334,18.940000534057617,60624100,502933.2170001647,0,0.44281879873244634,502932.77418136597,26554.0,322.63295546232325,119000,,67.220382230183,18.252,16.9735,16.4647,18.4584,18.9916,134.8800048828125,0.7973,MARA,114.38071659344588,479.0,532.2164916992188
2024-10-29,18.940000534057617,19.389999389648438,19.940000534057617,18.709999084472656,18.940000534057617,65540400,502933.2170001647,0,0.44281879873244634,502932.77418136597,26554.0,322.63295546232325,119000,,70.2546388151036,18.246,17.167,16.4978,18.4488,19.0323,134.8800048828125,0.8295,MARA,114.72176863437942,479.0,533.0637817382812
2024-10-30,18.280000686645508,18.350000381469727,19.1200008392334,18.010000228881836,18.280000686645508,33488500,485407.5810519835,0,0.44281879873244634,485407.1382331848,26554.0,307.9055302957845,119000,,66.77668720126854,18.288,17.3205,16.515,18.4374,19.0658,134.8800048828125,0.5422,MARA,114.07575484556314,479.0,531.4588623046875
2024-10-31,16.770000457763672,18.149999618530273,18.239999771118164,16.450000762939453,16.770000457763672,39713000,445311.03497425525,0,0.44281879873244634,445310.59215545654,26554.0,274.21095375987835,119000,,53.53846496943253,17.998,17.3855,16.5305,18.4342,19.095,134.8800048828125,-0.2315,MARA,109.86680119330146,479.0,521.0023803710938
2024-11-01,16.110000610351562,16.93000030517578,17.3700008392334,16.100000381469727,16.110000610351562,32711000,428780.48547588795,0,12.819231381130066,428767.66624450684,26615.0,257.3170712299066,120000,Buy all cash Monthly invest,45.425872316323904,17.808,17.3755,16.5092,18.4246,19.1205,134.8800048828125,-0.9722,MARA,109.8501008826574,481.0,523.26513671875
2024-11-04,15.5,15.869999885559082,15.9399995803833,15.3100004196167,15.5,29692100,412545.3192313811,0,12.819231381130066,412532.5,26615.0,243.78776602615093,120000,,42.942345170587316,17.12,17.351,16.4837,18.4032,19.1407,134.8800048828125,-1.6404,MARA,109.39461290658316,481.0,522.1287841796875
2024-11-05,16.239999771118164,15.960000038146973,16.360000610351562,15.699999809265137,16.239999771118164,32554800,432240.41313969105,0,12.819231381130066,432227.59390830994,26615.0,260.2003442830759,120000,,40.45643013959261,16.58,17.3715,16.5025,18.3702,19.1655,134.8800048828125,-1.7264,MARA,111.91178458830518,481.0,528.4086303710938
2024-11-06,19.31999969482422,17.610000610351562,19.600000381469727,17.239999771118164,19.31999969482422,85571500,514214.6111091277,0,12.819231381130066,514201.7918777466,26615.0,328.5121759242731,120000,,55.1778636578907,16.788,17.5655,16.5663,18.3674,19.2005,134.8800048828125,-0.5659,MARA,117.18590868295036,481.0,541.5665283203125
2024-11-07,19.309999465942383,18.899999618530273,19.549999237060547,18.75,19.309999465942383,49751200,513948.45501743763,0,12.819231381130066,513935.6357860565,26615.0,328.29037918119803,120000,,51.82358045710358,17.296,17.7695,16.6358,18.3662,19.2334,134.8800048828125,0.1592,MARA,118.87604357064563,481.0,545.7830810546875
2024-11-08,19.25,19.110000610351562,19.43000030517578,18.56999969482422,19.25,47164400,512351.5692313811,0,12.819231381130066,512338.75,26615.0,326.9596410261509,120000,,52.31164769442708,17.924,17.928,16.699,18.3407,19.2666,134.8800048828125,0.5585,MARA,119.84297080656688,481.0,548.1953735351562
2024-11-11,25.010000228881836,22.299999237060547,25.469999313354492,21.799999237060547,25.010000228881836,125540700,665653.9753230712,0,12.819231381130066,665641.1560916901,26615.0,454.71164610255937,120000,,67.57858209614724,19.826,18.3295,16.8452,18.3712,19.3192,134.8800048828125,2.7343,MARA,120.0227635413488,481.0,548.6439208984375
2024-11-12,25.229999542236328,24.100000381469727,25.3799991607666,23.459999084472656,25.229999542236328,87663900,671509.257048001,0,12.819231381130066,671496.4378166199,26615.0,459.5910475400009,120000,,71.69696923458216,21.624,18.745,16.9917,18.4044,19.3727,134.8800048828125,3.8824,MARA,119.36348273893992,481.0,546.9991455078125
2024-11-13,21.700000762939453,24.31999969482422,26.190000534057617,21.43000030517578,21.700000762939453,94879700,577558.3395370147,0,12.819231381130066,577545.5203056335,26615.0,381.2986162808456,120000,,58.75251910586792,22.1,18.926,17.0797,18.4179,19.4132,134.8800048828125,3.1771,MARA,119.47538530648552,481.0,547.2783203125
2024-11-14,20.790000915527344,22.479999542236328,22.899999618530273,20.18000030517578,20.790000915527344,46983000,553338.6935981414,0,12.819231381130066,553325.8743667603,26615.0,361.11557799845116,120000,,59.500768234977585,22.396,19.065,17.1323,18.4144,19.4427,134.8800048828125,2.2337,MARA,118.08090903898876,481.0,543.7993774414062
2024-11-15,21.06999969482422,21.270000457763672,21.299999237060547,20.010000228881836,21.06999969482422,42768800,560790.8611091278,0,12.819231381130066,560778.0418777466,26615.0,367.32571759093975,120000,,55.90682066085252,22.76,19.1745,17.2025,18.4172,19.4686,134.8800048828125,1.5662,MARA,115.26805427214306,481.0,536.7818603515625
2024-11-18,18.110000610351562,19.829999923706055,21.15999984741211,17.719999313354492,18.110000610351562,122312700,482010.48547588795,0,12.819231381130066,481997.66624450684,26615.0,301.67540456323997,120000,,48.02286783325426,21.38,19.1445,17.1928,18.3995,19.4804,134.8800048828125,0.0841,MARA,116.15906684538528,481.0,539.0047607421875
2024-11-19,19.860000610351562,18.299999237060547,20.649999618530273,18.270000457763672,19.860000610351562,88677400,528586.735475888,0,12.819231381130066,528573.9162445068,26615.0,340.4889462299066,120000,,53.5778990084636,20.306,19.189,17.2145,18.398,19.4984,134.8800048828125,-0.341,MARA,116.94620134652456,481.0,540.968505859375
2024-11-20,22.6299991607666,20.739999771118164,23.5,20.510000228881836,22.6299991607666,124501400,602310.2468951843,0,12.819231381130066,602297.4276638031,26615.0,401.9252057459869,120000,,62.553556343901086,20.492,19.417,17.2958,18.4239,19.5281,134.8800048828125,0.2379,MARA,117.02610379199984,481.0,541.1678466796875
2024-11-21,24.18000030517578,25.209999084472656,25.75,22.5,24.18000030517578,166260600,643563.5273536346,0,12.819231381130066,643550.7081222534,26615.0,436.3029394613622,120000,,66.65291192282817,21.17,19.715,17.4133,18.4622,19.5589,134.8800048828125,0.9959,MARA,118.1208847266515,481.0,543.8991088867188
2024-11-22,26.030000686645508,23.639999389648438,26.709999084472656,23.110000610351562,26.030000686645508,105262400,692801.2875064514,0,12.819231381130066,692788.4682750702,26615.0,477.3344062553761,120000,,70.67138309309998,22.162,20.1635,17.564,18.5082,19.6063,134.8800048828125,1.8802,MARA,118.85204347909291,481.0,545.7232055664062
2024-11-25,26.420000076293945,27.06999969482422,28.889999389648438,24.860000610351562,26.420000076293945,123760600,703181.1212619445,0,12.819231381130066,703168.3020305634,26615.0,485.98426771828713,120000,,70.26274339960055,23.824,20.5375,17.726,18.5527,19.6544,134.8800048828125,2.3363,MARA,119.55526328703564,481.0,547.4776000976562
2024-11-26,24.969999313354492,25.100000381469727,27.90999984741211,24.649999618530273,24.969999313354492,91188100,664589.350956311,0,12.819231381130066,664576.5317249298,26615.0,453.82445913025913,120000,,62.02639546854811,24.846,20.839,17.8878,18.5875,19.6886,134.8800048828125,1.9902,MARA,120.78589795093536,481.0,550.5477905273438
2024-11-27,26.920000076293945,26.030000686645508,27.31999969482422,25.0,26.920000076293945,87941700,716488.6212619445,0,12.819231381130066,716475.8020305634,26615.0,497.0738510516204,120000,,64.96264581318542,25.704,21.271,18.0885,18.6512,19.7265,134.8800048828125,2.1195,MARA,120.08267814299268,481.0,548.7933959960938
2024-11-29,27.420000076293945,27.520000457763672,30.280000686645508,27.139999389648438,27.420000076293945,89541900,729796.1212619445,0,12.819231381130066,729783.3020305634,26615.0,508.16343438495375,120000,,65.79049287973476,26.352,21.8035,18.3148,18.7176,19.7645,134.8800048828125,2.1158,MARA,121.24141039193472,481.0,551.6842041015625
2024-12-02,25.6299991607666,26.84000015258789,26.90999984741211,23.81999969482422,25.6299991607666,125972900,683150.2490453479,0,8.251414274883246,683141.997631073,26654.0,464.5869826821057,121000,Buy all cash Monthly invest,51.415522823475484,26.272,22.2795,18.5192,18.7659,19.7885,134.8800048828125,1.4288,MARA,120.85298475653276,483.0,553.2391967773438
2024-12-03,25.1299991607666,24.489999771118164,25.729999542236328,24.149999618530273,25.1299991607666,60750200,669823.2490453479,0,8.251414274883246,669814.997631073,26654.0,453.5729330953289,121000,,49.77457080997913,26.014,22.761,18.6943,18.8061,19.8017,134.8800048828125,0.708,MARA,120.90470872226432,483.0,553.3687744140625
2024-12-04,25.959999084472656,25.139999389648438,26.100000381469727,24.579999923706055,25.959999084472656,69104600,691946.0670118091,0,8.251414274883246,691937.8155975342,26654.0,471.85625372876785,121000,,60.93428752987576,26.212,23.247,18.8613,18.8557,19.8177,134.8800048828125,0.3517,MARA,122.2973576177802,483.0,556.8576049804688
2024-12-05,24.790000915527344,27.15999984741211,28.06999969482422,24.780000686645508,24.790000915527344,97084600,660760.9358167407,0,8.251414274883246,660752.6844024658,26654.0,446.0834180303642,121000,,60.13171335580927,25.786,23.5205,19.0113,18.9001,19.8178,134.8800048828125,-0.2781,MARA,121.92732295384684,483.0,555.9306030273438
2024-12-06,26.43000030517578,25.479999542236328,26.90999984741211,25.0,26.43000030517578,72455800,704473.4795484302,0,8.251414274883246,704465.2281341553,26654.0,482.2094872301076,121000,,62.70142416580158,25.588,23.8765,19.1885,18.9535,19.8166,134.8800048828125,-0.3165,MARA,122.3689866612332,483.0,557.0370483398438
2024-12-09,23.860000610351562,25.479999542236328,26.209999084472656,23.780000686645508,23.860000610351562,68522400,635972.7076825855,0,8.251414274883246,635964.4562683105,26654.0,425.5972790765169,121000,,63.88218313421141,25.234,24.107,19.3175,18.9833,19.8037,134.8800048828125,-1.0668,MARA,121.21108124655731,483.0,554.1362915039062
2024-12-10,22.809999465942383,24.3700008392334,24.549999237060547,22.549999237060547,22.809999465942383,43813100,607985.9771795032,0,8.251414274883246,607977.7257652283,26654.0,402.4677497351266,121000,,57.37131139891963,24.77,23.997,19.4332,19.0012,19.7693,134.8800048828125,-1.8289,MARA,120.58242675396626,483.0,552.5614013671875
2024-12-11,23.270000457763672,23.5,24.610000610351562,22.920000076293945,23.270000457763672,57624000,620246.8436155078,0,8.251414274883246,620238.5922012329,26654.0,412.600697202899,121000,,51.8079129956048,24.232,23.899,19.5565,19.0351,19.7491,134.8800048828125,-2.1621,MARA,122.2536005558613,483.0,556.7479858398438
2024-12-12,22.579999923706055,23.799999237060547,24.309999465942383,22.559999465942383,22.579999923706055,50696200,601855.5693807361,0,8.251414274883246,601847.3179664612,26654.0,397.40129700887275,121000,,45.24940562425395,23.79,23.943,19.6772,19.0675,19.7453,134.8800048828125,-2.5073,MARA,121.10765767871445,483.0,553.877197265625
2024-12-13,22.729999542236328,22.8700008392334,23.299999237060547,22.299999237060547,22.729999542236328,40491700,605853.659213042,0,8.251414274883246,605845.4077987671,26654.0,400.7055034818529,121000,,39.10171445935175,23.05,24.04,19.7985,19.0965,19.7445,134.8800048828125,-2.6143,MARA,121.0917238710892,483.0,553.8372802734375
2024-12-16,24.559999465942383,23.479999542236328,25.450000762939453,23.270000457763672,24.559999465942383,65027700,654630.4771795032,0,8.251414274883246,654622.2257652283,26654.0,441.0169232888456,121000,,44.39083110694312,23.19,24.2145,19.9488,19.1397,19.7492,134.8800048828125,-2.109,MARA,121.9591418418569,483.0,556.0103149414062
2024-12-17,24.600000381469727,25.399999618530273,25.579999923706055,24.280000686645508,24.600000381469727,62399800,655696.661581969,0,8.251414274883246,655688.4101676941,26654.0,441.89806742311487,121000,,48.78049148482734,23.548,24.539,20.091,19.1809,19.7422,134.8800048828125,-1.723,MARA,121.02806173144884,483.0,553.6777954101562
2024-12-18,21.610000610351562,24.049999237060547,24.850000381469727,21.31999969482422,21.610000610351562,54388400,576001.2076825855,0,8.251414274883246,575992.9562683105,26654.0,376.0340559360211,121000,,33.62122411768658,23.216,24.6265,20.1777,19.1956,19.7317,134.8800048828125,-2.2379,MARA,114.53832421288608,483.0,537.4198608398438
2024-12-19,20.3700008392334,22.559999465942383,22.90999984741211,19.8700008392334,20.3700008392334,47800000,542950.2537832019,0,8.251414274883246,542942.002368927,26654.0,348.71921800264624,121000,,29.203543009640725,22.774,24.5135,20.2482,19.1773,19.7084,134.8800048828125,-2.8306,MARA,114.45872826562046,483.0,537.220458984375
2024-12-20,19.959999084472656,19.8799991607666,20.68000030517578,19.75,19.959999084472656,55121700,532022.0670118091,0,8.251414274883246,532013.8155975342,26654.0,339.68765868744555,121000,,31.791909143083586,22.22,24.3025,20.2888,19.1593,19.6843,134.8800048828125,-3.2171,MARA,116.88590520300748,483.0,543.3009643554688
2024-12-23,19.25,19.979999542236328,20.06999969482422,19.020000457763672,19.25,28961000,513097.75141427486,0,8.251414274883246,513089.5,26654.0,324.0477284415495,121000,,31.36882476265417,21.158,23.9635,20.3215,19.1449,19.6577,134.8800048828125,-3.5364,MARA,118.43830635631971,483.0,547.1900024414062
2024-12-24,20.149999618530273,19.809999465942383,20.270000457763672,19.559999465942383,20.149999618530273,20546500,537086.3412465808,0,8.251414274883246,537078.0898323059,26654.0,343.87300929469495,121000,,31.67192641605591,20.268,23.65,20.387,19.1447,19.6484,134.8800048828125,-3.3259,MARA,120.68565541284735,483.0,552.8200073242188
2024-12-26,19.299999237060547,19.860000610351562,20.0,19.260000228881836,19.299999237060547,22621200,514430.4310788867,0,8.251414274883246,514422.1796646118,26654.0,325.14911659412127,121000,,32.324530710027304,19.806,23.3665,20.4575,19.1431,19.6497,134.8800048828125,-3.2904,MARA,120.68165977913092,483.0,552.8099975585938
2024-12-27,18.440000534057617,19.399999618530273,19.40999984741211,18.350000381469727,18.440000534057617,26370200,491508.0256490466,0,8.251414274883246,491499.7742347717,26654.0,306.2049798752451,121000,,22.915258515534674,19.42,22.9425,20.5113,19.1382,19.6525,134.8800048828125,-3.3724,MARA,118.39440311267948,483.0,547.0800170898438
2024-12-30,17.290000915527344,18.09000015258789,18.149999618530273,16.84000015258789,17.290000915527344,39377100,460855.9358167407,0,8.251414274883246,460847.6844024658,26654.0,280.87267422871133,121000,,25.356343614604015,18.886,22.436,20.5417,19.1248,19.6526,134.8800048828125,-3.6186,MARA,115.9634254505378,483.0,540.989990234375
2024-12-31,16.770000457763672,17.979999542236328,18.219999313354492,16.639999389648438,16.770000457763672,33064600,446995.84361550777,0,8.251414274883246,446987.5922012329,26654.0,269.41805257479984,121000,,26.406255983747002,18.39,21.993,20.5493,19.1061,19.6555,134.8800048828125,-3.7673,MARA,115.0932300270648,483.0,538.8099975585938
